-- phpMyAdmin SQL Dump
-- version 5.2.1
-- https://www.phpmyadmin.net/
--
-- Host: 127.0.0.1
-- Generation Time: May 01, 2023 at 12:33 AM
-- Server version: 10.4.28-MariaDB
-- PHP Version: 8.2.4

SET SQL_MODE = "NO_AUTO_VALUE_ON_ZERO";
START TRANSACTION;
SET time_zone = "+00:00";


/*!40101 SET @OLD_CHARACTER_SET_CLIENT=@@CHARACTER_SET_CLIENT */;
/*!40101 SET @OLD_CHARACTER_SET_RESULTS=@@CHARACTER_SET_RESULTS */;
/*!40101 SET @OLD_COLLATION_CONNECTION=@@COLLATION_CONNECTION */;
/*!40101 SET NAMES utf8mb4 */;

--
-- Database: `stax3`
--

-- --------------------------------------------------------

--
-- Table structure for table `album`
--

CREATE TABLE `album` (
  `album_id` int(11) NOT NULL,
  `album_title` varchar(255) NOT NULL,
  `genre_id` int(11) NOT NULL,
  `album_img_path` text NOT NULL
) ENGINE=InnoDB DEFAULT CHARSET=utf8 COLLATE=utf8_general_ci;

--
-- Dumping data for table `album`
--

INSERT INTO `album` (`album_id`, `album_title`, `genre_id`, `album_img_path`) VALUES
(1, 'Wasting Light', 1, 'data:image/jpeg;base64,/9j/4AAQSkZJRgABAQAAAQABAAD/2wCEAAkGBxISEhUSEhMWFRUXFRcYFRcVGBcdGBYYFRcXFxUVFxcYHSggGBolHRcXITEhJSkrLi4uFx80OTQtOCgtLisBCgoKDg0OGxAQGysmICUtLS0uLS0tLS0tLS0tLi0tLS4tLS0tLS0tLSstLS0tLS0tLS0tLS0tLS0tLSstLS0tLf/AABEIAOEA4QMBIgACEQEDEQH/xAAbAAACAwEBAQAAAAAAAAAAAAAAAQIDBQQGB//EAEEQAAEDAgMFBgMGAggHAAAAAAEAAhEDIQQSMQUTQVFhBiJxgZGhMrHwI0JSwdHhFKI0YnOCkrLS8SQzY3J0wsP/xAAaAQEAAwEBAQAAAAAAAAAAAAAAAQIDBAYF/8QANREAAQMCBAMHAwMDBQAAAAAAAQACEQMhBBIxQVFx8AUTImGBkcGhsdEUMuEjYvEGQlJysv/aAAwDAQACEQMRAD8A+NuN0EocgqyhJCYKJREwpNUQhEUSU5UmMLnBrRJNgF01dlV2tLnUyALk2/VVLgNStG0qjwS1pIHAExvf0XIUl00dn1njMyk4jgWjXw5+SpoUHvdla0l3IC9tZ5KcwQ0niJab6WN+XH0lQSV+Kwb6UCo0tnSePgVHD0HPOVjS4xMDkmYRKg03h2Qgzwgz7aquULpxGzqzBNSmQJgE8zoFWMI8v3YYS8atAuIQOBuCpNGo05S0g8IM30tG+3FVIV+KwVWkAalMsB0lQdQcHZCDmkCOMnQe6Ag3COpPaYc0g21B3091WhdNHZ1Z85abjlMGOB4hFXZ1Zpa11NwLvhHONYUZ26Sp7irGbI6OMGOGscbc7LmSXZU2VXaC51JwAEk8gilsuu4BwpOIIkEDUG9kztiZHurfpq05cjp1jKZ4TEaSuNNWUMO97srWku4gC4jWeSlisHVpxvGFkzE8Y1+YU5hMLMU3lucNMcYMe8QqZTCSFKohSAUUwURNpVigmxQQivt19EKuPD1/dChFSUihCsiAhCCERCYKSAiLs2L/AEij/aD5qGK/h4ORlQOn7xbGt9BKhgq+7qsfE5SDHOFSTJJ6qkHNPW637wdxkgEy7UTAIbcTpodOC0NuPOanwihSy9O4Dbku7adnY6Lf8sW6uEjzXE3aTYbvKIqOYAGnM4WHwhwFnQq6W0XZ3ueA8VPjabB15EEaEcFmGGAOH5B+w+q7X16Re92b95nQ+HwPbe14Lh+3NZvIJt/ojuldkdJa+VPYkZquaY3FSY1i2k8VVisaHN3bGZGZsxEkkuiAST04KrBYrd57TmpuZyjNF/LkpLSWkcf4WbK9NlamZs1sEwY/3GwMGL7gE8E6goy3dB4OYTnLSNeEBauPMHHkfiYPI1LhYYaQdDYg6FdztpE1n1MgLanxMJMEHhI42sVLmmbX/wAg/CpRrsDXB0Nk7CAJY9sx5ZhbU7BRxOGp7jeU885wwh2WLtJMW6LVxe5/jbirvN6zQtyz3Y4TGiysTjGup7tlIsGfMTmLr5S2Li2qWIx2avv8sd5rsk/hi0x05cVBY46zv8Qt24ijTjJl1ZMAxbPJAIBm42k8FbQ/pjf/ACf/AKI2aP8Ai2f2p+a52YqK2+y6VM8f3s0THulh8XlqirlmHZonziYTKYI/tj1usm1qYc0zpVzektv9NNVLE/w+U5N7mn72SNb6CVrnD0qj6LXmpvDRpluUgAwyQJiWmxv4LJq1qJBigWk6Hekx1jLdRxGMLjTcBlLGsaLzdmjv2UFjjETur069OmHSGEHLYNIBgmf3AeIA2Oi6mbRa51fehwbWickZm5TIF9RwK58Xgmta17H52EkTEFrhfKR4J1MVSdUc91EkOMhoeRB43y3kpYzGBzQxjAxgJOWSSXGxcSdbWVgCIi2nCNFlUex7T3jg4icphwdJdPANymSYNxNo25EIQtVxJJhCERSTYohWNCgon5e6FKPr6CERUFJMpKUQEICERAQhCIkmhCIhJNCItalj2WzSSQHvsbvpZQweYa6//VKiMW3IwB/fY5r8zgYzOJL5gTbueOSyy0LPuh11wXb+vq+XV/8A14uIOkLSdjAHPLahvTiWmpGfhBd3ojnzKnhcdTaGh2hbTD7G2VziSOoJaeqykJ3QhQMdUDptvba+u/QstOpimFjhn4Ohv2gzONUuDgB3TY8fwhcriDRDc4Ba6oYOa4e2mBECPunWFzKYZIkcNR+akMA0WdTFOf8AuA0y76TPHWY8vLVadXFsO8GeATUMfaDPmY0N+HiHN0dbvFUYnFgsIbZ32EEZpOSkWu4xY2tC4EIKYHXL8LR+OqOEW+dCONoBtF95uZvx1XO9zpJBNiZ081QhCsBAhcr3Fzi46lCEIUqqEIQiIQhCImFIKITahRWR9XTUc3VCqpVZCSkSkVZQkhCERJCaERCEIREIQhEQhCERCDyVuEp5nsHAuHnfRdVfZ7pJjifPXTzVSRKqXAGCs8Lf2Ns1ppueYLrjW0QCPmszAUu8JiIJ9J/b1XpcTXbh2d0MOYu4gTFjA4rN7joFhXc6zG6leUxLMriIVUSbeS7sW11QGtkhkhltJ+o9Vz08O5xDRq4gDl3jAnzWgK6WAutr+VS9pFiI8UL19PswC3LUqFxixDfh8Cbx0Xm9p7NfQflfebtcNHD9eitELrr4KtRbmeLehjnBPVtVyIQhFyIQhCIhCEIiApBRCmERSQl6IUIq0kyhSiSaEkRNJNJETQhCIhCFbSw5dpwEn64IiqVuHw5fJsANSdPDxVdSmWmHDqRx/Zex2Tgc2UkNyAcBqTeBxAE34k+CldWEwxrugdfwvI0WuDhGs28RdaVTaxBILRr8pt7rb2jst5qMe2MrSDfkNfrgsja+HYHkEDORJy6cb+yhzLSssVg30nw5pI0lXbCwu8DBAgB8nnoT84W3tDB5qZbDWufGYi9h/ss/soQC5pjiW+BIt6j+UL1FahLCXQLGJ8NT0WAY+pUyt/wviYmo4Vo4fN1w0dl0v4XdggAtIbJEmoPvdTI9l5fYjczmAxIeCfI2T2jtppaynQEFrS3Ofi7058p+7JMyF1dnsGRU4Q0Xjny8Zy+hXTlY2Gt9TxJX2uyKD21bkmTvzmfVeoWX2iwW9oOgS5vebztqPMT7KWOxoDTd4IHe3bc0cNT3SUbMqVsjnv79ppiA17xEgOGgPBTrZetqPZVmkRYgzEW+s8vMQvAJqWIPecYAkkwCCBJkCR4qKovHIQhCIhCEIiEwkpBCic9UJ5UkhEioplRRE0IQiJJoQiIQhCItTY2zhVDnHhYeOpPuPVWubTa2AWwGtLuObNy4aW81DYFfvinzPqHQCPkjaeHbS7sSMsA84+8Tz0WeYh0LnJJqFpPmFwV6prVBAALsrQOAiGgX1X0Oi0MaGgWaI/dfPtlOArUydA8a+3uvc18Y1rgCdf5Z0zcllXq1GuGX4+V6nsNlJtN73cQPT+fhdL6gAJPALxFRrnVHOdF7nlFl6rahmk8DUi3Fed2dRhjg+xnj6x4GClGo94uft8Ke1x/WY0aAEnn0F10gA9hHdi4g+A+ZNuN1rbRx5qUSxwEmLzYgGTBi1uHzXLsfAuIzuAiRlHm4EnpZaeK2I14D5ykSHNB7pg8PriusMqtYSw23EC4629l5ztAUjUpuNi4jS8aRpfgQsbalQGmynh2UG90EhoGbSc0xr1K0diYbdUg0jvG7jzK4cFSp5xkcCQIyHWARmj2MLbXDVxVSdfoPwvS9idn06LS4uk35X/xHLgpbxGdRWPt2tlBdvi0FkZGRmmSQQ7hxBVG4is4xm+g/C+1WcykzOdOcfcjrRYvafZ+7qZ2juvJPg7UjwOvqsZdGJxz6ga1ziQ0QP9R5lc67WZo8Wq8Tin0n1S6kIBvHnv6TohCEKy50ICEBETCAkFIIichCcoSEUXKKkooiEICERCEIREIQrcLQNR4YNSf3JQmFIBJgapYesWPa8QS0gidJFxK9FjcRvXMp5QN5RFRvHvOktB8wfVZdbZRFRrJs6RMixXTi8PlrsdPcYabQ7hFKBNurSsSWuIhUrYZ/egR4gD8R9SoYHZR71Wu0imy7hF3kXDW8hz+o79isfVrPrVNC2QAbCfhHkJWnt6m6qBTaGuESRIBN9QT4qPZ3Bvpte1/wh3cPMfp+6z8VQGNfsOvdfX7Fea4pvLIaJJ1MuAtJgCOAuBuSXSu+nhGhwfEEMy+I1E844eJ5rK244Oe2g343FskagC5Pp81uOdAJ6Lzexml+KNR0Q0H0ghdTKYYIC+xjXZstID9xvy3+i9Bs1gqOa6O4wPpgcHS6ASOhYY8Vp4t/AaLz3ZZ53JfwqVHOAPATAj0WxUrk6wuoVQWRuvlYbs53fMxNiDJ9zmaYI1EgDhAWBtymGtDmua0tOYuPA8p4eF/BWVtpbupDgSx0Frh92dROmqxduP3r3TUYTa2a1hw+S0NlYhzqTKhMim2sXAfey5HCPIuXz61EOMtHp1urNx1WiKr3nQSIuPCYI21zCTrbyC0cdioaAyM7zlbPM8wSvNu7OkTvcQxrtSDf3JC19nY2lWqQIMMJkgA3IBN+VvUrl7T0mvaHtF2HIT0i1vFc9OWnKLSuWvjKRrFtUh8QAJIBJE5hl5ZSORm7l5rFUsjy3MHQdW6HkQq0k12hcDiCSQIQhCFKhCElJqIgKQCiFJoREvL3Qp5ndUKEVZSKZSKlEJJoREk0IRELv2C4Cs2eMgeMWHquBDHkEEaggjxGiETqr03928P4EFevx1MVG0aogjMZHMEEOj0V2IoMq0XNcR3ALiRaC7ldX4XDZqNNwIb3J+GxmDpOn6riqVRQL3Fp74iBJykTEP0c2T7lcxouDgAbbL7PatOp+nNVg8Xh+wB33BiDfSNJCwFfJUGHcJJpgU3A6taCRJ5QPYLXw5e2zriNeS8js6u+tiqRBjvCLaAC/rcea9tXfkJEcJn8vkuynTAnKsuzcSyjhwHmIJ04GD9z9eC4dqYnK0kRdvH0Wb2YdmbVPOB1uDb290tqU31Q3I28X/DyN9FPYNLd04MSS+fENP5AJuuhuIbWxYIMgT9bfKrwrMTUp093lZuyWTInLAh3G58OC6O11dzKTYMFzi0xxESfcBauCphrbRBvbwCwO2rxFEdah9IH5oRZb4hndYR5JMkAa8hbhZceCwDH4Y1AGmoHHNmzG3KANYjT1VmwHZ6Fei2A/I6JnjFulgfRZOzNoOouzC4Nnt4OHL91219rX+xaGAxYjW8kn0A8CqtIBlfFc+i6m3aLOAFyJBkfO8+hXLs6vu3uEG7HNInzcZGkZZWtjMXmoOeAO9lJHW4dHoVgtdu3hwEjWDxabFp8pC29tva2gwNiHwW/9jQIPQ9FQ05uNl8yqz+oLXn7X+AvPIQhWW6EIQiJKTVFSaiJtU1AKxqgooyefyQr7dEkUrmcUkFClQhCSERNCSaIhCEkReiwO1KhwtRs5d21ga8GDJeMrfIAhGwab69KpTLmgCNWy6XSZJ1854LgxzDSoU6ZsXk1XDiBZtMH+YrR7GNvWPRg/wA656jjkLgd7de6+5hy52KpUXyfDB1GoLotwGWeMK/YXZ6qCHkAEnuyRIsYJAnnMdAvZUsJrnyu8vDX3WdTe4ObGk36wZj5I25i6wpuNIERAkAcfEiAOfVd+BrscwyLjb560Xne2aIo4r9PSfaBM7HhPlqrceAHBsNjd20teFn4SmN2Ij4ne4M/Nc7H1amEfVecrrAeDXSXA8f2V+xTNBh53v0Mfkr1n5o913f6eoxVfOwj1snshzsjmnVtR7R4TLfYgeSzu0VOWEZ82hAykgRIJzDnI9Fq0qZFdxjuuYP8TDHqQ7+Rc3aF9UUnbuIynPOoEXLfrgsCLL0ldk4dwM2BFr6aWkbcZXiAYBBaJ5mZH1ojDtBc0EwCQCeQOp+ai4kHXUX6gjip4ajmk8APc2aPUhUXlW3IWnTwLTTw7j94OnnGd0fOVX2gYGuptaIaKXdEzEkk+a7cPJq0KbdGBg8y1znO9wl2kwxhrogglpHuD/mPms+8vGyYstbWa0bCDzDQPuCvPoQhaKqEk0IiSkAoqQRE1ZT/AC4qoKbVCKyOv8yEo6IUIqUimkrIkhCERNCSaIhKYv8ANNCItrG034tr8SD8MDIeAABMHjc+6fZFzt8YBLSw5uQ/Cfn6lW9ka5Ln0j8Jbm8wQD6yPRalfZwax+7dkMT3Z5adNPdcb35Zp8o5L0GHw7qhZjGyTJLuJcJ056ctFpU6wL8vFsA/3hb8/RdebhYgi4PFeEwW2qgqBziDPcd1BOvkV7V1YBskiIUZXUiCDdeP7Yd3uLdWbo4yOK6sdh6dWkWTDSAIbrxt0XLhqAYxrBo0QFXhMQ50FuXdgfd4i8RHJV7Q2kylAMucfhY34j5cF3/qRVN7EDrrZep7AoihhTUeIkm54G0e40uSedu1ItkEHQ2Xn8b2hqMOXcCTeN4C4C3xNaDl14rQx7K7w3d5WWzPzEGTwZ3eHMjopkL7LcSx5IYCSNoI15gLxu0tn1KT3ZmnLJyuixE2v+S2thbKByklpB7zo1t8I9z6BXbcfUdSdTcQHNhxj7zegJ+oWZsvaThlAa2AQCZAMeB1XK52cHKvL9o4Z1F+WiSJ4xYkxHp1K9RidntzGq0d9oMDgYn3uVgbd2g19PKInLTdfXKWggjqCfcr1FLFAtDm3EnT4jlBNudwvFdpL1c0Fs8DwiD8nBZUfE7kuBlKuMzMTJLSCDIMxY33HiaQdFkoQhdi1QgBCERMKTVBTDkKIaFNg4qLFJpUIrM31b9EIhChFyoKZShWRJNCERJNJCImhCERbvY9v2rncAyPUj/StDaW2N25wj4bceMwfY+y83gMa6i7M3lBB0IUcZi3VHZna29lg6iHPzFfVp9omlhRSYSHAn2v16LvpYdzms3dJjt4HyTqC0wRJIDYBEeK38G176VMOaCC0FxjlYjx1Xnez2MdTqgAS0/ED4G46r6Vs803MBbljp46/MeS2ZhnVTAIHOV83GOpGmypBOUjMLWEASLaF2t7SAYNzxWygC1lh09hUxUNQvqkn+t/76r0mMZlNoIj0Wbvi0kvyhvCNdf9lgcHUpmM0L0HZbcK6gHBoLZMWiDvMxyVmGoMYDkaGAmTAAv5IcZUKwztcGvglpAIvlkWKziMcC0zRLZ7xA0HEmfyUFxr+EEfn+PJfYc4UB+wkeUEDrrRZva4DPRJJEtcDHIEcOOpXZsvYeHdTzD7SRYmQR6LH7V1Jr9AxseYn80tjbddQa9sBwLTlkaO4HwWjaJyhmaF4ntnPVxD3UjBn7AD4W9svI2nuXGR9o0n/DT153KyNt4LdOBN25ha92kQ0ZuBhpHmubZWHrYg7phMF2Z7uUGcx5mbwFsdqJGSkIcWMGZ3ElhPeMcwVLcO6C+bSgrl1YN/suB/yEAOjQE2a7WbW3Hl3ZTJ0Mm3CDpHhy8OqqQmtAFmTKUJpoRQoqQUVNiFEgrR5qrgr2i2n7KqKWY9PQIVec8vdNTClUOQmVFSoQhCcIiSSlCQCIhCChEQhCERW4WplcCvd9nMSHU7fdMHzaHH5r5+tbs3tQUakOP2b4Dj+EjR36+PRSDC68E5ja0viCC0zcX4jhMSvZ4zbNNr8lTuuga6O6tOh8FgY/aTX1AD8MSJ49Vmdp2O3ve+GO7ExHnqsupXLom8CB4DgoqPNa8rTvXYMuw9NvhDiYOvLlN17J1ElrXNqFjCLinE+MwYV+FpUwZa2o50fE9xM+brLzOz9v1KfdIDm8tCPArtr9qjHcpif6x/ILiNKoD4V9ah2hhS3NUMHhlJj/rqB7TyWVtt5diKhP4o9LfkuGFKpULiXOMkkknqblRXaPNedqOzPc7iSfcytzs26iXgOZUzAHvU3Hja940PJU7Vxk1nu1DmkCOVwD7I2Hto0CQWgtjWO968Vk8B0EK7iMoCyp5mvceUX5ykpIhJUVlJKEwhEShSYowpMCFEwrmG314KpoVjR+iqinHX2/dCW7+oKERcyRQgKyISQmSiJJhNqAiKJQhNESQiEIiEIQiKypVcQASSGiGzwHIKEJwhApJJ1UQmUwoooThWUmNIdJghstH4jyUEiERPKYmLc+HJRU2VS3RJ10RRUlFSREFAN0ZlFEUlbTCoVtMoUS4fXqrW3+vrmqwbK1hhVRX7rxQo/wAQeqEUrilIFBSVlCEJhJETCcptCShEikpFEKZRRQpIyoiiEKSAERNCajCSibUirWgKsi6hEigqSSlFAoQpZURJSKWVMIiSSkUkRATZ+SSmz8vr66oUSYVawfL5eKg3SVdSCqihH1P7oXTkPL2CEUrPd9eyimhWUKKaEIiYVgQhRsij+iOCEKyIKR/JCFCJjXzUWIQiKfFJqEKEV1HX0Vbv0QhAiOCi5CERQTGiEKUSKs+vkhCFFFqAkhETVtLTyKaEKJjQfXBSp6fXRCFCKxCEKFK//9k='),
(32, 'DAMN.', 3, 'data:image/jpeg;base64,/9j/4AAQSkZJRgABAQAAAQABAAD/2wCEAAkGBxMSEhUTExMWFRUXGBcXGBYXGBgYFRYVFxcXFxUXFxcYHSggGBolHRUVITEhJSkrLi4uFx8zODMtNygtLisBCgoKDg0OGhAQGi0lHyUtLS0tLS0tLS0tLS0tLS0tLS0tLS0tLS0tLS0tLS0tLS0tLS0tLS0tLS0tLS0tLS0tLf/AABEIAOEA4QMBIgACEQEDEQH/xAAcAAABBQEBAQAAAAAAAAAAAAADAAECBAUGBwj/xABGEAABAwIDBAYHBgQEBAcAAAABAAIRAyEEEjEFQVFhBhMicYGRBxQyobHB8EJSYnLR8SOCkuEzorLCFUNj0iQ0NVNzg7P/xAAaAQACAwEBAAAAAAAAAAAAAAAAAQIDBAUG/8QAPxEAAgEDAgMEBQkECwAAAAAAAAECAxEhBDESQVEFYXGhEyKBkbEUMkJSwdHh8PEGFTOyFiNDRFNyc4Kiw9L/2gAMAwEAAhEDEQA/AOZw9UmZm2WJQsaKlshA9rMSPyx7SsMqyXIVc3badfksLivlFrY/A9bCrUXZXEpO+17u9uPrvtjwIUcPV3vZ/SPkjV2MAhxYeWv9wo5ydEMtvqCtEtPTlyt4YOfR7S1NP6bkukvWT8b59zQI7PZJsQfzWPioUMFTmS0+as06gPZ4X/UJVRvHd+hVFOpKFT0U3fozfq9HQ1Gm+V6ePDb50eXR22yt8WTWcPepU2bSJkKD9nUx2QLn4Ky6jxhEogAOd4fXu81pqzcYtrfl4vY5ek00a1ZQkrR3k+kVl+QsgM2HZ9nkOHkphzT2ZI7kDBvlgJ1ENP1zARsmUTI/CN8LLpZOLlSlyOz2xThVhT1lNerJJP4r7U+lkg5aABLpCjmEW3qsBOiI6OK2nCWB9xvNkzTu8u/clRN7cPmEzRbu+guXqI8NRyjyt+fI9b2VXjU00aNV34uNZ6K2M9z9yAwIN1GhQgcL2VggAnn8d6h1trNldGE1OKkuZ5fUUXQqypy3i7fj7VkG+plm/kp0fZnebeH9z8EF1Ek6EfJWqmrRwuP6bfr4qjUu64F3t+CX6HR7Iio1PTzWE4xXfKTt5K7YN85XRrp8lXBebz5q09hc0hus/wC5Juy65Fy1veoaKK4G+8v/AGhqz+URim7cKdu+7z5A6Jdv/aFOJt7+BRhgHMguqBxvYdxUSGiWgkmT4fhVWoptVHKHJX87GvsvVQlpVS1LupScFfPJO1+/l346Gc+mS5oPFPWaZKvBgJHEad3BDzgmco8VsoVlVjfnzOF2joJaSrwPKeU+q7+9c/Y+YGlVIdBfI3jvsmx+Icx0C1pP14e9Wqdb8LfJSr4gtMBoPOO9Vypx9NHHJ+RopaqstBUipv50ebvZ7pO+Fj49THOLJ0YffdP/ABXGzCFoGu7u8Aq7sQ65zHktRxWnzbIeqVuHvSTdc/iU6MCx3mzSYRM8vmq2M1b3H5KzSaQSS6dPDVRr4cOgkkRwWT+8/nodxX/dHt/7Cs6tAVZ1eyv+p0iJLnKIw1D8UBaziO5VwrjmbP1NlbqGGujcD8ZUmtpT2RfXyEp23J5iL6dorBqP40bb4+J6fsnGgrcW3rfyIzmVSTOvKFerl0BoYTz3D6v5rRxFNjBAMu7kHrnZctgPfyV1SpD0qUnhZ9r2+8x6XR13o5Spxbc3bFsRWXu/pPD8GVMLhHBptrr37lJlIOtMEDXkf7o76r4gRHcq0wb9x+azV6sFUVSDv1/Phg62g0VaWknpa8XFfRbtzzyb2dn7WEGys0fxdeSk/ZLBA60k8kJ1d0cBx3pNJG8/uuimnseWcOFuLWVhlp2Dp0x2XEu+Up3dVlhoObjz3KpQPa8PmFUGJLgXE5KYkE73EG7W7ye5Uxh6SrOL5pfabamq+TaahUjupTa/4+T2fcw7xIcB9EGIWd6++k4gtB3gmQHN+8OIW7tSm1tSWCGmC282IkX7o8li7aol1wb2yi86we19o38JVehdpSpS3Wfdv9/vNP7RQ9JSpa6hfhkkn7cx9t7p97SLmDxednWTOstAsN8g77LOwO0XOqNa4a5vDslXm120XUqboymz/wAp1PnfwCqVML1eJya5XETxEEg+UK2K44TrdU7eCX2mSpUlR1Wl0d8wlBzzvOTi34qKwvdyNFroB7/9wUKhLt5ug495bTcRqMvxah4fGtcb2IE8iOIVWhX9U/H7Ebf2inH5ZGL+ovjIt0okGZN/gVGqztHvJT0KjJga3jnYyo4nFsaTJvJVi/jP/KviZJW+QL/Uf8qJscXCYg/V07xN/P8AVURjW7g75K5RrZhmFvkf0Ky1YOhP0kNvzj7u87Gi1NPtKg9LXfrrZ83bn4rZ9V7QZLZEG8hSxTu1pPZ+ZVPF4Yh4cAS1xGn2TOnMIm0zU6zsNJEC/iZWiMlOpGS6P7DlVKU9Ppq1OosqcPbh2a7n+G6ZJ1RsaEKtnknkUI0a5+ykKFXTL5FaTjOV+TLcuTIXqtT7p80kDz0Zs06sl9uHzQca91gDAMz/AJUWk0CZLb/iChVbNw5o11PFYHUiq/FfH4Hpo6WrLsz0Sj629sX+ff4FdpgC3gimm6bkBOG6fxGW+uKclgM5g4+J9zbea0PUQ+jd+COZDsuv/aWguspL4Jt3/Nx2MjvNlHFSAORv3odbGFptTLo1JSaX1SCWBrNYkS7LpbcqYxcZOtVx0X57sG+rWjUpx0GiTa+lLZPOX4X3f+1XLVWoYnj+v6R5p2Pbwkqti8LWc5uSI3z+yE3DVj7TvJXaZ3je+W7sydqwcK/BwPhilGLsrNJJt3723fn1NBzpsGgcUB7hmybxf9VGjss3Je5vNTo7Ma0y15c7nBlPUWdNqT/Uj2W6sNVCVON85t9V4f3+KB1axaAYJGlvd9clFlfMLgg8DqrApQbtMcJhQ2i3s9hokkiZE2110VOkqpx4Zcvgbu29FONZ1qaupW2V/W25fWxbq2wWBcXPJHsi3ebKhtGuXSX/AJWNAhojUAeGu9XcFQ6sQXCeEg8571B2BcHOqAgk8xIA3a3V9KvT9PKzxZJPlj9Tm6vs3VPs+k3B8SlNuKy0pWtjpj2XV7ZNWuC7D4atxz0Xm3ttM0tOUjyVJou2/sz4CIPwCs7Jpuq4StQZOYPZUAA4WN/rRVdpUXhkQ5r3WNvZv2j9blXq9O5VYyjzw/v91/cauxO1KVLR1KdbKh68b88p2Xfx2a8U+Rh42pncag37tSALTyWzWeanq9YkSWlh4yydR3LGfg3C5B4QuiwdEigGvHapvJ1EAFpbBym2q11pQp0nHbDS9xxezaVfU6yFSzlacZSfJetdtvZc/HkUNqf4T+8f6gsJ1QgMdyjy/ddFiaWZjmgtkjjwusSvgngMacslxjtNi8cCsWgqRUHFvN7+R2/2n01aepjVhFuPCldZzxPHmrdbnSYbC0OrbUYHZiJueIM/NFNGgCSacu3k8VS2dSLGZSRqYaHBwARzSO4+EiZR6WHp208WtflvcsWgr/u+KcPW4+Lh5/Nte3s8e4IMcNBTAA3wgeuyDMC/DUIYaYg3VZhALgdLLVJJqzORGpOElKLs1lF08tD9eYUa0ZtY7I+JQKT8pj7O9NtA9r+UfErBRoulWtys7eR6DX6+Or7P49pKUVJe/bufL2rdMIXADWyA/FfdsqziVe2dGXs+1Paic0fZ8FrrVfRx4rXOJodK9XXVJSUcPO+3RYu/suwfW/i96SudWPujySWX5dH6vmdz+jNT/FXuf/oHSw7d9P8Aup1KjRYU2+V0qlc77/qhOa4roXZ5SMI228kJ2VvsMb4q1hs7hcta3uuqGIbEaKdN5I4BJsnGKTL9PDgEDPbfzVhuVugnms0NBIRWv0RctUU+Re6wEcFKliDo0CVnVKk2BT5w1sT38UhqyDYrEkzMn4I+AqECQN2qp9mLkdyTK4AiYQPDeSzRwtSs45GOed8f3WVtZrpDIMgklu+R3+Kd7c9UfxTSZSGcuE5sxMDLB9o5YncAVU2/jC52c9ouAu7Ui4mBqVOD9Yyah3hJWXQo4OlLnOjSwGpEETBWg2gXGAJvaN/chdHsA6qOyN8d0hd5s3osAAXGHC+YHQjgFa6luZz40FL6K9yD9BsBlDi9hBtBO8Gdy6k4OmdwVLBE0xDiJ4psRtVrZuqXK7NihYrYzYlEzIF9VzmP6P5Kb2sdDHwCIG4yCr+M2606FZ+I2rO+ynGo0RlQjLdHF43Y7muLWyeffoqmJpZWsEXuT3zHyXYYzEtcZXP7QYHXAT9JcpemitkvIrbFe0OcDvE+X7rW9ZZzKyNlU/4wB5/BdE2kBoAoSeTbpIepay3KLcQT7LHFTZgXkHM25v3K+K0b47gh1axIu4+CiaeHqZzsI8TcDvN0A0HH7QsrzvGd5KZ0WEeSRBwTKJw/4vcpU6AFzPfoivQqz7J3IOKWQ/q9Lh70lXzJJcTHww6BTiHzYAFIGq68+SDSpSYK1aldrRlaLD3qRVTTau2URhXE3ie9XcPs+paCEqTwfsI5c/d2R3pF8YIkNk1jvamGza0ES1o+9vSOLc0QCJ4qLHVHCUXJ8KIU9mNzZTUJ7uK03bMoCxc4n3LL6sioCXCYn90bNEy6Tu4IGoounZ2HF5JUqtOgwezJVI313JxTMTOqSJ2XQyNvS4kMbAytfA+6zM0+ALh5rNweDfWe2iN2ZxG4BoJceWnvXR7QLW0XOyjMWupF2pyvLSYbpoHX5ptgYMUsNUrg9qozKNxHWOysnnEnxUlhXObVjeq0/E6XoDgGtotdGsnnJP15Lq3vA0WXh6raVEZRA5IWztuUySHECFW3ksjB2sS2jVgFchtTaJvJOv1K3NudIcPBAd9clxmOxDXmxEclNITkV3YxQOKVWswIFwpJFLky+7FFAdUQcyGHIsRcjV2FTJquduDY8/2W3EAwLmyzsCDSaLgF1ze99LK5/wARfoD4wotnRoJQhZ77+8IacWg+SG+id4IQjiXn7bvkm6l5BJeQNTySLG78gjKM3v3aIdenlE27puoGlNs8+5AqU6YN55k6IINgDXGiFVxNojXgrpa2PZF0O2oaAmVtPqUOsdwKSv8AWnl5JIIcPeH6uG80sLhn5M0EknTkmdUqfZFpVinTqR235eQ1QOKySp0Kv3FGrRrG2Ueanlaf+Y+2tyh4YNL3Tme0C0lBd3faBdhHzuHirdLDvykuqNaOGpVjraW6mFL1rg1vK1kiSjYz6YcSS1jnbpjVaVHCk3dSf3RZSG0HjQgdwQ6mNedXnzTGo2LHqoFzTMfmVPHF+rWWHOyZ9fiSr1DYmKxDf4VGq4WvGVv9TyG+9Ictt7e45vpNRqtp0y9gE5oi94GqvY/sUcNRb2ZPWGbGQNTPetLp10bxFHDCtULOy5oyh4e4SI3WiY3rMx1dtSrTEmG0mgE2Jm8xuU+hgqcLlKzve34nb4akH0QDe1vJcZtbAupu7JuTAWzR2nlYI4LA2tjS4yq1uWStYx9r0cmpcTJadMuYagEGeGqzQ8hW8XWcXE79/Ph3oTMM950JVxgnljU6xRw8FTxGzn0wMwuVUNSNyViV2tw7iIRdnUQ+o0bpk9w1VNrCZMWFydBHiul2ZsksOYNIMXzWN4NgbgRx1Q8InRTnNK3iaLMO32iwEbuJTZ4GgA4cUrkC/wAgpdS48PMKs6wmlu8fomxh7JU30su9p8VVq1QdXTO4AoG2rFcWvxTAtkS2eR4qyaTHGZcPAwoersIPta7huQVtFOrWBmB5aKuN5WgaTfs03d5VdomRl01kxCZW02UZSV7Oz7jfNJBDh7wjqnxT1ax3CSokjfPkptLG3Oc9wQEZd5GeOoT0QQSeIRqbWPvleONkeGG7nOiIFogILU+ZUYVLMrTalBtm03O5lFoVqYMCg5zjugkk7gALk8krE0UbnRWdn7Kq13hlKm57juHxJNgOZXpnRjoUH0+sxNM0y7SmDDgOLzuPLz4LtsBgaVBuSmwNHIXPedSmkZ56iMcRy/I4bor6OTSqMrYl7XFpzCk0Zm5hpmcdYN4A1AV3FVHF7w4kw5wgnSCdAu2zLjOmQ6ioK32KhDXHc2oBAnhmAHiOaHhYMym5y9Y4v0mtJwToNg5hcOIzR7pBXAY9+XEvkjLDYvPZytLRK9C6SOFfD1aYMlzDHeLt98LzLadJnVUXts4tyvH42AA9xRSdwrxcXc19nYjOxwt2TbuVbFOEwQh9H3w4niPFPtAE96m45FGb4QL8dlsAPmu16GbLL6XXObrpPDiuDpYMyC64BBI4idF2eL6bFzRTpsFMAAADWw0SfcOD64MzpPJe6d1lyZZdbmM2gamtysstvAkn3zwEa3QtiNWzZudAtheuY2lSI/hg9ZUP/TYQSP5jlb/MV9Bbb2Bh8W2KrYI0ew5XgcMw1HIrl/Rx0W9RoZn/AOPVgv8AwgTlpjukzzJXaMepuOCtOzujz/b3o3DRnw7n1Y1pvcM38rgBPcfNcPXNNktNIBwMEOmQeYOi9/DlkdIej9HGUy14h2ragAztPGd45FQaNNPUtYlnv5niLajR9lvkl60RpAHCFc6R7DrYOpkqiQfYe32HgcOB4hZrVA3KSeUJ9d8ST4ILsW9PVk8UNyBZGfiHcVSxAtbjfmrNXkhupyN27eghJXKeQcCkrPVHiElKxVwo08NjyCTY2AFlYZjnOIzRAVGrUa0m4IFrILa43FIlF25m5VxjnWkBVi8H2rhVGAu03re6LdE8RjHw0ZKbfbquu1p+6BPadB080i1ySV2G2DsepiXFuHYCQJcSYY3hLvkvVOi/RinhG5nEPrEXfHs/hYNw56laGxNj0sJSFKi2BqT9p7t7nHeVoFSSMNWu54WwiUMvSIUXUlKxQIlAx2FZWpupVGhzHAhzTvB+B5p/VzOqJkKYHkG2+jtbAVC+XVcNfLU1NP8ADV4fm0PJeebfpiczTLXuLo3Nf9oiNx+K+mqvcD+i8/6S9AcNXk0pw7ySYaAaRJ39XIy/ykJKKTuicpuUbM8g2JiQ0mfejbQxgB7Nwm6TbAq4KrkfBBu17T2XDuNx3FUKOI3G4VmCpSdrFiniSRq3zuqFbMXTv5K49jHNtB4RqOKA1hFybcSAlYG7oHTquJAkr0b0W9GxUqHEPaHtpuhs3BqiDPPLbxPJZXR7o83EuNLMTUytLnRAw7CQXE2g1HCzReLkr2LZOEp4ekyjSGVjBAGp5kneSbzzUrWIrJqUyd6sNKoisnzOKCRoB6IHKixhRM8JWGVOk+ym4rDvpGM0Esd92oB2T9bl4fiMHUaSH5QQYIJvI3QvfnPsvLPSDs8UMSKoaIrAnue2A7zBafNVzji5q00s8LON9VqG5c2NyTNlFxnrTHcrFXHk8PJVa2NeREx3KtM2tLmCbs+k4majrFKpsyhp1h81XpiJvKBUaeKdytqLWxa9Qof+4fNOs3LySQV3j0NZ7KZ+yptw9EC7CfFVw6eKmakJklY1+j+ymYrEU6DA4F28H2Wi7neA+S982Zs+nh6TKNJuVjBAG88STvJ1JXnfob2X2a2KcPaPVM7hd58SWj+VemyhGWvK8rLkSUCkSoucpFI5chOqpEpoCkBE4lROLUjRBUDhwjAETWBVTE05/srpohBqUwmBwHTXo4cVThpGZuk++8SF45idlVmOc003S03gE+PdzX0tWas2vg2mSWtMiNBpwTvjJBx6HzjkM6LsOh/RJ1cmpWDgweyPvGOe7Reo/wDBqMj+EwRp2Qr9LDwlgXCyhsTZTKAcGNDQTJjUnmd626dNQpsVhjVICTGI7ENoRAEEgmZCc6VJQIQAi7Rcb6VKf/hadSPYqX7ngj45V103Wf0opmpha1Nol2Qls/eHab7wlJXVidOXDJM8LfiQdx8lA1xvkd4Ww/G1WgAhoNrECyBUxbybubbflVB1Hdfp+JXFallM8dRqqL5Okx3GVffXvBI8oVepj5kNJQQkytDuDvJMl17uJSQQv3k6jXaQUwpGJuVYfiHAG6s9GsP1uJw9L79VoPdml3+UFBFWR7z0M2b6tgsPSPtBgL/zv7T/AHkrZJUGu4aJFymjG3fJNrrKDyoB6m7RSEDlMXFIpwmIXWFSD1EhJAxyUJ7UWE2VIClUYqr6a1HtQKlNMCgymi5EUNTEJoRANRGhIBTaExEmqYUWqaAE4oLlJyG8oAgHQZOgEqn1ua/G/h+ynjK0Aje63hvQacaHyQB47tTsVqjHiMj3jvAccvuhUvWG3IBB3FanTamG42vO9wIjfLWrBYH1D2ABCztZOmptpBKzhF7qsIJsEV+BdveLaoL27s8BAne+xDME6j6oz7x8ikmVZ6eZNzo3rd9HzZ2jhx+Mu8qbyseoQun9FtDNjs33KdR3j2Wj/WUgbsj2+k+AiB4IsqjXoBqEG37q0ylrPBRKVe+Uqg7Eg2dY/WiZ1SIdw17t6BGqUMlMHyE8piCBOFAOUw5AEkikkQkMg5BqIr0JxTACAkWogCaExEQE6eE4QAk6ZPKBA3IYKk9V3uhMChijLzyThyCDJJ5lSJSA819IkDGkfeZTdyvmb/tWC6uGgxA8F1PpIot6+nUJMmkAAN+Vzv8AuXEOxHBUy3N9KVoIarVJsLAqD3AGASVEtJ5J2UQOHnokF2P1h4J0Tqh98eaSB3fX4Aqhuu59ETAa2JdvbSYP63mf9AXGPw9He5y770R06YdiiyfZogz+arHzTW5TO/Cz0wGyr1TdGbcIFUKxFAOoA8QUPDkglhMjUTrzEpymeZh28fRTImhgqnZjgY8Dp81aBWZhX9r8w/uPrmr7XIQMOCiNcgNcp5kwDhyRKEHJSlYLknIRKk5DlOwDp0yRQAoSTqJTEOEzinlCegCDyqld9ijvKz9o1Ib32QAGiOKg9/JQovlEptQI4X0ne1hzp2Xz5tXIUQwAksnhJXW+k/8AxKHDK8e9q4rMIVM/nG+j8xEqz2GOyB80BtIHcoNdeTophwUR4Y3qrPop0oPEJ0yPCugKoF6b6G6P8PEv4upt/pa53+5eb9VmvoOJXrXorohmDcRfNVd/la1vyKa3K5/NOzaMohDqhTMKAO5WFABw4IGaCjPsUKpfVMQ1KpBjxHctRj1hvNrai4+YV9tWWtPEfBJD5FvrLo7Cs2k66uU6qkItgp5VYFEaUCCuKC5OUFzkAHD1IFVmlFBQAYFQckHKDnIAcKDynLkJzkARqFc9tWsXVA0bte8rT2pjW0ab6rzDWNLieQErzfZ/pKpf82m9pOsAOHuui4md3h6Ji9kWpUOgHuWRsjpTh8ValVBdE5TLXeRWq9hAlzwBzMD3oA4n0n02ZaEzMvuOYBIK8+rvYNCV2fpH2vTqup0abg7JLnOFxmNg0EcpnwXFOIERdUy3NcLqBEkxoYTNYTrICM53FRLj4KJLHMXUDiUk0pIFaPQk59l7F6NBGzqPN9Z3nWfHwXjfVO4t817X0Ip5dn4Uf9PNb8TnO+anHchU2OiN96i4Kf6KLgrEigE/tDmECdxRalrhQcM2hgoAr1gdVLCO7DhwdI7nX+MqL1HBHtEcR8PooYItByt0tFSw4kq482QAg+EdlRVBJR2iEwJ1HoWZM9yg4oEGYUQOVZrkVhKYIs5kF7rJnOQ3OSAY1FEvTOUCmIz+kODGIoVKJ+2xw8SOz7wvnyk3SRHEcDwX0WHX8V4Z0lwPU4yvTGgqOI7ndsf6lCQ0VRQESCQRoQYI7iEBlRziQ97nfmJd8Vea3sKnRkEqsvSXEiYLeDvJOJJ/sitMbyisxcbgo3LrdSBoGLBx8LIeTiD4otbHPOhKGxxOqAdgmQcElOE6CJk1tV710M/8hhP/AIKfwSSU4blM/wA+ZuNUkklYiDA1NVX+0mSQIjiFVw3+K3+b4JJJiNLCalGraJJJDJMRCkkgCu9RekkmIkitSSQwE/VQKSSABuTPSSTBFOnqvJPSF/6hW/8Ar/8Azakkoy2GtzLZ7BVGnqUklU9jTH5yCKBSSUSbGCPQTpIIFlJJJAH/2Q=='),
(33, 'good kid, m.a.a.d city', 3, 'data:image/jpeg;base64,/9j/4AAQSkZJRgABAQAAAQABAAD/2wCEAAoHCBYWFRgVFhYZGRgaHBwcHBoZGhwcHR4hHBwcHBwcHh4hIy4lHCMrIRwaJjgmKy8xNTU1HCQ7QDs0Py40NTEBDAwMEA8QHhISHzErJCs0NjQ0NDQ0NDQ0NDQ0NDQ0NDQ0NDQ0NDQ0NDQ0NDQ0NDQ0NDQ0NDQ0NDQ0NDQ0NDQ0NP/AABEIAN4A4wMBIgACEQEDEQH/xAAbAAABBQEBAAAAAAAAAAAAAAAEAQIDBQYAB//EAEIQAAEDAgMEBwUFCAEDBQAAAAEAAhEDIRIxQQRRYXEFBiKBkaGxEzLB0fBCUlOS4RQWIzNicoLx0kOiwgcVY5Oy/8QAGQEBAQEBAQEAAAAAAAAAAAAAAAECAwQF/8QAJREAAgICAgEFAQADAAAAAAAAAAECERIxAyETBBQyUWFBInGB/9oADAMBAAIRAxEAPwD2JrVxCcgulNoc1mJsTIzRK3SI3SsIATwFnB0tUj3m/lzULum6mQLR3D6C7L00zPkianCuhY9/T1f7zfyhRt6wbReXCwOTW6An5K+1n+DyRNoQuwrCfvHtBsHAkmLMbrYBNd1j2jR7TH9DfDL0T2s/weSJvMCT2YWEb1k2kRLg6be60XOV44hMrdYtpbP8QGDmGMuOFk9rP8GcTfFiQsXnNbrZtEjC+0CcTWTMdrIZTMcIUDut21/iD8jf+Ke0n+DNHpQaJUkry797dr/EH5GfJKzrdtWtQfkZ8lfaT/C5I9RJSQvM/wB6trtLx+RnySjrZtd+2Lf0N+SntZ/hM4npqRrV5ceue1R77fyN+SY7rptY+2z8jU9tMuSPViEmFeXN67bV99n5AnDrrtX3mflCe25Bkj1CEq8vHXbat7PyfqnjrttX/wAf5D/yT23IMkemLpXmLuvG0z/043YHePvI3o/rZtLzB9nkT7jvD3k9tyBySPQUxzeKxe19Zq7AIDDv7LtI/rRnQ3WCrVL3P9m1jG4nODXb4Au6xN/BZl6ecVbCkmahoSVGSIWKb1wrEgBtO+RIcBnmTinyWq6K201WYpa65EsDg20feE6rM+KUVckFJPRL+yrkWuXKjQpVX04Ja0f1T4A/NWZCqunfdbvk+i68PzRmfxZQFqgezPREuYYsoSCAvqJnkBCy/wBfFRvJAiAMWepABy4XHeI0RgYHXOXqmljnEiIjU2AGlz3Kt/YK+uzRulj9eKFcCL+X6K1fs7WwXuBzswEme+B6qN9drRLWNnLE7tOHKez3gSil9Iv+yv2hv2R7rcXamxd9ozxDRAzsFE/2Y+87/tHEjU+SIrMBAzkWucxnItaMvBQPYN30FpRtCwN77yBG7f46Hj81C95vJJO83RNRnBDVLLWKLZCd/wBdyjJU3sybxZRlkCckotj6D9Dnp9aJ9ZscT6fXwTdjHand/pEOAM7oKUL7K+p4Js2Uj7nmmhqUasRptkUhJNkoCXCmJchzG2zUkwl2fZXvJDGueRchoJMEhuQ4kDvR9LoOu4e5htPbc1mVvtEeCzJxjtjtlaW6/XFXPQou2NxCT9hbSIxgVnm+BjxhFzZzm3cT91sROei0XRdUMDXVKRDjBDBTDGNlogk3NQ9reY1uuUuVJdKw0C7Xs0NDiDnZoF3SD4Cxvw3oNu0OIwve5jPuMEA2Ng3Ia9o87q46b6XqOYIIYJjs55EG+Y7lnXSbkzpJ4KwjKSuZm0tETGjFJFtYiV6B1TEUMo7TtZ0GZ/RY6lSvYBbXqwyKRH9R9Grj6v4m+PZdLl0rl847DlV9NMlrefwVpCA6TFh3/BdOJ1JGZfFlE5ngkOzHMi3Gw880YJGUDjb6CHqZyTJ45r3KTZ5WkQuptaIEOP8A2jlqT5c0E+SZ0vyRdRu5NdTsukeu2RsBgHO/kmVu1bCANAB8bnzRZpwmOYunRLAX0zkoX0vFWOCVE9iqZCsqUgEMKYnS2cqyrMsUM6mtoWC7Q8QfKyANNzrZ/V1ZGkminBvyP1zVNWDNZhEd8x6SpWNn63fUp9puIGhF+XNKbDs5nOb2QFbWaMRj1TC2yM9jCkfsuLtN10VLZXNanNUuBIWgK0Wx1KpBM2BuYJExpbf8sk7aqjXOJDIMkkh5cOfak98rjh3QOHrdLRquacTSWkZEG45bjxUcFdlUgjZ9lawY64Jlstp3a52gxH7Ldd5GWcorZdrdVqNe8y5zuQAyDQNABaFWvJm95uUb0We0zg74rOH9eyOXRc7c2WHu04oCk1W+1Nlju71CEp0fr0WU+iIk2aktf1fbFMj+o+jVnNnYtN0KIYf7j6BeP1T/AMTtx7LC/wBBInyuXzzscgekBl3o5A7cLjvW4fJGZfFla5qjeESWqFzV7Ys8rIAxI4KYNUbmlbTIROpqF7EYWpj2SqpEK9zFHCOfTULmcF0TAA+monUkcaS5zCt2ZAWbOIMpg2YI5zE0tSwAu2cZJpoo0013s+C1ZQA0LKM0CNbblZGmk9lZLBTVKG4IU0lfVKd8pQlamMVgVtMIr/ZWSCmj/YqSls2scpVstla6mZyVh0Wy7f7teak/Z7ZIvYaQgWM4jedLaePipKXQssqzOwUPTYrDaKQwnkULTYvPGXRUT7PTAHFaDokdk/3H0CpqDFddGHsn+4+gXj9Q+jvx7DlyT6yXLxnYUoLaxdGlVfSm2inBc1xESS1sxzutRdOzMtDSxRuao29JUnMLm1GZfeAI5g3Hekq9I0h9sHkCfMBd1NI87Q8tTHMQdTpmiIBJuQJiw4mTkrAtW4yT0yMhLUmFThi4sW8iUCOYonMRj2JpbC0pkoE9jvTXU4UfS+2OYwuYWF2heeyLj3riLT4LO0+t7GNArFrnXn2UnlmA06mQdYjVFzK6KoN6NF7NMdTWb2jr3TwkspOJGWIgDXdO4qsq/wDqA+OzSZO8h3l2lrypFXFJm2FJd7JecP66bSXFweAD9nAzCOIkTPM6pH9dtq0eB/gz/ij50XwSPRnMAgHWwG+0n0TzRG5eYu647SSCXyRl2WDPky/emP64bWSD7Y2/pYB3gNh3ep50XwSPTnUkHUpSZ1zWCHXfahm9h502/CE6l152gHtMpO/xeP8AzVj6iK2R8Mjdt2WRKkbS3W9Fl9g6/sgitRI3GmQfFryPXuWo6I6QpbS0upPDo94EEObO9puMs8s4W1zp/wBMOEo7Q8UFJslH1+Snp0iJDiJkxyns+Ud8qXZWeu7kucvVQ1YUWHPp2PIoNtNWxYhGtXKHInpmnGhKTFY9FvxNduDiB4DvQzG3VhsYsea5cztHTj2EQuXQkXnO45ZnrXt7qZYGkiQcjGo+a0yxPX7NnI+v6JVgy+0VyHl5a4EwS0jhfx+KcemQCGhpm2ZGuSrq9fA4YpjC06HQEC/NVtTbB7UP0xN3aRK1jezDjZf15eS+CyMyDY3i5sJ+as+ielq9INY4Nq0xkScLwODhLXAbo70HtAa+hNJ+PHhMRBaQ4YmkSbgA/CVHWpOLKQaQMHvDK0aealyi+mc97LfpHrEW1KVVjHloaWPYTA7TmybSDAEz+oOwcN3xWH23aYDS2Pfbi933ftZozorpv2gYxkMc0lxbSabxIIfJLRJIOEmT2VuPI6tjG10S9NdKbRRcA5rYcLFsgcpImVm9v61ObbAC7QFznRzQ3TfWZ9Q1abnENY4Ab5Ba13gcRCzdSo0G09/1dbjDJ230aUa/gTtm2VKpxPeXHRoyHIICqwgwQRzF1PQ2gB0Hu56TwT6tSXNM3m57x4BdlS6RtWRPoEUce9zh4YQPMuVaVa7btP8ABaw6E/8A6c74qoLlmzcRUhhJdPbTcfsnwKzZojKQ5Kc0H/cd+U/JJ+zvj3HflKOgQ4dUgCkdScNE0MM6eIHxUtA4IjYdvqUXtfSeWPFgRGRzBBs4cCocBG78zfmuLLZjPn6I+yGs2DrPtj4ax4c4kCCxkkmwHu6nVXj9o6Wotc99Joa25JawwMr4HZcVhOiNpwVZktDpALTBa7NjgeDsPdKtKO1bVLi+rWc10zie8gzmHXi/FcJRpnNxSN7s3T23PaCzZ2PFpLWvN44OULOn9tHv7E7jDag9QUNR6zVqFJraLGGwc8va4kWAmzgCIA0tfmgqf/qJtc3ZRP8Ag8f+ay090FGy82XrniN6MH+/4YVtuiq5ezEWlt8jG4XELx79tNWq+o5rWucZIYIbJFyOZueJK9l2FjWtAZlrcm8XzvuWm9Iqil2gqVyVcoU5ZnrLsge9suaIbbFhjM73BaaVm+n6rG1G424uyPtRF3aarMpYqzMtHmfWNsVXCLdkToQ1jRNpGmiz1Ygr1WrtbB7rGRGtMOPiXD0UB257tTG4U2R3GSuXulFaIuSkY/oXbgymQSPe+ARDWVNpeGMyOo+ETK0R2tpcB23XghrJJFpgA7pWN6zba72zzTFWiyxZTfjacgC4gm0mSM114ebNtpEilJ2afa+i9h2YfxnOrVYvj7LZ4CAY5lZwdLtY5zqcNJmILmwObHA+azz6T4JNgeQ8kOwE2vPiuuLbts7pqqSLTpBzHnE1oa7UgvOIwMRMuOsxG+85oSlXLD7rT/cJHNRBjtzvApSw7j4FdUSgl22u3M/+tnxamnaCWzLJmMPs2A5ZyGRF9+iFcDxSETvToUEtruxQXhouC4NFr/055aJh2h8Tjdf+s+kyPBQFh3FdgduPgU6A813n7bvzH5phcdSfFc2k/wC649xS/szvuP8Ayn5JaHQwiU9wgRbf4hd+zP8AuP8Ayu+SeNiqfhv/ACO+SraFg0ZykT3gtJBEEWIOiiMlYZRwO9cHphCVreI81MgPCv8AZugNoOQaMs3jXkqrYdna97GYhLnNHumLkC5OQXuFDY6LrtbTI0LbW/xK4c05KlGv+nKcmqoyXRfV6q0Nc57IDYgF+oGuHgqzaug6oc7C9haXO+9iN4k23bjqV6d/7c2BEgcCfjKrq3RTL5zM9ovI8A4LzPk5N9GG5GN2Lo17Q0S3iQ43XoXVJpFJ0/fOs/ZaqhvRMn3mDh7P5krQ9DbOWMItdxNhAyHyXTjlJvssW77LNckuuXc6CrN9OMa6qJAMNH2A7V28LSFZ3pp0VLfdHDVyktGZaKets9PVo4SMPyQVTZ2EnsCOD3Dyx/BGVKhJuSI3R8VEagyid8gT3R3rzuC+jkUvSPR+Njwxjg/MEOe6CDwncfFYd20PcQXOc4tszE4nDJ0nLU816g4s1b5ELO9Yuh6ZpmpSYGvaQ4huTgJJtv17l24ZKPVHSMkujNUejnPYakAtnDd3aJg3jTIxyIQG0UyxwcCRkQciN3I/otH0U+cLMONpIgYg0AzIxCDIaZPImNCqfpwBr8AcHFsguEQTJnKx7vNd03dG03ZCzpCs0QKtQDcHuHxUn/u20fjVfzv+arg9OxrpSNUHu6X2j8ap+d3zUZ6Ur/iv/O75oQPSOclIUgl/SVY51alv63ct6Y7pGt+K/wDO75ocuSFyYolIl/bav4j/AM7vmk/aXnN7/wAzvmosSQvSkWkSGo77x8SuLzvKjxpS5APpsm5veAN5+vVWFDo0uu4OOXADXMi9oNtDbcR9lIlk5Tfx8tFp6tfAzAWtLI1aZbeS5mRaS10TORiAucnRiTaMnt2y4ACJwnfoc4P1oVBXolji05jODIyV704xrGAZF73ODJ7TQBBmwi9hmDhJG4Z4GFF32ai7RLTeQQWkgjIgwR3rcdCdPU6dHA6sGPdDjgY8kXENLg04jG8m5N8lh2uU+y7O95hjHO/taXeisop7I0ns9h6M6y03NaP2kEx9qnh8zCIrdIudJa8ObJu0tPpPqsN0T1Z2h7Wy0MH9Zg5n7Ik+ICvujOr7aD3Evc95sYENjPK8nj6LlyQgl0znKv4w72k3k9xIHkVqer5Pszn7xzJOg3rNOpRcDM6nUfXmtT1fH8L/ACPwWI7ENljHNcnrl0OghCzXTwmr/gMublpSVmun3RU/wFu93BR6My0Ub+FlA98EWlSvec/XPuzQrn+ml/rXJYOQ91TORPn5LjtFrbu/jfJCmsC2wtN5Om/fvzUtN27xIt5KUQq9p6JoPdOAguNywlonW3uhBv6rUjk+oCd8RE5yWie7zWmAEyYvobdwHwSsYDx8/GVpSkjWTRlv3QZf+I639tt2ieOpjIk1HC33VqQzikdExewn5K5y+xnIy37mtn+a4c2j5hNd1KkWrcpp5/8ActKCJnjAzhPxi4E+finkl9jOX2ZB3Ut/4ojizy94wmnqa+P5jeRafEmVsceeemp8IjyUnqfTlr4ap5ZDORiR1LqT/MZofdMX4ylPUt4P80ZTdnl7y2LhO+c+fibKFzu0ARnOcHiBMWTyyHkkZGh1QL7is2AYnAfi5FDqTvrj8g/5q7rOAc7LObQj21Qd1vlrEg6qeSX2M5GWPU4AR7YzfNgidJ7RhJs/Qe1tECqwDecU5RqycjHIrYYxFwPHzhRON+OeqmciOTMmOqD3PxVaxJOeFpPm4g+SQdWKLXmS599TbjOEAjxWrpwXgQZBztGWf+1X1qgDiOJ/3ZMpP+kc5C7F0bTZ7lNo44QTl943P+kZRq9vPSI5RZDF4AEAzvBE2zzU+ysl1/Ej1yiFNkuzSbG4YB35kb0JtNQYiB5ckRslIFgFu4goPaqeF5hwExIIkmw5fQUNDGOMwGyeflwWs6DBFITvKyzWw4EgE2gnPjxWs6I9zKLn1W4m4bLBcuXLZ0EWX6xuip/i31ctQsp1jE1b5YG+ZcozMtFFtJm0GDMk7/Hnkq9+xMzDoGoMfHvRlWmN/ET4eKiFM3458ee9Q5WDfs7smvPn4CJlFMacIFyRqRyuBmuwHfJ3ZgfFTU5ywiSfvGPSwyWSNjJwk3HN0iTw3+WRTsYFyZ4SD3DjknvaTaw1m+fK3qoTtL8m2uQCeyLXyI3brKMD8fajloJGeZmwUT3uvqeNvhN1DV2gAQDlmJZrqfGUhMaRJzkGT4oQcx0zhIJFozjXPkpPabiLZwDHfxTHMJEa21Ed/ZmFM3IYo4WnTnwQWcQ4wRA1uCNNTB9dE5gMgzvgQb8rR6prahNgw8ySLa2T2EbySN7jaRumyATEcibngQf1UVUTmd0WMW7vgiHOZEHPdiJOh+KbtDW4RAzIBscr7xZQpVVqMuAkDKMo4zcecoulTwOu/QSZHw7s0bTAyAJyG7Xu8kxrbkkCM7km++cghBzQM5JG7w8UrhcC8RNhGWg0yTm1crGOVteItHBQirHvYgdzSB5ZxxSgS4gztmIBtmPExAVcNSC4g3Bwt1neLoo05mBIzkwL+E79Ah3F0mSABwkn6jzCEY01sJDQBBmSXH4TPIlTbJVAe2YxXvY8bCSUO61jMC/aN4OZi/wSbLWAIcRhzs50kWztkO8K0Q1exVCWE7zYZDnbJBbYIeT72QyvpvRXR1SWAzN7RMefeENt75eW3AtOh7tyHQk2dpBAIjzWs6MH8Md/qstsvqtV0Wf4be/1K3E3ALXJVy0dBFkusrorT/Q3Xi5a1Y3rV/Oy+w0eb1GZlop8WR1GcgnTL/W5RvDj7sAcZ+GqkawDT6/2UmKO5ZOLGOcAe0I+vmntcCd28KJxN4v425W8kxjYbnHfvG5AS1agFzfOIvNvL9OahdnJInS5gch8c0tG0udJvMk3jSLWGSbUcTMDPU884zPpohBrmNOcRytNtVE8wYFryTnI4D5wpPZgxJuLg3mRun0sle7O9/L6twUA19YggEDLeARzukMkhwxWzEtjIjj9QmBpt2YG8235rqpDgJFrSbaajmhAmltIFyMPP03KV9Vs5tnifgg2VAdbC147+Xxsm0zjJIMhohuk3Id5AQrRQljwBBAgzfMfp+ia+o0jNwtmMUX/ALR3KDbGYm9p0NkaSSA4RprFoSCoRbEdfsgDnAFs0AS/aA1gkQSQBcXJOgmT4KZlURJwnTMmT357skA/bXi/2by7JwAB+suaIo1RZ4kg3vOt5yB1lYopMXhwGTTuFiOZOsJWvaJIEReXka3zE2zzTg8k3J3Ra8brQhX7W1ru2IyAkjFJItnGgy8s1UiEtUnMG5vJcRy004oAh2bYnkRmLTIynRS7bUgGLwLSQJ4fVroEPDcLpicgbctLmfrVWgTCrBGLOJMuO8jhM3vxXUHjE0ACL2Jvrwvc5pHVWkgwOy0iSL++4kAnn6hMpgucLAEG15mfjl4rRDU9GvbgkGO0btyyBz+skm1O7Zg6AkwDmTEfNRdEMLmTBBB3A6R8YurOps0GXnB2ZEwSSJEBpIIN8zbvUo2lYmzCGhano7+W3kfUrN0HsFhfOZgk7sxAWl2A/wANtostI6RClySVypsQrI9Z3xWGXuNm1zdy1xCqOlOhW1nYnOcDhDYEaEmfNRkkrRiK75yub/6TC8CMgT/tat/VJht7R8brLj1RZM+0f4N8lKOWDMiHnIgAcM+RPObJHkCMzwud8eN/Jaw9Tmfiv8B4JD1NZEe1f4NShhIyoYBcA/AWtHKPjwS1Hwf98hxGa1w6ps/Ef4NTf3RZ+I/wCUTBmOD/ABO79UrnXBPrbLeteeqTD/1HH/ER9XN+KV3VBhM+0cOECylMYSMY2d8jXdfUz4Ju0g7pB9D4jJbJ3U5h/wCo7f7oSfugw2NV9rZD1H1ZKGEjBMBDey08DbUxvtf6siKbSc5uBnAMXtGX+ytoOpjPxX8obCeOp7PxX66N1zVLhIxDKcCQXOIe6MRnMxb7NgQJ890LqpntyDkYtlaxnnvW8PU5v4z/AAbrmmnqXTiPavHEBoOcxklDCRiWQ4uYC6BEQLgGdTN891hqnUxDIdic5ts44tMAwLRa/wABtf3MZiDvavsIiGiQMtFzuplMgj2tS837JM78t6UMGY8vdAIxG4MXuARItIuJEcdMx1WQ0jEL3I1z5/ULY/uZSwwKjxGR7M2i+XDzKVnU6kG4faVCNZwknfJI4/KEoYMwNSYMnDIEQ2CbT3+CjwR2nNMQRPO8gzczBgL0VvU+gGgAuxffdhcd9g5paOcTxTf3QpyC6rUdH3ixwiZi7cvmd6DBnnzKjQIwkmNTAvEAwJO7PNFbPXpNDeyXPteXNaMhcXc453BbyOa2TupFE51ax5ub/wAb96c3qTQBBx1LHKW3vMe755oMGR9G7UcMhrWm2ENaGhoiOJkmcyTruQ23MdiDnG60tDoxrJwmJjJrGwIIjstGh1nJc/oZjrkv3Zj5IacWUmyjU3AiflzMfULUbF/LbyCEZ0SwWl3j+iOpNDWgDIWEqpGoqiVcklcqaOKalISQgGly7EuwpMKAUFcFwCVAdCRzeKcEqAYGrinJHIBvekXBq6PrVZApCi2iqGMc8zDWlxjOGiTA7lLG5cQgKXb+ln0qjQ5jcGB5IDpOPEz2YJw2loq5T7uqbU2naA72eJuJzQZ94NxPYyQ3C0kDE6xJ925vBsKfRdMCIloyaYwiWlp0l1nOHaJzUx2JkQWNdee0MVxke1K0CnZXcKmGrU/gw6Hh2HE9uC2IQY7T4bJu1wkwAJqxqGm1oxkuc5sTDsLmviS4iSGlpuZloEkyVcBsWH18lxH18kBTPZVnF/FDS9tpaS1nYBGFhIAs7IYu0DIgopoeJwzBcIxkuLWxBcQTiufsyIF87KDaW7QarnMIDPZuY0Ys3kBzXkFtr9kXOZTKFCsXuIDWBzIGIvecQJtJeMpmQLyd0kDto2eucBpPxSA5zy7su+0A1skNBtcaHVM2XZa8E1AXPIbhcHzgcHEkwYwiC1pwg4sJnO4tHo+s8sD6nYLXNfTdhe3E1zRDQ1wiGy2bkQTAMFFVSKba7mkl4uYqk4ZpsEkFx+0HASCZyQBG3bM9+K1Qz7mCoWYQWRBDXNxHHJvIgi9oTNoovYXOa58kAtbDntxAukOwxmHMu4/ZzN1AK9QY3DEGjFglxfBwAtc7tOMA4wZH3TCN2ak7Fjxud2n3dbsjshsC0SMWKJ8UBJt+yl9B9PG5uNjmY/tNxNw4v7hM9yymx9BsJmXQcLvdNpHtA2Jt9zktZ0xsjq1CrSa4sdUY5geJlpcCA4QQZGeYWeHVWvMnaWchRcN2+qiBLQ6LaIzMBuQ3NmZi8lkbiXuWi2OhgY1tyG242JVRs/QLmtANVpgZ+zvff2zKuNmpBjGtmcIAnKY1QE3sxu9Uq7GuUpAcVyRyQK2BSuSFITqgFKQOSOPkuA1QDgUspIXIDkjkq4oBAuCVJKyDpSpq4FAOXLly0Dly5JKyCn6RpudUIwYhgYWkyAHBzyQ1wacLrMkmIEdysBdSqBrxUecQklomCWtBwiG2ANhEkmLq1dBFxIOhSkrQM/UY5rgXOY1pc1hIk9ouJfDsIcARORABc4knIDV6VJgYwnF7L2j/AOGQCGgdtzsRDTBLQWyZkyNFdu6NDnlzmsc28Ymy7tCCJ0GZ194ohmzNALLkHFMm9/evncknvUsGZe+lDmh5l5fd9NoaMJaA5jmtaJdiY4AGSHZiJWm2PZgxoABFhYvc4C2QkmByT2UWgyBw9PkPBOZTDRAAA0AEAdyWB8LiU0lIoBcN5kp5TQnqoDe/0XJ0rlQf/9k='),
(34, 'Tickets to my Downfall', 1, 'data:image/jpeg;base64,/9j/4AAQSkZJRgABAQAAAQABAAD/2wCEAAoHCBQUFBcUFRUXFxcZGhkaGRgaHBoZGhcaGRgaGhoZGRgcISwlGiEpIBoYJDYlKS0vMzMzGiI4PjgyPSwyMy8BCwsLDw4PHhISHjQqIikyMjIyMjI+NzIyNDIyMjIyMjIyNDIyMjIyMjIyMjIyMjIyMjIyMjIyMjIyMjIyMjIyMv/AABEIAOEA4QMBIgACEQEDEQH/xAAcAAAABwEBAAAAAAAAAAAAAAAAAgMEBQYHAQj/xABEEAACAQIEAggDBQYEBQQDAAABAhEAAwQSITEFQQYTIlFhcYGRMkKhByNSscEUYnKS0fAVM+HxFkNTgrIlosLSVFVz/8QAGgEAAwEBAQEAAAAAAAAAAAAAAAECAwQFBv/EACsRAAICAQMEAgECBwAAAAAAAAABAhEDEiExBBNBUYGRYRQiBTJCUnGhsf/aAAwDAQACEQMRAD8AzzDcOuPEaGdI1YbyY7vEmpTCJfAKO5hZkBVLtBB0OpYR38jUJaxjJop56T8InTUc6sFzE57itBAZQmi/AMp7UE69qPGJ2qWck9QimOt9Y/WzDNqSQQNQCAIOq6+g8aSbGKiEpcYhiwIKkBlAyiSDr8RIj9SKieIq0glQoPMDTTTVo1P6UhbcsVWYjv2jkaKKjBVY9t4y5b1I1IiCJDAHfx1G9JYZ5zEidZnUDNpC9kQJ39DRcRirlwImclUACjks6QB7/WuspVcpOnIjSSefKRAj2pIt7INeuOmi5pBVlYxmk6g+GhPP8q5h7ua5nuCTMkd+/r60TOfmJI0GvPkO/QRHpXUWCMnZP1zA9/vVEk9hnJKyTGkAmQugAGu2g+lTFnEhhAgNqphiJMaZp3nkfTuqu4JySMzAbRqZJB189JFStu5aV4TUuwIgQAScwWATET7Cs5R8olS/pe5KvggoS4xBbQC0M5zgwysRM5Pi1GmoA3qAx+DN52toHEEHtAFSQACM3MgEnYSBsKsF5lAU5mBMhu1AMxpA35n27qc/sZUEpccBogAhQCgMkD8W66md6FLazLWoypFf4BhurxOGuKQSbmXKJldColiMskTsTU/xfHQ6gNMNABPiP0qNuYPrrhJVgFb4gw7QEGIGrNBgsB8utW9b2EuowXD21JBXP/mlT6kGfOhOzSWN5f3J8FU425uIokFBsdM0EEwPcVXEd8+eJKuCBG5zR56yPOamuLmHS2J0BEBNSxMwfxEd+ukbVG2XgsIbUKDlgMGEiCOXa5a7+NMiMdKF+k+Ht27i3bMrbuRmyyQHKqzJ2u7MRE8vWleAYsrcAcxI8AATO/nO/hTfiNpGBCkpqcrMBqB3EEwcwGneeVc6P4wZCr2lZyQqsQSVUa50EQNtTJmdqU1aOnFJxkpBuI4RTecMwBHaGbRWlc2pHfP1pvbQOWZ1AIR4GbKMxELIAnTeCeVLY/Dm5c7LFRqXkjvMRJ8DoN6JbtqUKEsZkWs2b4iQMy6bdmNtqIP9os6qbFsHxJ7dq2oeMpIKQrIxzKwJUDWFKzM6qQIB0V4hxgnGpimQi2CpgR2kS5ovdPOPGoW9cBcKltECgAEDW4wHMjdpJg+U08R2QMzk59JG0gbK4bcwDI74qmZt0DFWustsgzAyphoOWWYzIEwF795nSkcOLpB7RAYFTmYCZnsLG4I1J7jUgcxQliQrsgeDkIGQg6nnJj1pmcI6rCwAhlW3MTDAjcHYx50idTezA7OxS4jMpYAdokyqgLl0BJH6Ucg6OjGGyz/EJjKO6Dz7udNMLfjIHb4BmGb5ZA7A7uUim9tmfMVEqpBgGNZE6b7RrSaLSdMVv4lUJUSLgdhOoMHQnfUDWNO+mty2c6m2rBBpmEnvkE+4FFLli7mTmbWIJAJJMT7d1KDFKECLC52ho3CgjUtznST7CnZo4NUIdU34PqKFD9nH4h7NXKVo10P2PMThES4VVjIYgQ2jaxKEbzECPOnGIvQuZRnVCFYkltjI3Ekb9+u1ImzmaJ7SMMrPuIMiVUb7f6036woty2STM6kZTJy952019Kto5uQXrygjXTnoCGM7T3ba6aU3e0N5y+AGw799pri4Zh2zqu527ttdDU3hUOIUWbdtWuRnzNlV2ORQbSuWgr+FY3n0CuOCARWGu/MjbmJ19qVvR80zrpy7j5U6tYUvnZWVQi54h53AIkLC7yS3d78bDAJnOQyd5BkkxGmo28Dz2p2OxmUUjc7+mtO7B01OmkED6H609wPDVuKclz7wNkFo7tIktLDKB5mohcRlkGBIOkajeAO6gXI/w2Il5JMDcgbwN4POamsHixbuMVJGhAPxCCNd6rWHlVzEHXly8PGndm9I7JA89qVWY5NlsTIxTO8jbMD/AAmdY8Yn2FWTHYuyxDquSEMq5Jy9k5VlQSSQI111kxqKq+HukEZY5A6gE7nv9KUtO/WrYuDKWYEBmBG8DOQTBEERoRFKUdjnw3OVJbkg3SJLTg3CzblShCmezA228I5mp/olZbEr194KqqWU3MoUvqRpGo8YI5d9ZjxrCNZxDowXQkgA5hlJMSfTzitN4BZt3MDhLbXJzvcJVeb9tmR+7Tfv/PLIlpTR62DAlLS2W6xhrVti4tpnIyliQ7so5Ab91MukHCLF6zcyBbd7KHLAiezrDHXTsHbuFQXSVbNsm4h+/ZWUBWYIjkaOVjtEbGD6VHjjTjD3i5bOttbZj5mu6JEmQAJaZBg1nGTtHZlxQUHZVMTZZk6xUKgnMN+QjSBBJEnf+lI8MvMHVteydSD46qTtrB3pLDcSuWijh2GRiVUGCAdSR9edSY48LgYXM0NJ0ClpJ+IsRPMnfnXRueTVCLuYYLCnqx2p00cHSPw6GozFOwMi5caSRJJJY81jx5CrZhuHYXEJd+86p+0bWsxozJpEsp1mO73q5u2uwGXMdzGgJKkT2iT40oNcGuZO02uRxb4koGqliNsx5g7zz5ggVIYm4pti4Sc2gJETLJmTntqJppfw9t1QnLnzLMn96W0HIjU+FK4tGt24L22WTBWJGUZVBjbUH3p8mDS8DC7cmyCWJIuGQZLECJknyPvQt493GUsEE7kSEGh0IE0hjbgU7DWduRIBkj1pLDISrPGbKQY5E7KPcj2ootJNWxzjLHaYLLaasAY0mN++KZJcIBAIg6MDpvBkTz0+lPMXfuGHcnUlcuw7BI2Gg3pPEYZGGdBI3EA5pOhDa7A66d9CRcZUlYlhrLMwCDtQW5bconf/AFrmHwyyucj8IUcz4sNI15TT25ihaWLcKXUSxgkxIII2An5fAzrTLOzurMATlJBAEdmZgDbWgLcr9Epn8KFRea5+97L/AErtOkTpZMjguolm09ff++dIYngrLLqxnUjQDfeY3q53LANFbDgiuNZZez1X00PRRH4dcCZp7R5d+sH8vrTjCYFlKu2YwZhWKEGDlKsJgho9qtV3BA0RsIIqu9Ij9LAqiYO4QczmSCDB3mDr36idd6TGAeSNI1+vh/e1WRsKQaCYen3mL9LDgg8Hw92zbWyx+JmOUQNZIG2lAcHcrbzpkLKGJbc5tQQKsiYflFKjCik80hrpYlcwfDvvMhllM++u/wChGtKYrgCoOxMz51Y7OGAMxTgoKh5ZXyWulhTtDCxwewqgFCTAk5m39KWtcMso6utsgghtHcajnIP+lPFFN+I8Rt2FlzryUfEffl40RnOTpNlPBhgtVJfB3G8Mwtx+tuWGZzBJ6x9YM7bVMYVLaYbqxbNpSZtEsWjUEusiQJA89azzH9KLlyQkWx4at/N/SpDhXH3uWgjPmu2lyhW3upspTmWAgEdwB7427c1HdkKePXsvklzeNy5F25qsqCQAABqWJHL+tNuPYi3bS3bQNdDszXLhIXMdl0GyqNAJ51F8SF1Ve4bZ0UiJmBGpaPhA99tIqHxGJD27QRxKZpG3xQQPGNRRGDtMw6qUmqT2JTEcLt20Fy4pdJ0thsrQdixgxuNe4Goe5dtmDbQLlnWWM8tmPLvqTGGu30vYi+SFZCVO2ZhomURGUER7VCYFO0J3zN36QNzWyexxwje1lnw/C2cNcDEPbss1vYCVWDmnmS0ACq5gbasxlogH10jSJjvqax3GnOGW0IULdYuwEFxJZAY3MljvppUXhuKPogW2iiTIUjTnJkyaI8FTu2L4zGrELv2TM6ExDDx8/oKSxDzZUKG3IJMx4AcudSWH4ZavotzPcBGkdjLvrAA096sC8CtmytqCxXZi0ST8RMA6GBoO6k5xQo4m1sUS6pzwvPLvtMDf60Me2UFUOhKk681nTx1P0qypwAveuqBky5YJkgwB8POmeK6OXfvGLLlTNqZ1CiTHnP0NGuPsfbmuUQ9265tqxEgOx8O0qMdvGfelOscwsrAiDsDz1PMzzqw4Ho1du2Va24AcBoZtmIZWEBYC5Y011FEXohiVbtdUwCkAZj3GD8IjXL9aNcfYduTXBXEwbNcggsAe0yjNqdSTtPvTzDLlYrBACv2jvrEmOXpRv8Hv2GytDMSB2WncTBkDU6R6129w68t5RB1VQRIJjTMfATpT1IUoS4G/Xfu/n/Wu1LZH7voKFGpEUy5NRVFcc1wGvOPoDuWiZKPNcFACL2qT6jWnhFFC60xUJJbo6JSgWjItIaRzJXVSlIrlIYmyVl/HsZ1t53BJGYqvdlUZRHhoT61pHFLdxrTrbIDkaT+U8qyvFYa5bJV0ZSDqCCP9x4119Klu/Jx9W3svAS2aOHKkMpIIMggwQe8EbUihoxNdhxDjEY684h7txh+8xP502LEaiuo3L+5oreNILJOzxC41trZc5AQ2Ukkbaad2kxtJpXhzqLhbTKATt3jnG8SaZ8GxXV3UcgETBBAIIOh0O+81oJRP+nb/AJE/pWOSSi/8m2LHq3Xgz+5clAnIS2u+oG/jH50rYwj5BcAldNRrrGoIjfwq53An4E/kX+lQp4i1pmt/8piSyAKJMQNY5aH0qY5E9qCeF82I8L4wQ4VjKkQIjcnnV0wWOQjeqlgrs699SSXD/cVnKjWGOvJa7OITvGtdv9W6lWiGEEd/hVbTEN30oMU3hUbF6Cz4XIi5VgDUx5mTShcHnVYGMaiPjngxE8qNhaGiWxCo1wrpoMzd+Y6DXyn3pnibYa4x1EooBHKGkmoxMczMQQNh9P8Aej3MU0x4f61SMXjcl8ktkt/ve5rtQvXtQo+Suz+CxWOH3bgzIhI79APqadJwW+ROSPMjx8ahH4pctqpRuzmAYeAkx37zTzDcbutkEpyA3E6QBWD2O6MbVnH7JKnQjQg7yOVcD0m9u7dYuqM2YkmNQD3SPHSdqXXg99iPu3UcyYMEHcCPYa1VE2FL11XFLYbo1fckM2X0Lx5xGvr51LWOhT6ZrpOusDLp6k/SKag2S8iXJCBqOjVaU6IW4jc97F/qART9OjFkD4FH1+pp9qTF3oopLOBzFdBnYE+QJ/IVfrHBrNsQFUfWlillN2UeoH50+x7Yu+vCM9OGuN8Npz5wv/kRUf0s4ay2GLAg9VqPHLqJ860u5xTCp86+mv5VR+njl0Z0jIwmMgaQV0MnUaVcMai9mZ5Mjkt1RigroozIQSp3Bj2rldpxBHFdXXTy/OjMKIOfkaQGrdCuh2F6t7l5yHVgA5IAgrJyg7azrvViv8K4anxXm9Gn/wARVc4lhb1zBI6AoVI0VxLK2kso+GNDzqqXuF3D8b6/vNmP6d1ZLG8m5c+ojjdF6ccKBgNdff5iP6GovFWsA5i3hbl0/wAdyfYDWoLh9u5hbguZQ4JC9tHyakSZykaRPlVtwvTPEqAOrthe3swUQg31tj4uVJ4JJ7Dj1WNr9zIS5wa/A6jAMByLF58+02vtSX+G4ldHtPMa9kircnTu5BPVggKhMNbaBcMKPiGvhTq302Mw1h5zm3ok9oCSJUnlrSeKXplrqMftfZQpYGCpB8dKMLnpV+XpphmAL2iJBIlHE5dyJTlz7qIeOcLuRmS2NiNUBjkdYga1m8bNVmg+H/sowvCh1tXbqeFXPhlf4WEewYj6UZOAcNJ+Nz5luflS0la0UNIkmjNck1fn6K4Bv+YRP70emtJP0HwzfDiDPiVP0EUtLDUijZqFXj/gG1/1z9P60KNLHqXssVzofg21a1r3l2n3mlMP0awaEEWlkbSWaI9aoWK+0NvkO+myCNY2kneahr3TXE3NhcI3+Jo+HNsoFbLHJ8ROd5ormX0bOqW7fMKO7QD60k/FsOvzp6EfpNYfd4ziCZLIusfLI7UfNm/KmY4hdufFdJ0G2Y8lOgEDvqlhn+EZPqMf5Zt2I6U4dNdT6fq0VFXvtBsDYfUT7LNZGmFuXDIW4+k7BeTeBMaU/Thd9vkAG3abSTmhdwJOYafpVrBLy/oyl1kVwl8svl/7RhyWDpGh5x+IqOdRL9P77g5QdBvp+gb86gn4KVPbu207QUgR2ToTMCSB36inGG6PrcgAX7o2OS2xAgaGToZ+k1a6ePlsyfWyf8tfCHGL6V4lhOaPMnvjYuPyqNfjFx2nrDrA7I5keA/WrJhOiN4rAwioeTXLgGUydQokka7Ea1M4XoXcG9y1aGkBLZciNxmYiQTqQZ/Sn24LwiHl6ifv/hnTrfuCIuvtuTGoJG5PLXWrd0wPVYNZABFtFAPeEA/Q+1Wyz0QtHS5du3NCCCwQQ3xCEAMHumoTpphkbqbREg3CQuuotLmgn0A8aiai6SOrpIZHKpeaRk2G6N4q6ueFUNrLsFLTrPfr4xTXH8Iv2BNy2Y2zAhl/mUke9aN1LEx1cnXtsZAknYHfzilkLZcvVzyOwUjXlrI0Gnj6VVHuP+GwapN2ZFNL4KwblzIupYPAG5IRiB7gVob8Bw+YkYMEzPxMFPjlzAekR9Yf4WwRGa1aQKdIVeW0CNIoo51/DZ+0WfovYW9hLS3FzIyKYI0IgHTnv41PYfh1i3/l2ra+SqPrFVrophzZVMPcRhdRFzZlOg+Vg+ukRsQBtV2TCqRJOntWcH4PNyR3sg+K2rbhTcUMEMiQCAe/wp9gCjpoBA2AiIOoiPb0rvEuFYe6FzB5UkqUZlIneYMEaDQzTdLAsuuVmKkQVMaCdCIA8ae6d+CRxe4bZcQ9pG/iRT+Ypm3RrBkgjD2gQZBVQpzd/ZjWpkrXMtXZLgvRX7nRPCGAEZQAyjLcuLAb4gAG0mmt3oTYIIFy8soLcZw3ZBkDtqatWWu5aep+yXii/CM9450Nt27dy4bjNmySClonsREQo9aY4Poib/WNbdE+8UkNbZCIGqjJc0B0n19NJxpPVsVXMQNF76Z8IwDWhcLZZuPnIXYdkDSaep+ye1FcFHvdC8WCStxdbmYZb15ITWUAgj1pO5wDHrOU3Nbk6XUeLevZ7a7/AN+elxIojJRqvlL6GoVw2vkz/wDwrE/gxHvh/wCtCr/1VCi4+l9C7cv739mIr0fugsWdEymXUQGAzZtgNSRynzinCcIsSFe61zQ/BLx2SuUoBOaCdI0j21Ox0WwSQepVj33C1z/zJqWsYdUEIqoO5QB+VVrXoxWCb5l9GV4Ho4Whkwd19ZOcZABOgV2iTIBJI7xrUtheieIkfd4e1r8zZmyjZCqghtNzMmN60HJ51U+l9nEq+HuK9u2lvE2lDKpuXIug2izBiFgFxpB5GeVJ5H4LXTR8tsSHRkWwTfxi20JBhFS0oI2ytcJgDTQU54bwTht0F0uDEDMQzm9nBaASDkIBMEcuYqvdJMYLgS3dUXv2fE4q2euykXDbwbXVLKioAJK9kfhGpqqYHiCHB2bxtqP/AFQXDbtrCwti2SiJyB2qXNs1jhhHhGyJYweHXMFw9oTGb7tNRJjMee+lObPErLrbZb1tluMUtsrqVuMJlUIMMey2g7jVLx/ErV61wzEW8Obwu37l1rSi3me4LN0ODmhSVfv5JSfSPAX7uKwH393D9bdLJYC2z+ytasmWBEh2J9O0ak0SSNEy1yKzLplZuYe4j4u7ibtrq1t2rtq6LLi8oZnW6g0i5oS4nKEHlWj4C0Ut20IEqqgwzOJAGzv2n/iOp3oAcgVm/GOI2r15VU3C6Nd+K3CmBlMPPLy1rRzWb4jhl23iritYd83ZtXEUkIGZWJJGnw9kk7ZaiXKOzo3FTTl4oj+Lz1F3+BuU8u7nVJxlxRiotHKhuWwoUnLrl2g981ouJfq0ZirHLuqiW3iIpvlNszcuLkLn4wAQGHYRI3OarZ7HU4Vlkpaqog+mOJe3btxcZCXbUMVkBfDzpp/ieIZMjCQwCnsuG1EbjWf61YLXF8JefILltmBIyupBnY5c4E+lSWBwbdfbynQ3bTMCCdFYNp6hfak78GGeMneTHO16X4RD3Om+KYWkazBXICVLqbgBACPmkamJjvPfUxa+0Rkt5r9lJBXRWy5w65uyW5r8y6nnNaDirC3Ea24JVwQwkiQd9RtURg+iuEtsHW2cytmBZiYOoAjaNTyqGndo8iMo6WpFXT7UcNu1q6ImYa22wB5sJ3o937QcG76i6oylTKqdVknZjyq7vgbbb27Z80U/pUdxPg+HJg2bW2/VpuZnlVMyK1xH7TcOpQWUd1JXM5UdkZhmAtllLEqG1nQkaNtUtwXpph8RC5gHgSoJMGEnssFeMzMPhOlskxTrinQrBXgv3K22HzWlRSRuQQVKn1E925qOxH2aYB1iLgYCAwuR365Yyk691MC22nDqHUyGAIOokESNDtRqTwGF6u3bt5mfIqrmcyzZQBLHmTFLxQIZcQsM9q4iNlZlIDDkSNDUJ0Q4biLC3FvPKkjKs5o7yO6dNKs+WhloFQkBQilMtFimMJrQo1CmBwCjAVX8fjL7Nd6tlVbW86lyJkeHwnXXepzCXC9tHIgsqsR3SAYqbEhaKjukPD2v4e5bQgOcpQnYMrqyn3FScUIoGUS/0fuviLji4mHYY1rttnUP1ofCW0ItoxAaD1nttRj0A7CD9oLFcX+1sxtqMzZVUoFUgKDlpx0vwGIe9hm/ahbtftNtUCW16xGe26ZjdZmBMkgDKBDc4pjwjF3kdMU2IuXFfE/sLWbg+8KoSltsoA+9DZrjcsjt+EUDC4ngb4EWFtYnBqUv4i7aXEsbSol22UZFAYm5lzzpG4mpPBYC5ib2GxD4rDXTh2ulhZEg9bbVQvxGIhjJ7x3SWXTa1ZfGWlv5RaXB4osxEhM5t2w/oWBmq5/h4sYXGNg7hH7MuAuC4hKdbFpnuOcurBhcLQe4UAWviXQq5fLXHxt3rWa6uaB1a4e72XsrbOg7HzfiAJq42rYVQq6KoAA8AIH0qsdB8ZisUt3GXmZbV5z+z2YWLdtdA5IEkt5xueYq1CgQCtcowFcIoAwD7Q3u4XiOIW1cuIrkXcqsQJujM0AfvTTHoLbfFcTwwuF7mV85zEtAtqWkzsJVfpUx9smHK8QDHZ7Nsg/ws6kTz2+opv8AY8f/AFNfG1d/IH9KCtUmqsrvSzCdVjsTb5LeuR5Fiw+hFWn7I0uXMejNccrZt3HylmIkp1YgbfP9Kgun93PxLFkf9Yr3fAAv6VdvsNwpz4m7HZC20B/eJZmHsF9xQK2a3FdNdihFAjgFEuYdW1I1/OlQK6KBhhXIoA0eKAE8tCjxQigAkUKMRXDoJNABIrhFKAUIoASy0KUy0KYETieC27lzrCW13UGFaNdedSiqK6RXQKQqEcXiFt23uNOVFZ2gSYUEmBzMCof/AIswgwf7bnJsyASozsGYgBSq7NLDTlNSvFLGexdT8Vq4vujD9ayXh1u3icHdvksmETDYS1iQv/OvWzaN24F5MiQuYamedAy1N0gw/FbfV2Ha1ctX8I4N4C3J63OAupzEqjwOZjvqbx2HwdjFLirnYuXA6gknqwUtlrl1h8KkW7eUueQA51nuOD27eLLIn7RZXD4h+rjLktYxzZUR3WSpB3ylAdqddGb2IxV+8+JDNbGHxGITM2YLbxot9Vb12hEuQNhrQBJ9NeGjGff2cZhbds4ZrbPcMoUe8pzBx2QM6qs666Unwjoxijw3F2VvYW5cvLatI9p2NvJatpahmy6NlWDpv3VAYa837FjcCAGexibdhQ2iutzGqVU9ykq/oad8V4zibFy1h7VpMKcMzX7lqxaYqUAdXuhnyqyBX7oLSZECADTeD20t2reHV1LWbVu2ygglYQASBtMEiaWwWMt3QxtsGCsUbcQy7qZ5iRVL6IcXe9xC47oU/aMHZvAaQxtXHtZ0hj2WBkazBFSPQIlX4hbIjJjbrDyuQ35g0AWyK4RR4rlAGIfbZYcYu05H3bWgiGZGZXcuI+U9pfMRUd9j2EZ+JLcEZbVu4zydYZSgyjnqwq2fblZm1hX7rlxf5kB/+NVj7GHI4iR+Kzdn0KH9KYFT401y7iL9x7dxWa7cZlZTmQsxIVxGhAIFav8AYtj0Fh8PludYbj3J6t8gXKgGa5GUHQwPCs+6ecRduJYxkZlBudWcpIkWwqax/DWs/Y9ZK8MRj89263s2T1+E0gLxFCKNFACgAkVxxSsUm88hQBxRSsURAY1o4NAAihFAGumgZyK4wo1AigQWKEUaK4RQAXLQo1CgAoWuxXa6aAClag8T0YsnBPgbQ6q26MggZsuZsxbU9oz3mp6KFAFL4H9n9qwbxuX7l/rrXUXMwVfuwqoAI2gLAqxvwq3ldVm2XtLZzLBIRA+UDMCCQHbUg1IUKAKrj+hyNduXrTEPevYS7dDRkIwzhjlAEhmE+E91SnE+j+HxN1Ll+2t3Ij21RwrIM7KxYKR8XYAnumpamuM4hatfG6qd43b+Ua0xNpK2QHEuhVq89hhcu2xZtC0uUgsyr8GZ2mY8RrSGH6KYi3j7uLt4wpau3VuXLASQ8KAVZi3nqBz50+bpbaDRkcoPn7P/AIzP6+FSmD4vYu/BcE/hPZb+VoJpuMlyiY5IS4Y9oV0ihFSWZ19tVucDbME5b6EnXsg27ok9wJIGveKzr7KbrLxWwF+YXVb+HqnP5ge1al9rwb/DHhiv3luYMAgtEN3jUad8Vl/2U4ctxDMGjqrN+4G/CcmQNHOC+xpiKxxS6Xv3Xbdrtxj5l2NekuhGFW3w/CopDDqkMjYlhmY+5NeZ7StccayzsNf3nO/ua9VcOwS2LVu1bHYtoqKp3hQANaBodihXRQikMKRPh4/70kFy6SW8SdfWlkWBvPnXCtAAoFa7QoAAFdoUKABNChFCKAOzXJrsUUigQKFDShQB2aE0Kj+JcZsYcE3bqrHLdv5RrTSsG65JChVJxnToETh7crr95cOg8erUyfcVEHF38YjG5eLINeyzWVECYIIgiO+fOrWN+TKWaK43LxjukWGtSC4dhulvtt6gbetVrG9Mrr6WrYtryYnNcn/+OhPlqPGqfjuI4O0AS5uE6EWYSIj4rp+Lf96YNQPEel1wh1tIlqDGdR94VkiDdJzHfwq9EI8mTyTlwX/EdIb/AFYF+/kSJZ9LV0iQNLSrmO/LTvqBv8VwqqbguhgZMBct0wYlrpICGfPvg1n+IxFy4zM7EkqCSxJJ0G/M7c6StWi8Kis7ZNAAT8/JRRrS4QnDV/My0t0xQNlW0DbkEks+eSJnrQQZ8hHhU1wzpHhGUEtctjU5SOtGmv8AmjXXaGAHlVawnQzGOocBV+DsFwrRGumw8pqJxOAu2GRb1p7bZiBIygzl2PwsNeVHcfkbxw8I2LhfSWwUC2cQUnTLcbK8n8Kv2Y8QTUza4tetwsm4e5hqT3Sv+tefMOxCrlbTNsdPw6QdD71ovQzpThMNhil2BdLNnN1WZT2myZBsBliR3g1MmqujSCd1ZeukDLiLIS9b01JsyGDEbMxEGB3DmarnQfA4TC4l3UKhuW2WCzMSBLPAY6LoKrnSDpp1xNu1cZQfjdVydn8Kl2JJ21OkfSDwmDbMHTEBnacltptuW1EMT2CD6z4Vioyk7Rq5xWzLngeimFtYm3dFonIyXGEsyoVcN2VExsdO5fGtat3FYBlIIOoI1BB5g1j/AER49cS4bGKHVkxkzmNdiqXNieeUnv1EVoC8Zs4dO3cBXeAAWExoqqTm17hO9JWnTL2q0WKaFMMFxnDXTlt3rbN+DMA480Ov0p/Vkp2CK7QoUgBQoUKBgijUWjUAFijUKLQAai0IoRQAKFc9v79aFAjNMdx3F326sXGtn/p21PszgEgHvMjvqCuBLR+9dcPcbWAevdg28oDCg94YeUVWOIdLr1xGQNCadlRkXWRoFMka8z6VDNdclMxiY0Ok9o/L7a106opUjklGUt2WnF9Jbay1q0q3ARFxyHPPXq1Atg7a67etQWN4xevuGd2YwN+WkbCANOcCo60Q0gAk6QO/Xko396sPDeieJu5Cyi0kAzckH0tjX3iolNsagkiuMezJJOp215DnsNvGneCwN687rZtlj+IbA5hu50XSe6r9w3oVh7YBfNeaZ7eifyDf1Jqz2bAAgAKOQAAHsKix2ii8M6Dah8RcnQA27fPSNbh/QetWnCYC1ZTLbtqg203Pmx1PqakmUCkXYZdtKLJcgYRtDTq7YV1ylQyn5WhgfQ0ywbaVKIwigIFS4l0GwtzW3msNM9mWSfFCdNuRFVLinQ3GWlYqoupIIKannM22158prWlANFdJ2osuzBjbhnDAqY13BG26n/Sl7AZSmVpHnHzn5Tv9a2TGcMtXezdto/iw1Hk249DVbx/QK2SGs3ChGyP2l3nRhqPWaaaC7KRheKXLaMJIBygrsDoTBUgiPCKksHxGy1xOstBSonPaYo4OUknKZQ+Qim/EujuMsKc9ouoI7SfeLEN3CQPQVFIylwNQcvLX/lzqDt71WoVFsXpTYRnC2ZywAz/5riNSWTQGeU929S+B6c4hNE+EcnbMI5fEDGndWZZI1BnynbxkacvelRfaR2jptPvBqHL2aqO2xtmD+0C+w1wecjco7D1goY3G551L2emYy57uHe2sxJdWEwTAgdrblNZ10WW7bNi7eIKXSyA6kgHRUuDYkmN+QPOrNxHiVvD2r1m8zHXNZJl2cvqFCjUgHQ+BOutS4tv8HRHDJQ1SZPXunuGVSwS6YmZCpEfxN+lK4Hp5gri5mc2tSsODBI7mWQax3inFmNwKFQSBHN5/7gQX8IG86TXBa6uVxJey+Ywc4LZY+EiSoMyZA7hPIujm1S5N+wXFrF6eru23I3AYSPMbjcU9ry/i+I2lOW2rXG/Gzkj+UAVrP2O4jEvYvdaGFsOvV5gQZK9sKD8vw7aTPjSotSvwaNQmil6ANIoPmopauT4URkmgBShTb9n/AHj/AO3+lCgDzFw3A3b+ZbFtiRGq8tebsQB7irbwvoGew+Iuaje3b1+YkS58+Q9avFuyFAVQABsAIA8gNqUiqs5dXoZcN4RYsCLVtU72iWPm57R96fhKCsaGakIMBXGekXuV1LbMYUGgAt96aZXfQA61OYfg7NBanx4VElNGywoOqgyTmIGp5c+XKiyljb5IfC8OYLB3/LwpwMOyjUf61MNhSo0MEbkxGg591KLbeDsxOoBOUctJAP60rNFjIDbwpRal7uDVhqMp99aZXeGsNV1qrE4NDNtaMBSbqRPhXVcbUEBqjeJcEw2IE3LasYIDgZXAOmjDWpHl6iuMYpAULiHQTq1c4d8zMVyh9AoBJIJXRp7O40jnVescHvW8RbGJtZbY7R0XIxA0GdQRq0aHlNa6zVTOmfEgt21ZkCQWJOwzEKC3oH96a3e4+5KO68DjiHF1w9lrsAliOqQwfvYInnBEGY7vGs4xfErlxmLuzMe0zHn4DuHhsKX6Q4/rLmQMSlskL3Ek9pvfT/tFMHKhNFMzMkyTPKNKJc0duTO8yTapejuExLLcNydV57yTy/vuqawHF7btlxNsXEAJOUhHbUAL1kdkanXQ8udV8plAXmdT6xp7R70rhxIczGka7fEtEeTmnFc+TR+Ftw+5tctogP8Ak3raLBMkJaujQTlPa95qeSwVXOgfDIiHWyyvb+Kezk+Nj3mdtY0rHlzKhj8XLUbHf3p3hOL3bIQ27jpuew0DeD2TodhWtpmOmuDYsB0lxJb7vJetDQl5V1/ecwIn+E7gDxksB02w1y51TC5beYAKMZ8YiQPMCst/41d06u+lu6hCltTauE7gkjssfOpu1x7ClOqS4bZMhjiVLqwYDsBwYVeR01paUx65I1nC4u3cE27iuNuywP5bUfIZMmV5CNR686yxOGW8PbNy2ua68hmw03FteIVie1y5DXSpLB8WxuGtzcvC+zAG3auBUaCd3LEEc9JJNS4ejRZV5RotCs7/AOOsd/8Agj+Z/wD61ylokPvQHWagTRFafGl7WHdz3UjnSEWeNJo1nDOx0qXwvCwNT/vUraw4GgFKzWONvkhsNwf5m18Kd38PcVQbSAkHUSoJXXYmR3b8qlurNGXSpas1jFRCWE7MlSDEkbkeGm58qPb1UNBEgGDuPA0dSf6R3eNca5AloFMoNFcy1G/45bmAdBp/rT+ziEcSDNFCTTA1uisgpwaIVoGMrlod30phd4aNxp4cqmYorpp3eVAnFMrN/CugmP7mm5fedDVodJpm2AUyWOYk6GACB3ab0WZvH6IRGmKx3pZjxexV1wZVTkXyTsz7yfWtuxvCiUYW2yEggNE5SQYaOcSD6VkfH+h9+0wXIWkqouICVgmMziJWBOp7hqdaYRWnkqZssCCQRIlZ5g8x4U7KBBLgE7heQ8W8PDc+VXninCkuqqIQnVlQpj5RoV7xIG4PKhgOjNm1BI6xvxNrr3gbCig7qorXR7o++IuC44ItTMne5rMDw7zVzxHQXCspyZ7bEfKZUGQZyt5bAipbCgL50/S7QRrb3Mx4l0Kxdtfu4ugEnsHK0ELHZY+B2JqvYlXQqlxCGC6hgVb4m79a3KaQxuBt3ly3EV17mAPtO3pVah3Zh99QToY0Xf8AhHMf0pUu4uRrGaDzG8a8q0LiPQaw+ttmtHu+NeXJjI9DVVxfQ/F23zhBdXNM2zJjNOqGG9pp2Ohjg8e9u5mQsjZt0Ypz5jY/SpvDdLLlxlW8tu8GIXtLluQTsrLue4TQ6P8AQzE3yHuL1VveXBFw/wAKae7fWtD4L0dw+EH3a9vncMM59Tt5CBUyy6fyVHDKXPBV/wBoX/8ATP7LXK0LN4/Q0Kjvv0a/poEXgt/776ncH8PrQoU2csCSTenCc6FCg6UGNFFChQB1ai+O/wCW3lQoUCfBUrPP0qc4L8VChVPgxhyWZNhR2oUKk3Em39K5QoUAcakWoUKAEjURxz4D/Ca5QoJlwUjC7nzqSX9KFCqRyMVTlTmzvQoUFRHC7UdaFCkUIDc+f9aPa3HmPzoUKHwXHlElc/SmVj4z5N+YrlCuZ8nox4HlChQpiP/Z');
INSERT INTO `album` (`album_id`, `album_title`, `genre_id`, `album_img_path`) VALUES
(35, 'Meteora', 4, 'data:image/jpeg;base64,/9j/4AAQSkZJRgABAQAAAQABAAD/2wCEAAoHCA8PCgwKCgwQEA8JCQwJCQkJChEMDAwMJSEnJyUhJCQpLjwzKSw4LSQkNEY0OD0xQ0NDGiQ7QDszPy40NTEBDAwMEA8QGBESGjQdGCsxMTExPzY0MTQ2NDExMT80QDE/ND80MTQ0ND8xPzQxMTE0NDE/PzQxND80NDE/MTQxNP/AABEIAOEA4QMBIgACEQEDEQH/xAAbAAEAAgMBAQAAAAAAAAAAAAAABAUBAwYCB//EAEgQAAICAQIDBQQFBwkHBQEAAAECAAMEERIFITEGE0FRgRQiYXEVMlKxwUJUkZOh0eEjU2JygpKU8PEHJDM0RGPCFydDZbMW/8QAFwEBAQEBAAAAAAAAAAAAAAAAAAECA//EABsRAQEBAQEBAQEAAAAAAAAAAAABEQIhElEx/9oADAMBAAIRAxEAPwD4/ERMNkREBERAREQEREBERAREQEREBERAREQEREBERAREQEREBERA+yDg+H+ZY/8Aha54u4ZgpW1j4ePtrXcduKhJP8ZYj8BIaDvrxZu/ksYla1H1bL/FvkPD46mcNrorq+zWM47zJoRXsJbuqFVK6V+yNOunnGR2fxVRkrrTfYjpUrVI2rafKXjOFVnc6BQWZj0AmulCd1lg0Z12Kh6onl++XaYrrOA4bbXXFRHCKN1eMrL6qdQZ6xeF4r1g2YOMHVmrsCYybSwJH7ZPw21opPnSn6eU9INGf4sG/SB+6TaIh4Ph6j/csfx/6auPofD/ADLH/wAMknEcx6xG0QTwbD/Msf8Aw1c0vwXE/M6PTHSWkGNopG4PjfmlH+HSYxuEYptG7Ep00Y7TQpGstrEmrHXSz5Ay7Rrfg2J+Th42vk2IjCeRwrEH/EwMceO9cZGWWMSbRBHB8M8xh4/MdRjVkR9DYf5lj/4auTgoHQdeZ05AmCfGNorn4Hhn/o6B8sdJHt4Bjfk41P6lZcxG0cvdwWkf9NV+qWaTwjHbkcdBzBDJWqkGda6A9RNLYo11Ev1UxR1cHxyhS7DqdCNO8qoVbQPT8Jto4NQg3UY+Pk19O7vpRb0/tac/7QHzl2lYWZKDdu097TTeOTERtXFbTw/Ac7PYqEcDVqLcRFcfv9NZu+h8P8yx/wDC1yXZWrgLYoYA6rryKn4eU8hXXo28eC2EBwPn4+v6ZNEY8Hw/zLH9MZJ5fg+Eqs5wsfRVLnTHToJM75fHUEnQIykMTPFpJK7/AHULgsgUMzAefl4RtFbidn8ZakFmNSzkF7GNKnRjqdPSbm4FieGJR/h0ln1iNoqvoLF/NKf1CTMne11/b/YYjaNGXaz2LhUnR7K9+TavI0UdP7x5gepkutFVFrRdqooREXkFUTRg4xrrZrGD23N3uTYo0DP8P6I8JsyHb3a6zo9gJLjma08W/d8YHjXvLP6FNno9o/Aff8pJHX1BkLNykxqF2JuYIwooVwm4KCTzPQDxM59e19rVd/XwyxkBKvYlpZVPx0WWc2mulwOVKr/NvbX+hiJtA99viq/jOa4R2lrbcl6Gs32Pl1Kh3gVN+j4y6xuIVXXKKLQ4ahnOwkhdCPv1kssE3xiP4xIEREDDTWi6P6GbZ5A970MD1ERAREQNT1tuD1uVIGjIwDVsPl+IhshUIFoKank5BZCfn+/SbY3Dpr4aEajpAEgeg1J6CeS+i7vyQCxYkAATO0AHwGh1B5KBOM4p2qtW98bCqRkpr7uxnUg6+v3SyWm46deKYzaAZFRJYIoW1Tqx8JLLjx1HzRp8s4bxoY5ZzjpaXZiqXIGVAeu3y1+E7bs9xtMt3pFXdmutXrVLGYMn8JrrnEl1fK6n6ra6HnpzIMzpNDV7bUsDHmTW4Y66ib5hQmCInlmPULqPIHRoAgjp6qeRmQQRz8iGDDTlCsD09QdQRMwIvs+P9mv++Iknux9lf7oiUYscIhduihdAvMsfL1nitdqs9hAZhvtcn3VA8PkP4xZp3lTOfdAbZryUWf6E6SNmr39nsP5BQW55UlSaz0T+1pz+AgUme7ZNy0hthzEDuW5Gjhw58/LdpuP9gSwxUFiGitSlV+yxkGqsuEAFUH4voT8tZV8Q7P4wu2UNcndVd5lFLi40PJEAOvNj8egltXhvjY29r3a1lRNlYVVsv5ALz1/0mqjZqq3X2IuhxcTIT3VAVQSGA/ZN+BSK/wCTC6bcbFGgAGmikfhI1aOuPkUWuXdsiquyxtBuZwmvpzOksD/zB8moB9Qx/fMjbERIpERAREQEREBKDjXaSvHbuqtHcMFsfUFU/jK3tj2jNTnBxG98DXKsQ80P2f3zgbLWY6s3iZ05432s3p0GZ2myLCUVyF8w5LNN2Nx91r0DaAKRq7klhOXB+8T2x8z49OZm/mM7V3Z2iyNzL3rmuyt6nrdgpGoI8PLkZox80MlKZIFiUuzMiaK7HzJ8fhK41Ma2t5aIyo4LDcAZZjg+wult+x66q3UGlmLllDafDTXnHkPUanGqcM3eHUWMtdRX3isn9nluo4jjOteq23BA7odunjofWOzvC/aOJDGsDbMd2e8r7rKo/jpPptOOiVrSijZWoRUKgjSZ66zxZHqzw+BBmFsB9CZpsx2XnQ+3/tWatUfxHp+iQrcxazsyB3TnXYbGBrdv6Lf6Gc21qXHQHmx2jSepXI5R9bOmwKjqCQreOv7JKFh8/D5jSBvIB/zoZqFhFnd8iAgcv0ZSToB68/0Ty1hALMdAAWY+QkChmbWx/rWsbCD1UeA9BAkezZH54P1A/fExvPnEDTl8RONU3ty7gQEovrUCrIY9Fb7B/Z4gyupz8rErJu4fY/fOHNi3V2F8g+AI6ryGktMdVybWvdQ9FYajDRwGW0nUO/P1A9TKvCxj7RpiWv7OWtTh1VhLiheQexf6PVV69eU1Ee+EZpcLY+LktozXWWJQSHyzqCeen1fqgS1xHXIdcwA7K1ZMQWLtLE/Wf8B6yNdhbLlowXav2hC+VTqWRauQ3c/qseg8+stkRVVUQaKihEReQVRJRBf/AJs1/bycez0CMfwElO2l9Q+3XavqNpkbaTxInwXDV9PHcSRN+Rysx2/7zJ+lW/dJVb4iJAiIgIiICU/abjK4WJuX/jXapjJ5Hxb0lxPkXaHiTZebbcW9xWNeOngtYm+OdqWq2yws7OxJLszszHVmJk3C4fvAsuLKhdUVa1DX3MfBF8fnIlAXepY8lO4jwIHOWmTxdmtTJVU3AFErUFVQafD5zqw1Zq1h+7pUKquve62l7F0Oh+E6q/sTSbSlOZYpIDDvK0f904a9tTprroNqsBoCJ9H4Txaq+xd96o4rqKo50LjaJnrZPFmOMwuGk8XXhrtqozvZ7H0I3Ip5/sE7ntHwl7NuTiVB33Kl9Y+sychqBy10+cpqcF8XtEczMUmq63IuoyUXcrMenqNZ1w4njltnfpuIDBN4JImerfFis7OcIfGe26waG+hFfeyl2fcxJOnTqJfQPvHoRExbrRIWWgssWggFK9L71YBlI5hR68z6SY7BVZ26KCzHqQJpx0Owu40e5u8sB6r00HoNIEcY+z/hHaOorYlk/hPCkqdB7jMddj+8jH/Pyk0ieSvgR15EHmIEe5iyCsqRuI3jqpX+M85BKVs4GrEBa1+050A/aZD4zlnFSuyo6myzZ7PZzrZRqSfhIY48Lb8dK6W3E6KHdVrW88hz8hzMslFj9Fv+cmJJ+iR/PWftmIHDrbhWY6KlDVOjH2tqsiwrSi9dAT+VyA+JlxhY2NRiNfki5XAZxXTlOjIh+qg06n8ZzuHao9lscgqKXdkstVNzB22k69dNZdYdpybEtddteM5atdwYW3fa+Q8Jusxe8KdcegG7e1uQRZe7uXK+S6nwUfiZZpm1ka7upGgIIJM57Kcnx5LtKqHA0PORbrGBKlCxtGiEvqoMziugpylbidybhpXhVICdBq24n8ZIz30Spxz25lGu0jTQnT8ZxlbuMoIH53N3ZdveOg0H4SfkF1DbrtyKVsRNqqdwYGLyOtVweh89fMGepCxD/KM/jYCT485M3TCsxMbo3QMxMbo3QNeWjNRclbFXei1K3UAlWIM+J6acvIaHz1n3AN94nyftNwt8bNuJQiq65nxrACUZTz0+Y1nXi/2M1UHw+QPrG4eXgQeswT/kQZtkEkV3/VBOhUKobw0mzCpRldbbBWroWW1/eG9eemnxkM/CB0vD+NOiHHyB3+O4CvjWnUEfDynnJ4L3qG7hFrWoPffCbQZNXp+VKvheBkZLivDQu3Mu3IVqvxJ6TsMbsnkVqt1WYqZC8yERhV8tf4TNsiul4Iti8PxVyARYuModX13Kfj6SbOYo47k0Xez8UpA5BltpUsGXz5S6bidCvsewa9213L3htGnl8xOdnraVYNSq+God/io/jPZmjEyUtr76tg62MwVkOo0Gom4MJkYImAsyWkPimctFDWajeVIqQsAWb+Eo5ntHld5lmtfq44Na+RbxlQV15eZCgaakmWeNw5ncnLfuF0FjPejFmUnTl/rOkx8XEwgHLIjklBkZLrvY/DX8JvcZcj7Jk/zOT+rtidt9LYv51T+vWI+r+Lj5aLlC1q7hu7CitcclAq6knd8iZYY2XWbu5fKuYMUSuyi10Xd6+UrKmUgK+1FGhK92oDH5nUw1aE965G1Sqa41TMoPz5DUzpjDp2x6ddGzLdQB1zV1mnL7uutn9uu0BVVC3pYQTKHItZmULXUV1ATZtZh6jTWbEVCrpbSvujSqxGWsKP6QPM6/OZxdTuHI5tpRbSFTG7zvGsVebEdNZLusL05D42Q7qLkrQ2KoVz7oPh0GsoWxQ6ha2A56lWABIgcLc8t/LyIOkuD6PTkomm90HIqSbFCkzcOI1dO/r18u9WfM04VYOS2AbuoXUCZHBnH/AMg9VImfifq7X0HM47RSQtjjmA3uuvQyQOJUmsW9+mwqHDNYo0WfPX4RY2rl1JdQLAQ2u8eM9pw+xK10sX3WZm0Qkt5DnJ8w2u9Ti2Ox2rfXu6FS4Ug+ske1p/OJ+sWcD7HtrJdtz1qzF9oXceZhKF37GKjVQ6EheniPSPmLrvhlJ/OJ+sWebLa3RlsKMhBLpYVZSPWcWcJQVVxoSAyqyhSynxhsBD+V49VKgx8mqTjeUluY9lFapWpCU11IEU1jx5efWRFYMuzb1dTuXmyiXORwQFd1L+9qTssK7WkPh1Pd5RF67SlZ1Rxz1Ogm5fGHS2Y2PRh1Y746XOlZAdq1DEnU6yhzOEMy35tZQU1vWoRNA41A8PDSXAsATcFJ5dABppK3IvRn7ttw94M4XTQGSatdF2ezUr4cvuKgq3FggOrPz58uvST+BcYOVXYxABqsCHYGA09ZQ4xWrh7Gti6G5/ADRdplfwrE7ypn58rG005iZzVX1mBaql0qLPWHKWJorkfjrpKuvBzPbGvoxnQpklg1hChVYEfoE3Dh39b01AnocP06A9QOrQOl4fiijvSGJOTd37qF2oj6Ae7JXeGcicDX7Xo7QOHeO5+nUO8mK682SFnhbaXrYI6a926NyYjlqNfCc8uCV6PZ6WOD98l4yugSj3e7sZ7Gd2Y2F9dYzB44xlVjKbGWnQuq2NZU4VmA05afHSbe0GOL6U7urfZYqstjuFdE5nr6ym4zlrXxHvnBIrrI0TTcSdRL1bfexxr0xgPXQS/lRT/R2P5ftMTZ3D/5cRLoobcRG1IXTVTyQAc59J49gDiV/Z/g+Lm91j38HS4jHUXUHLUEakKR72gI18J82Dzt/wDZti21do8A5FL1jJw8u+g2oUL17SNw+E3GaruC9gzlcZzuDjNKfR/fE5JoDiwqwXpry6ydgdg2twMTMGWSMniY4a1Zx1Y0r3hTf158wJ03YsEdt+N6qw3LmMm5SNV7xRrLnsdkIvAsOqzrk8Wy66tejOLmb/xMuJrhrOwbsnFhVlhm4Jb3Irsxywym2Bh+V7vXSbK/9njfTH0QvEV3Dhvt91q4x0Q7tu3TdO74RYFy+1DMdAnF6C5Y6AL3aSLw2l6+33EDYdRkcGW+osOleqDQeqmMNcNj9hLrcLEzFyv+a4t9HXIFY9zX3jJv+tz6DlKo9lrh2hPA1yOXtQxvbDu+xu+prPrHZTJReC41bjnkcWzlqHI6utzt/wCJnHl//cQJ/wDaD/8AOMNV3GOwl2JjtkY2el7VcSq4dkIaO6ZWcqAep+0DpM9qOyeRw7GGSMs5IOeuA1fdLVtBXdu56zq+J8cqbja9n66H7y/tFh5eVks47o7Qj8h8lAm7ttTY3A883OH9m4tTk1PqoPdkoBqB/WYRkNrm+Kf7O7K68gJxVXtrwjmLiXYoq3rz5ahj9macX/Z7feOF2DMUDimG2c7nEY+yLsUgfX56lwJ9A44we3iNGNd3eVVwAM1wC291Tqx2lfM+c98ObXg/D6xYEN/ZwJQxIDK5RB95EYbXz7iGYzdkqktZcmzH7QNg4bZCBXfFTUAgczoJxmRXZRTi5S0I3tddjstabRWysRp902jEtREuspcV982MtzhigtX6y6+Y8pb49K34eFQ3Snu8s8yNKt7B/wAJi1qRFuxSttleSdEpwKc64rii1izaDboT4a/CVdowmvZbCRWKgVsGGysbNem3d0+Osvr8hXuyMmxQ4s4HRY9VjsqsCynwlFl3h3LV1JUoTaUrLMpPrJFS7OC4wykw6yxdr6qrHetkRVOh1Gjnz8pBzMHH71KMQWW22OEK3VNUpXprqGP3S6Z2HHUXwbLxwwP9VZHwcqts3H7vFrqKZlRd67LGLLuHnGjxkYHdY99WHcbWxVPtOM6lKmXkCyEHwPn85uxeHFFWjHybEusxq8laLK9KWcqG27tSf2TRhM62cR3qf5PBzFfmD724D75Y23qN5pp/3qjhWPaljuWDV7AG2j7QUwK3Brych7x35BxsZrairEiy46hV6DrzkbFz81wwK2dC6kAOSQCfKWHC8iqrEpuvtetrs4ZNa1Um0tWmg0PTxYzXZ/JZmRUp0C2WCtt5UFSpI/YZYLSnCtaut3yshTZWHCDhDsA3l8ZoTHvF7pfbkV0oWRctuGuQzAjlpp4jUyza5zTiCq9ELWKqs3GSwDFD4fk9IuuBwjZc24kLkWt9MFmdgQCdvmRNYz6pRVe1TW99lB0KPXR9HMQ6nQakgdOZ0m/FpfbXbmZV6MzMFxn4U5DKSRrqB8pZYDGwPkB17uyt6Eqs4yUsVVb3dfMDSenyktaptpK1WLqbOMMQ1Z8F5cuYBjBR8S4MtmQrNdlbbFcu/wBGWgJpoR1E19oLWqShKWtNrVbbK/Z7KHoHLQ8xz1lrxziLUU11u7m6xXKZNXFDkoo1APIdJzmRxGy5+8vud32hO8tcs20RRW9/lfayf78Sb3o84kVVluTf1WAE+ldpeNPT9Ccd4PlY1pwOEV8KvUWpdZVcV56prrPmAeeg46/CVHWp294iuaOICynvhhtghjijb3Jff0+cjY/a7OSjFxq3QJw7PbiWMO4BIvJYnU+I988pze8ecB/jA6o9tM/bxBd9Y+mXL5xWgBmbaF93y5CSf/UDiJzV4iWo7+vEbCFhxRoaSwb7xOO3RugdNX2vzUpxcdHQJw7PbiePrSC3fksTr8DvblIv/wDQ5P0t9M7k9p7/ANo390O736afV+Uow8FjAvl7SZQ4t9NF0OVvNm9qQU3bSv1flJN3bPiD05uO7VsnFbjkZetA3F9FHLny5KJzIeN8DrX7e8Qe6/ILY4sy8T2LIdcVQWp5/t5zFPbziFYw9j0j6LxzjYp9mBIq2hefn9WclujdA+kcUz1XsslWTkYxzOI8dHGHw8S5Gdan1PNR9WcVVxe1FUVso2YluGuic+6Ykn75WBvvmd0f0W1PGLEbftrb/dUwyllYdGqGmnI/KaMnP71t7LWmibNuPUtSkc/ASBuEEiMhqybij+1Lmbl3rYtinYAu4aDp6RlcVe1VGylNlneK+NjrU2vzEqyRG6MNWuTxq+2tqrFqAtKtk2UViu28jpuPjA4o6XU5QID111116oCu1QBz9Osqd8C49GHIdIw1OvzXsFYsVQtFZrrWtdoVSSfxm1+Iu/8AKPtLCurH126blCkfdK4OvgfRo1J6QL6vtJeu3RMf3dum/GVugA8ZrxOO20uz1JTrYVZu8xlcAgk+P9aUpdQPe/RMB9ecCbk5Btte+xU3WuXcIgVQflNRYfZH6BI+4+cB4EjcPL9mkbvOR90BxAkbxE0bxECNrExEDOsyDPOsAwPWsazzrED0GjdPMEwPYcxvniIHvfG6eIgey5md81xA2b4LzXrGsDZumCZ41jWB6DT1umsmYDQNoAM9M+g0WanbymAYGdJ6BngGCYGzdE16xrA9EmAxnjdM6wPW4xPOsQMRrMRAzrGsxEDOsazEQM6xrMRAzrGsxEDOsazEQPUxrMRA9RrPMQPUTzED1MTEQMgxrMRAzGsxEDOsazEQM6xMRAzExEBERAREQEREBERAREQEREBERAREQEREBERAREQEREBERAREQEREBERAREQEREBERAREQEREBERAREQEREBERAREQEREBERAREQEREBERAREQEREBERAREQEREBERAREQEREBERAREQEREBEzMQEREBERACIiBmIiAEREBMREDMREAIiIGJmIgBBiIAwIiBiIiA/hMxEBMREDMxEQMzHhMxAxERA/9k='),
(36, 'Hybrid Theory', 4, 'data:image/jpeg;base64,/9j/4AAQSkZJRgABAQAAAQABAAD/2wCEAAoHCBQVFBcVFRUXFxcZGiMaGRoaHB0dIh0aICIgISAdGhoaISwjGiArIRodJDYkKi0vMzMzHSI4PjgyPSwyMy8BCwsLDw4PHRISHTIgICkyMjIyMjIyMjIyMjIyMjIyMjIzMjIyMjIyMjIyMjIyMjIyMjIyMjIyMjIyMjIyMjIzMv/AABEIAOEA4QMBIgACEQEDEQH/xAAbAAABBQEBAAAAAAAAAAAAAAAFAgMEBgcAAf/EAEQQAAIBAgQDBQUFBQcDBAMAAAECEQADBBIhMQVBUQYTImFxMoGRobEHQlLB8BQjgtHhJGJyc5Ky8RUzU0NjosIWJdL/xAAZAQEBAQEBAQAAAAAAAAAAAAABAAIDBAX/xAAhEQEBAQACAwEAAwEBAAAAAAAAARECIQMxQRIEUXEyYf/aAAwDAQACEQMRAD8Akvh3a4hkZAB7QzAaNJMnXYakH5aiMfxbI2TOzqAQMoCAswMbH2Zyj3+lErt+4WBmQVXYcxmkSSTzHOneHcLUXEuumaRLSB4SNRo866CCKxnWlAw2IvKym7KqzAHc+FR4s2Uxn1VZIO1WrCYcMmuqtb8QMka/d+lNre8QAURJ2HXxa+8gmn7DNJjQdBpWdKdhkACzCAACOQ8galsg5EEdRQgIdzS0DAaEielIT8RhxkYDTNv+fyqJZs6uGBEgkD3a8qWj3JAMkc9KIlNtjpUgjG8OW5bVGnxWmWekhTIPURNUnAK129edSEKqiQAPDcUEOviUkDwjbetM7sZRpsNPLqKoXGMEuZmFsq7o5ud2qk6ZfFJZZccjrudKZSZS1lv3FOs2d9Ns77wAJ8VCVvC1bwrGct9bAgcrqm2QT/iSdf8A2xVmwOHABlMrAwfCBvBgQW01Bid5p02FhRlECIECBG0DlSgfit0my5e5bEKWKiVOgmJFzX3gjyo1ZuKyhlIZTqCDII6gjeoqtbSEyt01RtpAkmIiSNanJbjYUIljAqvcV4/atnuw0sdNPOhXbLtFlJs2zr94jlVFVyWzEkneTWe69PDhJZr3HXCzux5saYrjXAVqC90c7NYHPcBjQVp+DtZRVa7H4BlQErv1/XpVwROVc53da89zJPhD7TUHGe17hRLIahY+34vhW3mLwjBUJOwMn4Ck28ajk5TMc/5Upbc2nHr9KFcFtN4weRgfBSfmTWpOhb2Y7QXiLbgAan6EVIUl0sE7llJ+FQ+0Nlisid4j1IonatlUtcwpWT6UfELX7U229D9Kg8PxTE93kEBd56UZYDIdtRUHB4aLkx900FG/a7n/AIT/AKhXUU7rzr2pEYbC82loUxPI/E/Wqb2f4biMVZF79qu28xP7stcIV1OpXxiFO0EECSNYq/YVdKE8Qwa4XB3u5BQJbuXFli0NlLTLEncVSg/htW3nQ7fn1gaVOw9vU89Kw/A8VvtiLZN65rcXMA7AGWAIgGIjSK13tFd/seLZGhlttBU6g6cxsarMq0aW3JqbZt8okVhHZbil5sbhla9cKm9bBBdzOo3GaDPOjf2j4+8nEHW3duovdocquy7jkFI1JArWDWyW4gqfdS+6PnWdY7ijpwiz+8bvbmGZw2Y5oRQS2beZZBPnQz7KOK3rvEHD3HKdyxyF3ZRDWxIFxm11OszqfSjE0zjd1rdvSAWbKNSOROnU6RFAb9hnur7X/aLQpiGYrHMAxB3rFsTxjFZrn9ovGGMfvLmmp19qP+atf2lcYui9atpcdGS3LlGKyWMAHKdYCk/xU4mjrhDlOjTOx1I25yZ67869bCHw+E7fPSqj2Os3P+lYy+925Ny3cKMzsxVLaMAwk6HNn2/CKpfBcXedrTtjHEXUXuy1wsRmXUxoQcxEmem1WLWtnDEvEg6x7Q0129gTttJp/HYMi2xBIIEgjqNff6VQ/tIxV23joS66juM8K5XZrhmD4SYERzj0org+KlOC2s7u1y6l9c2aWhFvuWDHWQLYAPmKLDKym+zXLjGCWZifiaJ3eCNbw7X2ZSCVRApmS3nz0VqKfZZYzY5Q2oNp2+ERv50b+01GU2bPhJd83hGUeEADQkx7Z50WY9HDntyTugfBuy4u2TcO+UmKtfD+xFhcrFZMT1+Rqk4DFXEFxC7KozCc5GXceEayxICjTny3o/xbiGIw95Ie7bVvFbbxQUgCY1BXbkfvbyKz+LfdXPz3epjQcJwsKAAABTwwnjOnIfnQ3B8dD8PXEXYRiQj6aZs0AwCNDoSNI1FVKzx1nXEXO8bKAMrksBq6jSNJMHbz8ydTi4Xla0H9lofxPCkyF0MCD50nsDizdw7ZizFLkSxmQyI4MknTxzWZcT4pc7+6FuXNHdQA7E+0VGVZ3k6AdOdWDWoYCwxtNnUKZjQyDoNRUfAYQKzab6/QflWc47iWJt3gBcvIXS21vxsoMqgzQxyRoZnzMirpguKG/wAKxF5yVu2w1typgyuU5gy6CVYajSZjStTqCn+JYUH0DT86IYdAVA3EbRpWV8M4tcN60Hd2AYAgMTmA1BImCeX8ImTrUnivaBxiHe2xyAwFJYABfCZCtrJBO4OtGLVy41gb9tLl1bxW2kuUBMlR91SdAT18/KifArpbC2r1yMzoCY212g86XhLHe4JLV1mLXLf7wmZ8WpWfKYnyohYsoqKiyQggZiWPvZtSfM1nSh9434RXU7kX+9/qb+ddSiMHiCw8MTOs6ac40pntM+XC4gjfubkH+BqVwrC5QNSfdSe0Z/smKMf+jc/2NR9TEeF6XrXQ3EgnyYfr3eVaj2kvEWMYoMKbbGPhWT4AkXbZG4dY/wBQrTOMXy2GxBYGTaOpPPmNP1rXS+wpHZJ4x2FP/vW/9wo59qDTj7jaaW7Y3E7HYbkabjQaTyoD2VWMbhdQZvJtuPF8KNfaYB/1BwSAO7TUjNy/R91QJu8W71UtqfDY4cU/jIDN9VH8NEPsbaMc/L+zvr/Hbqr9n7TEYlhqFwzk84BKqPiTtVk+xs/29/8AIb/fbqqUrERLiJOYmddgTPlqT/8AHlrRPtLee/jr5AJJusijXkcij5D40JxQ8T6/eb60Q46WTHXzJRhfcyNx4yQ3nvNKbhjcEMPwu7aWP3WEuLsDJFtpJGxkyffWFcGY99Z0kd8k+uYdP+K3biWPF3hl2+v/AKmEe4PIm2THuOlYLwo/2iz/AJtv/cKzCvf2pui41e8RnU2FAg5dQbmoaDsWU/DQzQe3xAPbw1kSRawuKaQfvumIYhl1k5QnPSTvRj7Vrp/bVWRBsKSp8muaroQG5T+VVXgllne6QDK2cS76QAvdOoiP7zRECNOujPQHfsnP/wCwjabTnpG3LbnRftgTf4rZt7hEU/ElvploN9lrM3EQWJZmtOSSTOsbk79ffRzhuW9xfEv+B8i/wAJ/9a5+T09P8ad7fii420e+dNBmuMBoTHiPLy1B6airn9o91HGFC3EzW7UOBJIIyiJXnv4d4E1ROL3D394HYXX5beIzrv8AOtAxv2fYjEXe9F20lt4YaMzQYPiUgAnT8UaDzrbz0Ox19RwWygOlzEtPnlRj7vFAoPgc/wCx4gwSBdsgakgmLvImN0G2s0e+0XAJhbODwtsHLbW4xkA5mdkBY6EDUvHTSNqF4DE2/wDpF9WaHe+ot2wTmYJkLZZnbvZNMS6fZPiFZsTbTUDu33GphlYgKqhV8CwImN6zDjLRibwDQe9uEHxeFhcaAYGp00I5sNRrF0+x7iCftroEKl7TSc0ghTbKiDrIhzM65hoKo/Gb0YnEjUg3bgjrLmJ9NxM6jaj6hntVjkuG0nea2rKz4NMzBIUyddJOYA7gRuRYezllhwLGuwgOWKn8QVbayJP4lYeoqrdq8E1lrF1WnvrSPH4WVUGny19avHDuNXMXwLFNc1e2Gt5tBmUBGUkAAAgNHumn4mb8KvZL1u4NkY6nrBIqX2bstiMVZtGCGYF55osu0xvIBE+dC8E83VzCd9IA+6RoBp0O1TuyeLNnG2HGwcK0H7rSrH0AJPuqDenGg05jp+VcUiTzry8pGXXmKSzNl5/CubQdD/iH+mvKcj9aV1Ke4V/D05fr4U1xsKcLfVpg2rgMRPsEGJMT796VZvqdjrMQeX6FD8Njkxa3bcELLW3O3KGEjWYYxUmUfseHRgVa82VhuiDbX8dW9cWl6xfVhcRRaktCnQxOUZtSJFEsb2TwxZRlY6ZR4yCABpIUDpvUuz2bw1s3LYDRcthbksdQNgvStbBijdl8Nhf2vDlXvyLyZcyW8uaZAJFyRJHKjvbvBYR8ewu3b1t+6TKERXDNHhUeKQT1IAHWj2B7KYS1cS4qvnRgwJcnVTI0O40FSOLdnsJibhu3Vc3CAJVyui7CBVqxWuA8Lw6cNxt1Wu5LsWizqkgJqSmViCCWHP7tL+zTDYe3jH7q5cZjZb21QKVzpJDKxO8Dbr0qxY7A2bWDGGVSLUkRmM+Ilj4jrvSODcGsYY95bD58hTxOzAKSGMA7agGrVjNbmAwWdg16+OZK20cAnlo8yJAI3FWHt9wiwuKa7ca8ouBCSi2yoYrl+84bXuyTp1qwv2QwTZpR/EIPjO0zoYlfdy02qfxbhVjEsjXULFFKqZiAY+em/KrVhngItHht/CrcZhbt3ELNkUhLiFwR4ssQ8gkgdYg1n+F4ThLd61Ny+DnUqGS3+LScrnKCwK9fKNa0HB8Jsot1FNwi7b7t8zsfDDDQnY+NtfOmcB2fw9tldFeUMrLk8/PWNBp5VJA+0Thtl8Ql27duW4ti2CqoR7THUswjc/DzFReyvCcOmGx13PcKmw9osRbJVSmZ8mRyCYynUjly1qw8T4XaxFxWuhmIERmMQGDarsdQNxUgYO0tt7IQLbuZsygAA5xDQAIFKVLsPhbGHxecG7mW05Iui2hyRJJUOXHkSuo8qLfZlgZS5iXHjuuSDyiTMe+ah8d4Rh8NZxGItoyu1s2gAdALkJlVdgINWPg02cPbtos5FVYmOmZpjfc+dY5Ta6ceX542f2yzieGwhvXWZ7wJuXMwCoMpDH8TAamQNZ0O1bzgoFu3GvgXfTSBvVNudmsEbned2Q0kyGYancx1MmrDaxQChRsAAPQaU2sYp/2g2LFzGWzcu3bbJbATu0WAzMxz586kEe1H9wdajYbsTZbBJet4p1S21xw2VATnCKzTnhYVR5++KuF3s5hsS73rqEyAGIMExAABiRpoYOoMVPThVlcO2EVSLRkEAydWzZVbeZMz/SbRjO+xnDMLZx1l0vXS8soVkC51YMqtAacpEttpl1jWKtxjBYdsXdUPdnvLhbwKNSx0Gsk5tNfLka17D9jsIly3cAuNctsrLLloZIj19kaeUnWTQbiXYTBG5cZlcl2znxnQkkn5k1asVztVhsM9vBm9cvKRaUJlRTIIUlnLMApABJk/mQS7LYbDnhOOS291rZchiVXNJW3oiqxDcomKs6dl8Pftr3neRbQ2lCuVm2Qsq0e1sD6gHepnDOy+FsWLuHtq4t3TLy5JJ02PL2RVPSYvw/h9jv0Vbl3PmgK6BSG1lWEyIIIPnUS5gsKCyu94QSPCls7bffBjzirzxPs/hrTm5ZFzvFeQzOxkloJM77nXzpCdm8JdhnZmaOTn5CYFOpdeEYgX8PZuAnVQdYBmIJIBIHXepV1XGsgqZmTt0gRr8R76G8FwtrDYcpbDFUzPlLZvMgE9SJ99PYDii37IuqsAlhEzsxAPLeJrJIz/AKivKj/tS/qK8qT3AkloMRMjzHn1IAj31VrXC+IWrlxbJthWuF5YySWO8FTA2FWXCIoKiS0LE8zA3MbnTbzovhrQGumtWrAO47xbLGGB10J8Ua/Pl50uyxzE9Vj50bfefyFcltWnMmbTlvv8fdRKgouetNtiI21NGr/DFfmywIAB+fmNfWhOJwLWztI/ENq2AnjTt3Yn8Q+hqb3kKPNR8YofxozbH+L8jRG2AVX0H0oMP94a8Nyk0i4aC9tuYpNzFLbTM7hFG5YgD4mlLoKoim7xDFoxRv2VHkSIUqOZJ9otA01gGKlIt1zjlhbgR7ioxUEZpUEHYhmEH41OdyYI11mgvazh63cNcJAzW1LoeYK6kehAI+HSqt2R7Siz+6vMe7PstvkPQxrlPyNR/OzpbO0TF2w9r8d5SR1W2C5+gowjmKAm8t3G2iviS3Ya6G87pCj/AOImjsVKlM5paMWIA500RpRHh2HOtyNoygicxPL0/p70CwaAqLoANCfurzdvM8vXzpxNIgR0B5DqxHsz8TtpFMKkAn2mPiPmeTeajkOe45VLtIIMSZOp6nz6H/ioHUEbRy1208o2HlQbjFwi4TGmWd/yijA9/wCvSgPH76o5k6ldh6UUp/BHY2ySI8WmvKB6GahcUxzFiinwjQxzPOffXvZjFM6sDAg8vcNZoe7knWNCdRzkzr1pgVrHl2uZRIWSTpuQdtOX86n20UZAFA1EwN6U7jOw5jX4k86UzQbZn74oTzieAx7M/wCz3bVu0VACOJzH7wY5CVBE7GfTep2CwvcYVbbFMwHIzuSYBIBaBzgTE0riOONu0WBAg6yB7M670C4ji2uA3LZMaEaDQAdaZNG4cyn9RXVC/aT0+ddTi0cwjurqr5QpJygGdh8+Z99GFvwV2jlQFWBdWOaV1G0ajaJ3ipP7TOXoJP0rJFncNBnfXapWDPjiB7Mz11E/l8aGYDYTzJjWdOXvgfWiuCteLQwcvL1G9H1JTGOQOu23vHnrSXYaz89Pef5jQ0+1toMRv0/rUK+lw6C0GHXMFA6GNT56a10Ct9oeEl1GRo19mNNASYjXzjXTUSNlraZQoI+6COYI6gjQj0qbxHDs4VVN1WGozQM3LdTmCgkHkeczUjDqSQmQlFSCjRJI2CmYb5HbWKKYGBa57MkUbscJV1lCdT7JO3QBuvkfiaYt4RgfFMzqCIihBgwvwqrdmcSbVy5gWBJtMSjb/uyQQG6HxD4+VaOuDrPe2WCfC3L2JtYtEe4VJslUztAC+EtJMCTEUNcZvQ9j0K22ICExs5yr55jB0is14wbDvkRu+vXGVe8UZLa6wFtovtRtJmhWP4rfvf8AduvcA2BOn+kaVO7H4bvMbZBEhW7w+iAvr/pFTpOOCt/tD+y4vEZbYf2Lay0BRbERoDOtFeA8adlW7iboUXX7uzaVdzIBbQFjqQNT16is/wAXeL3Hc/fYt/qJP50e7EW+8x2HU7JmI57KzCB6xSvzMrUO6O1WBLJJ2gAQPIczHU7R008w0toBxIMeQ1HmPOitt00UMNdQOZjy0iP5VOJpLZH18/Kep0k+gGwr1Om55j6Hy2/UU85ImQB5/wA/P5VExOJFpZ1JJ08z69KkkEdfQx+pqjY5TcuMxOkST0H65VZkS7cI7wlFOwECfL/monEcGmbLHhAGgkSep6mik32UYRcPLQ69POhucgk1L4Tilt95AzKW0E9Np8qiLTPQoXecgtqZ+PM/0qBfg3A6OVKmRAmYGxHMloHoKmvGdjzk0lbsNMVIL4qrXTNx/EohECHXMdCDMQdDPu5U+S1u33aq0HSWKCdDtDdYMUvFgBSRptBgdaZtYkRopYnc/wBTrToM93c6NXU7mP4D8a6rVic2IGsMAKesXwRuP6UIUHqIny/UU4JjejBqy8IuSx5qY0/Pfaef86suAEO0/h+Oo1rPLWIdBo7DLJEDY+nP0q18G4klzwucrxvyLT92dvQ9aM7MqzveADGNhMUNuOtyS6tAnQJJA11LN5dAKXicXAZSPEFLDLrI6idx8f5i3x73AUCkSJ01nTmu+01qLSzdGhKgIdpytAkZcwIJHIb1NDuX0UbRlJkEwGkSNIHTTXnUThOCQDO2V50ExAOoMbnz360Tw2ByvnGnlMjWJy/h2GgpR7CXCdfZMEk+0NI+994QRuAd+lO23NwHwgH7pJ3AnWYn3Gn0wymNxGke+YPXXWaqnbrtN+yI1tUe21xf3d7JnTPuVeGDBokzB3nWCKLTJtxJv8dFu/btXDbC3cy27gJI71CJQ8gSGEeYI6Vn3a/ga4v+1YG3mUZxeCwCHU6kyZYnXQcoqh9+2UpmOQtnKzpm1E684JE1rH2R2bi4e6zpFt7gZGP39IaB0EDXnJ6Vmu+TjNZCKsfZTwJjb8x3eGZVP9+4Qi/nUTjOFD426lhPC111tqOcMdFnz2HoKn9pOALhEt6sXuAZhI8OxIIG+vu0ovKenTjx2VWRV3+ynh5uYxrn3bVsz/ifQD4BvhVLtKpYBmyqSAWgnKOZgamN4rbeynZ5sLhD+zXbVy7dIud4yMUdY8KjKwKiOesSdNaWOVyDPGuIWcMguXnyIWCTE6tMecbn0BqaltZS5vGsqdx+YrKOIdluL37p7xUuK1zvWOdRbLQFgiQ0ZQFiNB6mtRwFq6ti2t3uxcCwwtAhBGwQHUACB7qXHlxk+irXQQSoJ89tfOagYXCBWZ28T7z0PRRyqDdx5tXFQMJuSEUzDMNYH96NY8j0ovhEbKATmbmepqZJRZEsoB6chr8Kr/aHFBXKj2io9w60Qx/FIlbZ1/F/KqnxFj3nUkTJrNJ7BHwN6n6ClI+lN4AQjx+I/MCnErUZoXeUTcY6RJk9Ad6GcSuDurgDAkDUA67ii9xiGaOp+cignEkYW7kjQZjmnfMRAjfn8hVCi3MDbFuQ7hsoPtE+1sY9fpTmAxhNsA6kGJ6jl76au8OulNHkEAQAJyrqvnzOlTuC2FK5hqsAA+YJB09dffWg970/hrqLRXUEHRDz504E+tNIxnYb6fr404yP1+RpYLkD4/X/AJqXhQHJUnlqP+fKoaJJEmpGFteIkEyRHzoK4ftiW0i2GdQ2UZ9DtMgjl86j2Vt58wJRuTbj+IRv5ivAB3QE655j+GmGGhrOtYm4XEXEYgKHWJDJ4oM7leRM+VE7fElBEhttuXvB1qrW21nXTpRS3iWIGZiR56/WlLZhsWrqSOQ2qrds8dhltd3jMwt3TlzBSwVtwZGqsNwY5GonaLjX7NYnuXu55XKAQoEeIuwEqIrJTx2/3d20pPc3SSbbS4XUEFS2oIga0Wuvj8ds/VDLqgMwU5lBIB2kToY8xV97D9qWRbOFuMqWs9wd4xiFKkqoJMA5zuesVns1deJ9n1ThVu8CC+cO5HRxET5StFdZl3WlWOzGGFi1byK/dHOjt7WYnMWkRqTrWdfaRxHCXbimyFa4Z7y4JBlfDDddvlV+7CcSF3BWZPjVe7OupyeGfhFZ19puCt28ZKCDcXO4HXr6nnR1sHDZbqnVqv2VcW/cvadicj+EdFYT8JBrKqfw+KuWwwR2TMIbKSJHurVl+NZLLK1Hg/apV4rfsg5rN91AI1i6qKpYeRykH0WrV2i4+mEa2bgPdvbuwRv3iBWVR/iGceoFYn2XxyWMVbvXASiEtAEknKQAJ8yKm9se1L464pK93bSQiTO+7MebHQeUVMXxzZfi+9vccf2NbttMwZrbqxMFNmR185gb8zVuS9euG2xXKhIML+fOsk4PiHx4wmAgpat+K40klgPoNYA138q2Nf3YlRKDdZ9nzU8x5/oUvbHk4/mSK6aHY4eL3Vcr+Dt3Bm2PUfn1NVLj2CdC+p20Ijpt5UVzN4A+C5/iP0FLs17hVGRvMn6CvbKRWp6ZoPj3IFyP73u3odjGNwG2uYTbPtKyicyRuNee3Wi+JtTnHWRTIszcVidACp95XX5UExZYi4VnQW0085YE/IfCk8JwrWwVJ0kkCdAJ320JnWpdzDZb1wgyICj+EsZn+Km3dlYNusR5/rSrUlV1I7wdRXVJBA69a9aOhIrzpqAo9rSPnMAU94ddqWTJP4QB8Py1qXw3MT08PTzFQRiUnLnWekj6VK4dfXP7XLz6ipD6HSku4MjMP725ieemtN4e9IMciRXX20rP1onDoNRMjrt7+tKxWdUJt6EannpziaRgz9KZ4ljQoyalmHwHU1oIHbPjNxsIyIIViAx55JiNucj51VuyWIUuthiiK753ZolgBC21kHcn4Va8TwovbZLhdA4OhGnMg6+lVuz2eu2Lq3EC3DbOZVbSSNRI6g6/w0co9Xi5T85uLHjOwuHdYtyjdRr8R0pjFouD4bcwt8qWYEW8snM2bMDBHhg+vzikYPj2It2WxeIJYE5bdpYUcxmYbxIIHpUPgvFG4hjrSXrVu5byuMh+6pXVp5kaflrrWf8ADlnu7Iros4vBYi2GV7VwEFQdmDRMfdYGYPwNEvtGxXeY0/3Lar74zf8A2q/cZw1zB4O5kH7Stsk2i8F8OCpAKkgm5lJ8iFPOKxzFYl7jl7jFmO7Hc8tac7PHlLxM11dXlKe0d4P2WxGJQPaAKzBM7etA4MTVn7J9rmwQKZDcRmkiQI0g5dDrzo5bnTXHJ7mtM7H9lkwa5jBuEeJz7tBOwmrQ4g6adPLyI/CfrUC7jRew1u6uzwemhkwZ9PlSsJjlIFtiZOg03P8AOrjMjzeTleXLs4qlZKmDzHQz/t89vrUDiF1S5DDLpz/nyohhrjOASNNTKkH3/wBBNDeK2gWI5QPT+npuPSmsQ1gMOl22SsA5jlaIDaDQjl5HnUE2iGIIgzBnl60W4S4FtkIlAcsREaCB/Ll0M6VNvYRbgGY67K//ANW60wVS8SkO2uzH360Av4i5cvmyrZFiSwHiMbwT56e41YeIYdkdlYagn0Ou/pQBuFNCMj5Lw1YySPEZbQ8pJ9akcs27lu/at94zJdJBLCSp0AMjqWUV4LpW5dV3JUEBBAnNMELG+unuqPdxN1HUXcgJUi267ZwVZcw3GqinsFaLX2dgJRdYP/q3CXYx6NAPQmpHs7/+O7/8P/7rqIzXULFXuYidZMbH6RpQ65xREMNbueQ8P86VZxTZnzK8AgCBPIHUDU01iL4uPbiI1BBHTUAjSNa2yXhMULjZkUgA895AnlI51Y+D3AX13gz8armAQr7UKc2sdD8/rU63j1tvIBYSFJEwJIG8a71JdMIujEfiP6+FO3zpTWFYwfCam4bBtdltQsxPXyXr+VZwmMHbLGFBJI0AqZiLCW2VriK7rAUBZGum8GSTPUnkKLYK0tsZbYBfmd/gTvvqToPlXj2xBJkzMRMmd8s6x1bc+Q0OkruHe5cc5zCqcsmIAU8z9TJ39KJXuF24LOxQQdyBMjUlT7O/r11pa4MpEQvMRHIch7+c+kkk9kmYUzBBPOOYJOp30qSgdp+zTs6m2dWGx0BHIgDb0qP2fwKYJ+/xUiCBaZZPiIaZHMRp76veKLW0fwmFUlAAJBgzAOyRBj15QKrvErJfAXFdYIUsJ5QZB9YrHLj078PLbZL/AIEdou0j3sMlwDu3Z3tsySM9rkGE6/lrESao80Z4z4LOHt7eA3CPN9dfdUDhvD3vvkSJ86OPU2u3P3JEQmnrbKAZ1PSrlhOwhMZ7hidYG48pq08I4dh8ITbRoLjNldgZj7yg+6Yq3ROc49zusgZpr2zaLsqjmQK2XiPB8NdU95aQ6e0BBHvFZ9xtbeFdO5WHiQx1BXbnudPnTbcHHlOXLtce0eGxD4K1bslyVjRDGoIIYHlBBE+Y2ANGuFd5mw4uRn8OeNs8CY8pmmeG4wXLaONioIipmEP7636j608fUefyf9XRTg+JAHdkwZ8Pn/Wu4n7RPlv6frnQlWgyNwZFTMXjxnXMIzKDPLnpWaE7AJFszESdY2BjRhzH686fClZgf4genXzHnuOc8kcKQBWI+88np7KjToNKf7uBzga/4fTy8uVagoBj7S3Jnqcp6Gdj1Hn/AM1UMfhrlq93gQv4cjqIkRqGE71csUhDsRvJkcjrt0B+Xxodj0zCQDpzjbqp+vlQVUdbl65bJtm3btnN44lm5QBtFFbQpZt15aFQKiupUV1SUW2DNyCPaH0FRWshLy6zmVjA0ho+BFdg8TluOGMZz4dNyNI09BTWIznEKYOVTlUkeX/NbZSwWBnn50b7M2jlU76T8TUMYQXCUB1HtGdgQOmtWfshw5FXIbgIVSzudBAInTykUalj4ZgC+raLyjdjzjoBzNFbt0KpAIAGhYTC9AgGvw1PzAxr9tbjC25a4TlgsfDEyqrICaA6eRkbmi9hgbasMsH2Y2MmBB5z1359BWWicMmXwhRqNF0kjq3IKOg+dPhY11JImfLpHIa7U5atgevPly6dPKvSOVINZOW/8umvMU3duJbBJIGsepjekcSxgtqAD4zsN/eaBYi49wqCZLRBnefPlrpp0rSEMffCBky+Juf4VPLzJgz+dB7lsOjKw0YEEeR0NOcZxPdzcue1OQgcyDy9xqJ+2KbbXAdApPwrN9Ge2Y9pLubEXI2U5B6KI/Kp/YRUOKGb2spKHz5/In50N4zgXtOM+9xFuf6hJB9DIqJgsS1u4txd1Mj+X5Vn49lnbUe1PGO4twhAuMJX0BEn501w2/Z4hhwLqguujAaFW/Ep3APw5VQuP8VbE3M+wAAUdBz+c01wjilzD3BcQ/4hyYcwas+j8STJ7/tcOzfFDbv3cJcdnCMwRm1hVnc8tBVO4pjBcW2Jnu8yg/3ZGX5UvEcR/f37iDS7nAncK5+sae+hYFUizv8A9aP2D4gGtZOaGI8uVXHDf961/iH1ql9jOG92M53YCaumHUm5ajk4n0q41x80zkTUfijDMn+Wv1NKsXZHnzpPFd0/yx+dNc1g7OXM1o6zDFfkPyNEswmJ100nWOsUC7HPNlhzzT8QP5UviOKi6GXdRHv1/nSCcSsM3TMfdr9Py06VWbt/GpdS1Ngm4GYGH+7uDrr5UUTiBzMHJZZPqNetQMTiFONw4D6C3c8ugG9BRsf3li012/3ZgmBbkDWMq+LUEmai8Pe8Za4EUEaKsyD/AHid6I9sNbdpD7LXkDemu38qaWoFTXV5lrqkqvBcAVUI6kGT4o5AmDJ61L4pgVFs5fbXUE6ksvi35bVI4lxK3ZQOxmdgOdRX4oqugujuy65hO0xsTyiYq7oQDhsQ6o9o5Wz57iZo8WhCk8xAAiedX3hXDH7uDC3DZuSAxHicrAJ/BprNVUs2qgnxkEEchB1n+H6VYUxjy1wd4EaWUCZBFrYerFYHVetVUe41GsJea8f+5dJtQ2rOzEqANxpqecA0fxmIUW1QEAmNB90DUachtpVfN4Xbkr3nd25UZi25gyJPiHLpvRDG+2fQf7RUlrs7DWdBrOh0/XyoJieMsdFUL5zPwqBYxNwKUDNl6V5ctkGCCCNwaSU1hXD3W1eV1PvEfroaXcxC5rE7IPH56nT3aHzk1xYd3E6lpI9B4fq1QMVfVILaAmJqRjjKNfNwg+02ZQREAcpobiMI6YZrZMm6yoANYDEAx7po5bWYI2qJixN6wknQtcPoAQPmRRyvTXCd7/XYB9oGCm3bugex4T/hO3z+tUOK2biGEW7bZCJBEVkGMwxt3HQ/dYr8KJ1cenxXYjmvQs17FSMPamR5U2468eP6uI+SrF2f4EXYOw05VXcQCNQYo5wPGXWtXCbj5gyIhzsMpclc2m8aGD0q5S2dOfPyThcztpWBw+RQKIYNv3if4hWYoMeSQcY6t3r2UBkZmRcwIPINsPOnsDZxzuU/bnR17uRDtluXcxCHLtECTsJ8qZxx5Ly26vwsCZGmtJ4run+WPzrPFbGm0X/bXzhHuZPFqttirQ40+7p1kUq/bxmcpcxzAg27ak5jLXLYuKNPZHiiarBq/cMJFvQkemnKnyKyvhWIxN13w5xb2mGYAeI5soYtqu0BT605YsYorbNvF3DbZLrK3jACpMgydM2XSacGr+x8TetDMQv9qtf5TfUVUymJD20GLfO4HJ4VMpcnNs0AbCl/2nVv2x+77sXA8MZBbJGQagg1YdW3jHeNblSWZHW4oOviUzz9/rTlrHWrhm024lkggoeakHzqn91i8zA4totsRcIJ8ChM4Y+REj1EVGx3GLy2rTpcuJ3qtnGcmSjQDJ1HXSjFq/11Zh/1/Ef+W5/r/pXVYtGcYRdcW2BIs27mYajUQFj1GU1M4v40vTrFpCu2h8RMdNQKTj7KLiQzNCXlNtjOzQI9Jil9oSO7AQw7wgWfaBPTy1M+tQecGdzaULAEHLOui79DqT8KsmEukraCxrLEHp4Zjzlh86FYe0iIlorOVdN9Y0Ou+snTpNH8LbAUHnqPpRfaOhQSGI1AIHkDE/QVKxM5jmidNvQR8q7B4N7hIQDQayY3o9b4OpYtcM7eEHoI1Pr0qSvWN6eaJ10/nTuICC64tr4RIA1OsanedDPlpTJ5+tJehdKj37QYQRImafY14DNSMosR0qPhhmxFxvwIEHvMn6CpZFReDjws5++5Pu2H0rN9xvj1LU8VmXaLhNwXrrx4Sc0+vKtNNRsTYDbirlL7jXi5/m9sfRan4IlZMco/4on2g4R3bF1HhJ1A5edQcOsAiOXppv8ATWsW7H0uGWbEDFXg5hpWAdYP8tqf4HeVbN0llDK9q4FLAFghZmyzuY0jzpF/wt5jWtC4S6hFzKslQdYnlOh9a3OWdPH/ACPHf+rVExPaLPlzZzlxRvLLTFvSEGukQfKpHCu0qW7uIuMLsXby3VyMAYRnbI5O6kMAR0rRhk/8Y+A/lSXS2CWCW1YjKSUDAgTAYaEjxH410eNm3/5KO7NsqwQ2rqFARkz3GZ1YLt4cwE76U7e7RWXcs1t4z2rigFR4rVpUhieRInTlVobheMuYm2Xe1+zrDEW1yhiJ8OUyxJ8zEeelWDieGth1bIoJtKCYGwLR9T8aLYmQ8M4jkxJvMpPtkhY3dWXSeQLVMwPaDu7du348qpdRwDAY3JymJ1iedX3HcJwlxIvZEAfNOYJPkTpIMn40wOxuDY5wrlTDLDMRlygBQSScvOd+W2lWxYpjceTvLdz96cgCshYZYyFCUHJtZ+NJPHVVclrvFAti2jSA0h85YkbTqIFWHFdjLAVlRmDZvCzGYGukCARz1103qDc7EjMMt4hecrJ8yIMe6rYuwfEcVVziMiuDfyADQeIETMHnr8aVxXBOLFhYk20cvBByy2YT7qttjgaKEQhWRDmEqeupIJILE8+kgChmO7MC62YsqOzFnKjQjoqzqfP1q2JScvmP17q6tE//ABmx1f411OxYkX8PbdWDZCDuNOVeYfhVq2wZU1A0JJMc+dMLi7agzcUSebfz39akNxW1MC4nIjxDWsXUk2LYJzn0HlvqPiRRLDtCgeZ/KhtnFK48DBtYMGY9Yp1r6qFzMATO+k+z/Os/UtHA+IKhyFfbb2unLXqP60dxbOLd0nbKcuWZ1HP0OtVDs0O8uqRqqGSRtI2n3xV1v31UeKANZnkvP13AjzrUSq4Bwi3PxtC6j7vOPOY3pIUa+dLuurlm5sxMdBy16+nSm3akvTz1rxa4iht/HXAxAtEIBOclN9fuFwwHuqSVjWi258tPU7fOl4S3lRV6CkW4uIMwn1Ea9QJOlSlozs71j0CvSK4GvM2vlUg/illcpzbVn5AW4R0mD5bR57/StNxNgXFKb6cuka1WzwBASCJk6enLWuXKZXs8Hl48Z2o2JGp5/rzq9cPe04tkLLICA34ZgEepj5VGfsyh5VPsYBbSKqxv/Ktcdti/keThy49D6JGv6/pSMbbDWyI1GoP5Ux+1SEObnr7txSsRigCVBmV09T/SusleK2G+HGQfI6U/xT2k/wAsfU1HwnhVddWbUeX6FP8AFfaT/LH1NHJQJbgGFus1y5aDNsTLDSOgMUQ4dw+3ZTJbDBZmC7N8MxMDyFKw/sN7/pSrYhs2uoCn3Ekf7jRPRRHXVvU0zkEmpFzdvU00ySIqBJ2poIJnSRMU6VppBuPKakVNe15rXtIVbEeyPSk2dvfXV1aCT2f5+76U32o3tf4W+orq6sT2vi3/AGUf9q9/jH0qxdofaHoPq1dXVowHw3te7+VLPKurqFCudQ1/7bfrkK6uqiSMP7I9KeHKurqmnppD8q6uqDsP7Yrrm59/1rq6s8jxNcj61Hx+w9a6up4e1z9IK/r4U4u/u/Kurq7OYld3T1H0ruK+0n+Wv511dXKtwjD+yf1yp5dq6uohQ7vtN6mmE2rq6pONMp7VdXVRH66urqg//9k='),
(37, 'By The Way', 6, 'data:image/jpeg;base64,/9j/4AAQSkZJRgABAQAAAQABAAD/2wCEAAoHCBUVFBcVFRUYFxcaGyIbHBsbGyIeHhwhHCAbICEgICAbICwkICIpISEeJjYlKS4wMzMzHCI5PjkxPSwyMzABCwsLEA4QHhISHTMpICkyMjIyMjIyMjIyNDIyMjIyNDIyMjIyMjIyMjIyMjIyMjIyMjIyMjIyMjIyMjIyMjIyMv/AABEIAOEA4QMBIgACEQEDEQH/xAAbAAACAgMBAAAAAAAAAAAAAAAFBgAEAgMHAf/EAEMQAAIBAgQCCAMGBQIGAAcAAAECEQADBBIhMQVBBhMiUWFxgZEyobEHFELB0fAjUmJy4TOSFTSCorLxJENjc5PC4v/EABkBAAMBAQEAAAAAAAAAAAAAAAACAwEEBf/EACcRAAICAgIBAwQDAQAAAAAAAAABAhEDIRIxQQRRcRMiMmEjgZEz/9oADAMBAAIRAxEAPwDrANasbfyW2YCSBoO88vnWYNL32gXCOHYkzHYA92UVjGguUkjLE8Ww2H6oPfthrZm5DSVDK0khZMFiPer/AAzpHhMQctnEW3b+UGG/2tBrmXRLonaxODF9rtxS7lHUBYX+IACJG8ZTr31r6X9BWwSi/YusyKROYgXEYkAEFYnWNgCPGkcpJXWjqjgxyfFSd+NHZpryaGcAxzXsNZuN8T21Zv7oGaPWaJVROzklFxbTMqxNCr/SDDJca091FddwxiOe5olacMMwIIOoI2oMMjXgrFjXs0AeOagrysqAPSa8rE1BQB6Fr2oDXjGgDwqDoaEcQwkqVS5BmQTqy8oBjunfwqzjsYEVpMBRLEeW3iTWGGwpuKGuBrZOyh9R3ZoG/hqB41RRilbOSeXJKTjiS12318AbEcVNm2vWIXZJnmconK8j5+tG+F30e2uUzK6986TIOu5obxrh1w2jasuq3GGRLlzVl5kjTtdnN+c1Xu8P+6XDfQs1skFkUSZJjsxyn8NK0l0VxSm0+aqjbxbCILhcAZx8QnlEBiO4ajbnSnw3o995uJcFyGzFiwAkdqCp02y6Cm7HKj3M0DrMhK5uSsRK6HQnx/lPdV3o3gEt2uyACxlj9BPcNqJR4uhsWRTja6tly7g1No2tQhQppvBEe9cn6V9F0sWy4uO3aA1jcsPD96V1nH4y3ZttcuNlRRJPdXKen3FDduWbYjI1yTvrl1H78KUoOvRO0LeHX1P5flWGKQsWND8dxc4TD4fKod7jKgTXUNqx07gRRRWDHffQD2oNaaVlqwkIKxdND+lWctYsNKDDR1Hl7VK3T+4qUAHgKXun6zw7E+CT7MppgLUv9OpPD8TlBJybD+5ZrJdFMf5L5OW9FOI49LDph0z4dXl4QMVJyk/1bQau38VjsZpiLwFlX1YqqosfiOVQTvpJO9EuiFm5b4ViiiEs7nnGgRQTPhQvo3jfu1u31hDWr8gqBJUjsy3mRttFIo8o7Z05PUPDNuKVo63wnDpbs2ranMioqq3eABr670P6Z4s28HcZTBMKDrz8qo9BMWCt6yqgLaaVImIct2Tm2ZcuoGmopgx2Et3UyXFDLMwfCnVVo5JXdvt7/wBOEjEZ7ga6WZx4DXLPxE86610FxDPhgDlyrAXKCN5ka7xpt40tv0Bm8EN0ZDnfRfhWVAUSd9T7U88F4f8Ad7S2s2YKTGkaE6CtFCEVDXtVMVi1TSRmOoWd/E9w/StSvoxuiwFr2hdzGFl0Zp55QB6CRoPnQzEcWNuDc61EJgMdVPLUrMc94qqwSYjyIZTUkTEiYmgeOxZt4drnWMyFVywQHzEqAAYggzB+VAbPFEZy924BcBhltjRSORaCCfWmx+ncrCWVIfQKxNBcDxdCyoHmR+IRPkdqNqwIkGalPHKDpjRkpLQtvjA+JNsmMl9AQdNGtl0IncFxp4rFMGRpkEeOlKPTzh1wdVi7SybRHWqACxtqwcOo/mtkEiNe0e6iHRjpph8YsZhbujdGMEiYBUncHTynWpuW9jwwcYtx97YedGJHwwOX+Yqjibio2VrgDNBCbzrHPblyqcaxTdWOpdTczKAAQSZMd9LXTdvuuCLAxfusFlZknViF5jSdqHJR2b9J5Hwur0B+JcduDE3jYw1y8gi3nWckqBMECCwYuN+dNnQ7pBbxVplCNbuWjluI24mdR4bjWCCKIcHwAtYaxa/ktqPXKJ+c0sdHQG4pxF1+CUUkbFhMj5Urbu/cpGEFjcEulp+/yHOP4/D9XkvFMrsFUOJBfddPMT6Vy7pQhbGWV5yTHdm0HrTb0zXPi8FaU6hmvN4BMpX3OYUsXEDcTs527KkMT3KoLH5CtT2xZQpR92GbyC9xTT/SwduCOWZgf1H/AOMUTazcS5buzo5yhO5Tzqr9n1o3bV7EuIOJvswG/YU6D/dmH/TTDxJ1W4pbRbatcc9yoJ+gNEerCbt0vGjPA44Xbl20LV0dWB/EZYtuSNQhnWPT9bLaA1T6O8UOJw1vEFOrzluzmzaKzKDMDQxO1EurLDStQslToq9Z5VKtfc276laKV+k/SS3g7ctrcYHIveR3nlSLZ+0e4rr1qKbbElgNwumniRt6UwfaLgestI62TddWyiC2k+C1ynjmFhrji2yW5jLqcvZBKljrpQB2/B3Xe3la1bt2nSVyNBhv6coAMHkaXMD0HtI9sdYxVXltRmOX4PLlNauk9knBYFhduKVa2M6BixDW23CcpUE+VGujGDuW7t1btw3QqqyOwIJzgTv3BQPDXvqjUVqjijPLPfJd+RqAA2AH5+dYgmvS1YqamdpWsjNeuN/Kip6mWPyK1bmqOAeQ7fzXG9gco/8AGriUAa8dierts8SQNBMZidAPU0Bw2FNxjeuO0FYEaAxuwA132HIDxM3OkF7S2nNngTy0OvtI9RSbx/pHcVLqOBatL/DtkCWcCQY8402jv5114YUrXbITduvATxSi2rE40aTlkyY00IJ1OwPf4VW4X0iUZ7dxkuJylsyldZ0Os+lcxTFAHMTJ3k6/WtzcaA0yz8q7KjxqTI7vSOzWcZYvqbfWATtlYSCpBEA7bUsWW6u4zPaXIbjZSVbtMGIzw3ZBaZ0376Q7HEwWDIcrAyO/Suh8K4pcxeHAKi5dTxysNPjWBGbcaxypVFR3F2jW2+0F7dpbqheyrASpUCOeoidtt+dZ8PxBQrclgfhdJMMOZjvG8+FCnxJ7LQylSNCd9Y7tY76IXtbZZTDFtxyII7u8GlyxqOwg7ehvgESDII9wa5/0k+zK3fuG7h7vUMxlkyZkJ71AIKknU7jypu6P38yMm+RoHkf8zRJtq8yUVdHbCcltOjn3RP7Nkw91L9+6brocy28uVVOwLSWLEbjblvTVx/glnFtaW6GItt1ggxrtr4eHhRQGqr3ALjeCgT561lI1yk3bZsxFxtcoloJA2E8pPIUp/Z3wu5asXHvoyXbtxncNE84Prqd6bT4V6BRQKTSaEa5hXfiWJuujrbtW0tW2IIVswVmyzvEnakbpMzHEFbZOd26tdP5gq6e8ad9di423YjlSd0RwVq7iLty5bD9WZSROVi+jDxEb8qK0bz2m/A3cK4cuHt2bCxFu3BPeRufUyfWlbpnxHJhbrL8eJcWLY5lfxEeB29R30Z4/xPK7W1nMwVZ/lBMn1NLdn/4viti1kPVYS3nOefj7LZhBj48n+2sfVGwf3W/Gx24XghZsWrI/Air6ga/OaIKoUaV4y6itOJcDflTE3s35q9of95XxqUATHcXtWlkupbkuYAmIkCeetacIlt7mIDBSrFDBgiCgE6+Vcp4v0fu3LjOLhIklVeSRMwJOh5D0ojgcHjS5a4f4bW+rZc8Fl1y+WWdKT6kfcDqGHeB1a6AFgI0gSdB6ULwfEmbEi20ZG6wIRuTbKggyT3sdI2rVwsqbFkXLjLctxmO+dgrKSTGoM5vQd1DLfB8Kl1bi3LvWKWYMWYiWBBkEQZk6eNdHNNaa6PLjxjJvJFt26/S8DaOI2862+sXM+bKJ3yEBvaasveUKWnRQSfTeuV3OGXHdLhbNkLEZYj+ISTufE0V4c99Lb2jcZ1ZSvagxMydNzr8qhyj7nqpDnwpSLNudyoY+ban61eSgdjjJP/ytuQeY/wC2rdriobs5SpO06/QVjyRXkwAcX4i33xyuvU2tB3tcn6KJ/wCoVy/pVeNzE3O0Sob3MQTr4zArsycBAF0rcGe5JLFZK6QNCeXjSjf+zy1mL3ccZJk9gCZ5/Fzrqj6vDFLZFwlZzi3giRqJ00g0OZCNCCPOus4joTaX/SxSkf1/kRvQnE9DbpMLdtHlGU/matLPhnG7ESkn0I3D0BbXaKeeh3FxYLLEqxyksY0bx8wvzrNfs/uECL1tSd+wY9Iq9gugd+1cRvvaEKytBtn8JnvpH6nCo1Y3CTYW4lZKTlMK7DKczOdpMBjCjlp3VOi1s2ibTsWFxi3a1IJAy6+Me7UTx3DusdGlezqB3GI29z61rbhrCO0JUjXly+hroXqMU4cXJEnCSd0XeGk28SUOguL80J/Imjl86GKA3kQm0+cBkbPM67yRvt+tE1xysJ1AnXYgb8686c4N6Z0wtLZZt8qrqJNzxaPavRjrY3n2qumKtgESZLT8J5+ndS8kNZbtzse6sy3796H4jiSDk58cug960Hi6swGRo3zaEfIzWhaNfSW5Fv0Job0AsxZd4+Jv8/nXnSq5Nsn+iflNEOitnJhEPm3z/wAUGmV3AJcbO0yz8vCRNUbV1reICWzKzDHworib4tW1k9rkOexoZwnCFrnWHYH3NAFzinEWWOrIJDgH15VZuuSdaDm0Wx+XXIP4keIWPzoy6a0AV9Klb+r8KlAA/FMlu3oVzHnE+NCDiTMEb9y0pcKxbqxz5ikzuDG+wOw8KIPitQRnHqo//auJemk5UzW9aQ4JcRURmDnODoAY0MERFbsMLdyTbJBG4IMgeWhoNxQMMNhpYr2SzGR+KDrJ135VQ4PiV+82nS4WDdiCV7UggwAxJA325V2/R3xaVe/k8v7nGWRN2m9eNDFhsfhbRyreRSCRBtvoZ1599ZPj7JmL9sH+wj8zSj0g4fOLuNnABIJBneN/330I4pge2Gtmddcv/sH6Vy5PSyUmjvwZlkgpJdo6ImMtDtG5aMd8r9FM1d4fi7Vx4LoT/QTPzUVxywt5HHZdlBk5hIPnrt4U09HOOm3iM/VggjLEbGdNfLT0oh6WUnpDudHQ8ZcsxGdhsJBY7ydYPnVR0sHcEsDpqSde8SJ9aFcb6WCyiH7sjLcJPanSDB7IEmNaCp07KPPV2kGwAtMx/wBwuAR5Crr0EnuxJZooZgqFmDW4TQqTy0GgE99YXLVrOhQkMukhisidZ5HeqWG6VJcXP93IeIUoSoYnQ9kk6TzMxOtB8N0wtNd/irfQLpldVYzGs6Dn8opH6bJHwZzi/I9tdLFYYADQ6A/kYrZfw6kg52EbwAAfTLSnhOkdtiTe6y0jPCkIy6ab6d/nVm5xXAfCb12RyDGT7jnU3hlfRqnH3Ga3k2EGPCtj27fJh6DTypcwfGsEGhbl0t3MQPaY3q7Y4pZYTLRMfECAfPatj6WUk77GeRIIqluYzifSq+Ja2vx3VQdzAVLDp2kAZipI8t/D5+FCeK4RrhdktZ3GUFY2n000g99TnglF0k/8GU7Rau4yxyxFv2/xVW9igYC3EbwUf/zVSzgrgGa5hxl7iZnu1Uaete27dqWmy9vbVVY6+lJ9OZto2tiEUtmiYInfbzqvg+IqzRkyjWNN/lQzil5Uf+HmzDWGG1aP+JlVLkZtjHjJH512wjpWIl5CfHsWptsuYT8Me1NuBsFbCIIH8Mb7DvpI4pY0tKAJe4kjxJE10Q2wVykSIiO8bRTsY5nxLpfhLdwAu188zbgr/vYj5T6UZ4L09wNxlt9uyTAUOBlPkysR/uiln7JeH2rovtctJcK5ArOoYjMGkDN5Cr/2j9HcJbwxv27a2rgZV7HZV8xggrsTGsjXT0pLdWdCjC+LX92OtuDeu3P5VCD6mrJYRNKv2e32fh9svJOZ1DHchWIHtt/00xvTkGqdGeepWGWpQYc1wqI2aLiaHXWNBW9sMCfiGkwJ/wAxtXOruHKiQWAGmv8AjlWeGZywyP2gZBzbEa/vyoA7FxbB3Hs4cASUUSBJ5DkO6q3DOGrh2bEXiq5JyCdBIjMe46kAUsYXpZjFhWNtztJWCf8AYQPlVXiOLxV4nrbnZB0CgBQdhA/Mya6eeNU9tnjL0/q5J43Si27adun4SL3FekFt7jkrKnSRrpy0+ccqrWeJ2n3YKB4RQNeHEiDo55aST5D6mt+G4Wx7EEOO46Vzyk5O2erixrHFRXSVDYqElSjLl5hjH151vOEINtky6XFJMjQZhm89BStcwz211uMk97Ez7142MZbloM7FesQjUaww37xt86F2Oxo+1GEt4YAnNnZiZ3kH8zSBdxWUQxllWFEd/wBIro32k4XrMPauD4lcqR4HMNPIj51z5uxdLXFnMn1j/NdzlUU12c6ipPZrwWHxTuHQXO1sSrRG+nePKnL/AIk6WLWMaxaXEF+qh01CwxzkGDm0EHuajeA4mLlhDbw5OUQLZdlkDYg7HT61M9xkythLwI1GW+rD/v0PkaFF9s555ldVXyCeL9KFxKLbZFQL3Hn4CNPegGGbPdI1GuUfsUe4j0at5utuubAYEsSVzSeRRZGv9JjwFDOj1j+J1gMoCSpO5jYnxillSKJJqx8XAJZw23buMqzttvtrWixhXUMklhy5yIG/KiV2wXw9u4RLK+YexG1YXkKvbZTpEnvKsIPtp7VXFJKFLvZslsr8GxF2XDSGGm+2uhnujUUd4HdzrcaSZaJOswq/rHpQ/GJkfrARDodO85ZHzrZwS71dt159bAHg8R8qlnalG0UxqnQWx3wKO8ipeYDXwrDGntWx4z7VMav8N/7T9DXEdBzbGYnrLl195J27qtYPBh7cc5X/AMj+VZ8K4Y1zRVPmZA3HOmvA8GW2GLHMQPQRPL1oAD3UDYmwn/1J/wBomnUNqKUsEJxq/wBKMfchR+dNIbWgDhnAMDjeuxFrA3eqNtiHBfKGCs6jcEEiPnTKvQfHYtUOPxrADXqh2yOW4IQNGmaG9an2eCOIY9T8WZoHfF15+o966QG0FKlopOTbsr4Hh9u1bS1bUKiKFUDw/M6knvNesmlWADHOsHUAammJlfOe6pWWYd/yqUAcJe+7hT1eo7lgc+79K3JgmYyLltD3FX08NV1/OmplBWCBPlOnyqrfssIyhCx0JC6rt40AAsRaZCpzDMsTqQG/t7P72q1dum4kKADH90nz0A0076M8Vti20G7/AAwPiaABp/UNdfrWfC8OjiZV0KGAIILAaHXSijOWrF/AW8ROirMaSeW+ncYo8iYgJnKWy4EeZkajWhp4hdQhQtpipIIDBc3jEGI/OrF3iF1wEdbaTtluNPuoFBprxV7MkukkmGAMARr5iRVZBZIBe2WZSCI1A57kcomqy8McyQWkzrnKz7g+VaUwt60VchyBqQGMAeMiPGhAdP4zY63hywCWyFgNiSGPd4gGuUYkHsg7EaH9a6fgOJ5sHYZ1ytnyMD3MWX2+E+tDk4FbxJu20CqQquEPItKlg2sdoHSIrsjJOOyHTAPRvpObRFq4+W0BqcmcgjWBrsdtjTVgunOHBCswKkaTadfmR9KSMR0TuBiC+WDBzISNOQIOvtXmB6J3HYDrFMGB4+Q3FOk6oWSj2NePXC3C56u5mYyCbjEA94BMDyivOF4EllRVkkgAeZojgujDLl7Yk7iJiP6ppt4Jw21bXssruNyCDHtSzcV12c8ITlLfSLGJRRb6vmVgDv2H50Adyot5xAUawJkE60w41gSsDVTM923+KDvdV2tswgkajzk+o1iO+jCdEz0ocqmcwQiD/TO089PrQwXWXErZjMVYt5gKSv8A5R6UcwxU27igghSwnuoWjqcVZuRqyMjeYkfpRNWmjY6aCpBa6gPIT8v80QKaUOsmbxPcPrFXsRdyJmPKK4joNVqyFMAQD9azxf8Apt5VHaVB57/Kq+OvDqye+gAPwRJvXXjZVX3LH9KPMKEdH00uN3v9AB+tF3cKCW2UFifAamgATgej+Hs3nxKIRduFpJY65ypIA23E+porlgiedczwSpiLYv4mzj7124S4NtbhRFb4Vt5SBCjY+dHugeMxTLdtYhL4toQbVy+jI7KSYU5viIABkTE77UqZSUddjitaMQdq9S5p3VpxLhQW/elMTPcnnUoX/wAZt/1V5QBzS1xi1LQlwRvrMnwBMRVvh3F1u37dkW3UswWSTpPMg0opbHJ9RtMKDHjtR/oXiHfHWUKjckkDUAK2ojxgetalbEnLjFsYek+FuW7gtpYuXwUzSAco12naee9edELN13cPaeyyKGnIVnUjTQA+lW+nHSe/gbyIioyukjNOjAxyI0jlVn7Puld3GG6t5UGRQwZQROYnQgk929V4xur2cH18yhypV73+/Y57e4pbVnKyNdu4g8gfH6VXXjDO2oJEzpE/Khl5Ablydi7f+RqzhLZB8PnUT0V0F7eLjVXfyO4PvV3A8RY6MMx74jlvrQ6wqk7jxn9eVELYIEhgojX9xqKDRqt3c+FefwuQB4lVuKdP/tsPWtfD8WF4kUMFL9u5bWDzgus92ub3WsuBqrWr7NqqIrxv8JYf+LN70qYnFG29q4BrbuI3n2F+R1q0XolJbLnSzit6xinVXORLiOUgZT2RIgjxIrTh+nTB3IsWF/k7LHJ4khhJPptWXT5CbiXSNLtsEEcyN/qPelfifD2s5QfxLm/7mX8p9apFvpg6Y13ulNy72XuFgNohVB/pQaH1mnPofx5bltrBhLm6EAAOI1Gg1Nck4amvj4mPrXQOhdqLi3NJBiI3BB+tY2lszi2qGrDYxxcvKzEgsoHgCo+f6VuxAh7czynyOo+VZ4rDIrB1+JiA0RGgMeO30rC+SUTssdO0QJKlRyjlPprVoSUd/JJq0bsbiVsuwgfx4VR/Uez7ayTyg0LxHYt9YkZ0YlOY0De/aAoLjeNZ8Q5YQyhbdsnZQ3+o/nMRTDwrD2xbt5s0vmZQeSKcsaD4iTMedO48I2/IXfQR4bczs7jYhY9dfzqcYxK9hT4tHfl5e9U+ijA23UEEJcK+gCx8qu8UnK/eQAO4ASxP78K8+Sp0dSdoxw2JIVWbXMCzH+UchHy9Kx4pdGSJHeKHYnFZEK5TkyBZ7p1I+dYcQvl7aFQPh5mlNC/A1Asqf5pb3NXXsqyup2YFT3wwIP1pdxfECgS2uyqJPpRzDNKJO5EmgBJ4TieIYJRhfu33lEkW7iOF7PINO0fLx3p04e9xratdQW7hHaVWzBde+BXNMHi+IHDtjkvIwUsXslNAFYhtR3DXeY8aeejnFWxCC7GUOoOX+WeXjrzpYsrki0FLmmvyqtiLmhB7vrW645350Oxd05DNMSA/WDv+VShM+IqUActZyTvRToxxb7rird8gkKSGA3KsCD5kTMc4oRWSVqdCyipJp+Rq6ccdTHYgNbkW0XKpbQtMFjHLXT0rzojx9sDddgouK65WEgERsdjPl41X4N0UxOIti4iqts7O7ZAeWmknXnXnFOj+IwrA3EiT2XU5lOm0jn5it3fIio4uP07/AKKpwxLs3NmLQBpqSY8N69TD5t5B8OX51mi3QJPa0128+6aIWGDN2gsxy09N6U6Cth+yACMxnQEa/Pei2GfNpEcip7/IVnh+HLcBILLJ5gGPfeiOF4PlADZT47Ee1AFnA4tbSdsqqXbhtuAJORbVxiY8GKfKlfiFqVdcxBVwJPIQ0RHPai13A5wWa4qIqlUXn25zMx0Ex3HaNq33MBZu3HNy71aFF25ssAEAxp89a6ow4q2Sk9nvGXS/bCxItrauJy0cAOnh+Ex4UH45Y6+7mIyiBoNdhtv3kmjNjhKCIuCDbKCDvuynUydQParXD+FWrmU/eLQY8iSD7EUSd9GR0J7pEBl22NNvRIR28+UqRA7496K8Q4XYBUZWu6xKKY1HeI+dZvfs27ir1bWlI0LgLmOnMnl5c61O1RjdMNW7xe4s6x2yNuRAnz/Ks8PiGRmMEADkOZ3+nyqlg1IzuDJuGSZ/CBCj0A95rXxXiK22YEmCJAGsgiQfKrRj4JOV9GnjPCrdy51ywomHA1kE6NrsRWGL6Q2rHV2b2ZMykh1E5Nf5fOTI10rJ+JW3sMwB7AVj3EjYaf1Cfbvpa6Y8GvXbltLaMxRFDGNMzakT5mjJairNhtjbwW6LTG6txLlq4e26fCp5Mw/D3GeUHlRrFuHOQgFWXU+dcdwz4rB3VObtc1JBDDYo3Iin7gPEkuA5BlUnRZ+BokrrsPzmuWceW/JaLrRs4tw64XfK5VSVMcsoGuvmKrYF/wCGZaQrkegmjt7+LYDQQWBBB0Inf5ClzFqLdgqBBjXzJj3NQKlJsVmuFpnWT5E074S7Nu2fCuc4UmHJ7h9BT5wtv4NvXkKAOccKsYq9hnsqyJhnuuHYSXPaEqByBj5mug9H7KpbCKIVQFHgAIFLfB8C2HtLad0Z8zu2QkiWPiAdvCmvgg7JNYkPN2wiFBFC+KrFst70VdxEbH9+FCeMn+E3PStEFv75Z/lFSg0rUoA53RLo/guuxNq0fhZwG/tGr/8AaGoeoo30SudXjLDtooYKTy7YK+X4q1dizbUW17FrpLxU4q6YbLaUxbQbKAIB8yJM+MUX6JjrbGIwTHMrJnQfykHcTpvBgfmaWsbgOousjiGRiO6RrlPjIg+tNHRAFBcxDQtpFIkiMx0JE7GIHqaZW2c+TgsWv1XyAUwwPxyCD2def61YTh9w/DJk6mRt51Yw9nrJaY1MAAiM0+HI0TskplAJPjz+X60h1FrB2SimWM9wg/lBrHiHE0tWiJZrrA6H4VVhrp3msb+MZQWB0EmO/wAPWlLGYhiSzakyfeujFDXInN7o2YfiP8O6SSX5TqO3I+Qn3qG6StpFJDFViPGR+lBi5BijqJlfDkQewvvmf/FdUdom+w5g8Ygx1q1IOW5btDfSCqnbTeaOHpmqlkNsHKSuoJGhjlQDgmGDYoXSsLbZrzkCP9MNcjzJA96piyzEtHabUjXcmozq9DqNrYzr0puXGhMlsd3L2In50J4w9zEPm+NuRGm3KCZFVrFpphVCeJB/fyq99z7M9Z1h7lJke1RcnfYyhFeBbxWFuIYdCp8d6NcJa5ct5Scy2xCTqVDkSs/y7mOWtS4s6HMWGkMTPz1ol0etbrAWdDA8jr86viyb2JkhrRb4ZhSRb/CDdVXHeCynn60ycNtO5uW2QlAzE3CYzMWbbwA05TQdb0W2DOBkYa7SRPz0ojwDjy3HbDAsbqTmL8zm/C3OJ9h4U85ckiPQjdM8F1WIWG7LjsknYgxr4bVjwrFtbvEIYzETHjzq39ofD5vW2LliLYPcIMnQfvlS/hL+W4keEe0c6k77KLo65w69mLMdFhSonaRNLnScgW2AEAECPX/FbeCYhnu5Sewqhx4ExofMMTr31U4+pdco/E5/7QTXNONOi0XaBWEQdUr6y7keginVXyWCRytlh6A0pJay27C+BPuaaschFi53C23r2WpR12cqsNhRYUWy33wAZerDZi3tlIjf1rsPAiwspnADZQW84E/Ok3oraAw9ohQGK7wJOvfTslwIoU+QrEjZu21+zc5BoTxx4st5UQe6NBsaAdK8UBbRT+No9BrPyrRRP6yvKs/w6lAHP1BrfZYid/QVpQ1mt0g6GOVADhhemxVAt2wl1kEK7qM0eOh2qpjulj3iAQFUH4VEA0Gwz5v/AFv41eXD29Mw08qbk3oisEFK0graRDrABbcak/WraEAb+XlQork+HtaaVQxYutuY79ZjfkKUsHsU/wDBeNswGh9aAOJdfEfWruHBXCkEzN5pP/Rb28I+tVHOsjkK9HCksLIz/I3Y7hbfd1ui2RlbKW7wZjTzA96lhgWtoSRAAkeM6j3psu8btrws6hrlwlFQb2wupY+ZAjz86UHdrVxCvZYW0IMbSgMiedLC6B9j6iC1hcmUdbcUrcI2VWiQJ/EQIPdqKD27oDawRGneSOXtOtY2OIE2lHxGCT3kmaGKLjFsokgEn86i43djou8T4nbgdWCQdQT3SdCJ0OlEOj9lL3xOFM6AED3mhuAw7Jbvl7MKbeXM/ZKsQxGUE5td5iNIqp0dCm7DEAAFiT4Rt4+tbHHaf6MctjXxPDWrDEhXZtNY095ma2dH+Jo5IjKZ85gT71lxS8SmVLiG2NARDeehk0B4WGt3DswESeY25+tJF1s17DPFAxS6ubL8Z0AgwCRv+XfW77PEm7ducrjKwJ3+G4SPPMIoVxzEFVU94M+u31op9n2JRLj2/wAIVHUjlIUMD/1Cr8riSa2Y/aAM1xIGyBSf5udc7UkXB++Y/Ka6X07PaQzowPvrP1rnV9IuKfH9aZx+yxYPbR0fo+jW0Zjzgz3gKoH51Es9blPLKx9zH0Fb8FC4cMN8h18s0flVvA2wiJOnYj8/zrin+TOiHRTx+FB6ogRDAelXuKcQSxYe7cnKo27ydANe8wKr4N82aRIzAr+tCun+He5hQLYLZHV2Uc1AcERz1IMeFTZSKTaTAlnjd62BdLYUAdrqc8NHdmBjN4RTJw7jS4rI6SBEFWiVbmDH1pQ4dxDhgdc9lcxIXKbZOUnvnTfupuwmFt27hFtFRSx0UQO6sQ0q9tlvE3ytxfAfXSgnGn6zELbO1tJI8WMfQUa4nbgg94/f1oZdwwDm5Mm4R6QIA/ffTEyj9xTur2jH3WpQBxarnCb1pLgN60byfyhyh85AMx3VXW2x5Vcw+FIOo8ZoMatUPXA7uBcXerwQXJaa4DcbMTHLnp40L/49YIZWwVpNNw23iITX5V70TeUxTxGW1l88xP6UMLJGwjn31Rt0jlx4k5yTvVeWabnEtJCtPr9TVS5iMwMOF7xOvsBWzG3lC5VWAfEzVG3A7h4nepnWNeFw6rgrcDtFnJPfyG/kKq4DB5szHRVgkxsN59BNFuFW+swNu2olu249XXf/AKQdPOhWOum0ptCe0Bng7xrtt/7ruxL+NojL8ihjCMjMnwlsgJ0JjtEn1y1qxN8tcYzIHZB37KgKPkBWGJvSEQTlUbd5Jlj9B6CsEblMTVUvAv7DPDcWgkOSDsIojh8V1UvqSNVB2nx7wO7yoNwrChnUk9nMJ+v+PWmBv4t1wIWbcEc5EQR6TU8iSeho9AziHHLmIV+suMc7hspOi5RAA7hzgQNaG5dNK8a1luENOhINbI7NUx/boyWy7hr2VI/90S4ZeOZ7bczlnxgDXwn60GRtPCtj3SryukRr7amo5I29DJjn0k4a0W0j/UAC6fy6H12rT0Vy2MclpwYe2VIIiCYI8xpIPj4UHfpJeZUVjPVtmTwnlT3w0pdxYYoAerVgN4OsweQM/OpO0kbpmrpVhFAIZFbsnI2zL2hGvyI8a5dj1ysB3NHzrq3S74VbkR/mua46xLzymruXGHyJjjyY8YJ//gxzlABPjFEMeD1fZ3WCPLY/KgWCcrhraE/iUfT9KM3nnSuOfZWPRtzwug7voKE9IOI9VZa4QSBGkxMmiOWfypb6fmMKQO9Z/wBw/OlStjx72acLisYU+8JgLdxRrlmbuWOXZn2E+FHlvEi3cZShYZip3WSTB8RRjo80WQQNMoPymh/GLQC2mHNNfr+dDBs24ps6SOWtCmaSo7jVzAPK9/pVTEoFePI1hhd+8/v9ipWGTxqUAchXxIArJ7mXX2qs8nnXnV95oAZ+BY5EsYpGbtXLYCDkSC0jw3Hzpeuu6yDFbFcRA3/fdrVW/cJO9a3aSEjBRk5LyYlp1Jk715vOmtYzWy0xEmawcfejqL90s24LXHa7I7lErB+fvVjieEH3JdjENPOQBObxzSKD9FkIttcLMO1AMmRLco2+H50Zx0XEFvrAM7ZoO7nU78jI19K7MUuKtnPlg5NU+mJdyzpm5GtYSKYBw97bQ6EqdDy+dasVwd7faSSh1mPqJp1kVjcStwcObii2uZgZA7/DWmdMBds3rZuoVJETuBMRqJGmopYwaXOsXKAGBB9jT4nGRcCpczKVGxHPnr3Vmabro2EUL/HuDlYvqZDkz3aR9ZoDdSK6ZgGS7a6toaFMg9066elKHSPhBw7DN8DlgrcpU7HxiCO+lxT8MJIAo0UZ/wCFO5FsKcomWjd+6Z5bf+6FHCknTemXgwvZQLbdosRlb6yfX2q1xvZGalX2guxw17l9EggncDfs6GPaaeOjONQ4k20uK9wIY11gFFmY1jX5d9ZdHuG27VxnuOvWKgbNAOXMSvPQGdddTS30AtD/AIrdZZKolyDG+Z0UT5yT6VCdSdlY2lsbumC5bNqe4fIa0gW2BYA6SdPWn/7RZFi0I3Zv8CkHCoGyaa5pBonL+JfJTCvuYdsNpZU94PsP1NFS2/PWh2FWWteC/wCPyq5dcAaneufJ2auiyWgb0H4+9vKetjqwBObUe3nyq8LsrSj0vt3LgUqjXAryyrJJEQNBr3+U0g0Um9jJwvpbYNoqqXlt/AtzqyUmIAJWYHLX5UTxd/rAB+FRlH79KXMH0ysi2LNyzcw8wBK9gDTuAIAHhTTjkQW1yEFTqCPxAjQzzmtaa7NkVMMmVS1U8SZafCjfDoZCDFCuI2sjADYj86wU25vGpVfMKlAHIUMb7VYJB0mqqnx8q9do7qAPGPnWuoTUoA9iskaNY1rGtmw2GtADf0eu5sK4MCHJnyEj61Vw5PWI0wcwjSdzyB0rVwu6Rhsu0lqsYa2CBm2AmeYgV6Xp8bliZCcqkjp2Awq4glVILQSwYCIkwYnnrsamJ4Pbto5JUACSA07CdATPdWfRK0FtXb6HOchCxrMaLEb/AA/OljDcQvBXyggPMiCdSFWdp2FcjRQy6PYQoXxJXW3CqD+NnJjfSABqaZeL421eQFE15yoBB5gnkRHzoXiMWVspbK3AAoC5YkER47zr40Bt2Lt11yFgCdST56iI08BWybl2YlRaxl26gJtjsMSJGsTuD9fSgePW9fENcBAGgY9wjTTQwB506Pwe8iys3AdW23ga980A4qWK5TbVT/MQR8pgmthKgasU7WKa3odQPl5UWwnFyCCcxTnET7/qaqXOHXW+EBj4f5NUlsOr5dVf5/KulOMuye0PlnjFt7d0QRnyLq0lchaNNt25Ve6A2VGLulRAdQ5jvB2Pufala1wy/wBSLjaqxyxHaEETPhTp9n9uFZyDnBgnbTM8z5afuKlkikrTHTNP2lY7N1duYyAkr4nY+00nYBWJGXca0Y6btOKZy0hhoPADegvD7kXbcfzr8mBqb3CkPB8XbGc2zbuIDyQd/ME/nVXF3ZZB3Ve4xdDXAVP4N/T9IoLcPb8oqMu2bHoJJIUnuoZfwF+4uaxe6tweYBVp79CQR5d9Xrrwp8Yqzgh2RSDJ0BL/AEd4pilW3fv2haGswvLuCIpJ8CQKcBw8Jh0sqZFtFQM3PKAJPdNTDYoarPlVtlJ8q1uzLKuBUoGDD1qpxXUr5Vdc8qG8SPw1gFKBUqRUoA5Iu9S5UqUAYmvRUqUAbRzqXdl8j9alSgA5hf8ARX1+tEsP8B/tP0qVK9r0f/N/By5fyR0/7Of+WHl+tVsbsvmfzqVK82XZZGzD/C3mfoKBYf8A1T/d+lSpSs0duHf6Z/fdS5x34n/t/KpUrEAoW/ioc/8Arj98qlSqwMZ03C/8vb8rn/hW7oZ8F/8AvP0FSpQ/xYvkTemnxW/I/Wlzh/8AzNn+6pUrI/iOxrxv4f7T9RVFPiNSpUcn5MaPRZufCKu2tl8vzqVKQ09tfF60ctcv7TUqUAVmqjjth515UoAq1KlSgD//2Q==');
INSERT INTO `album` (`album_id`, `album_title`, `genre_id`, `album_img_path`) VALUES
(38, 'Californication', 6, 'data:image/jpeg;base64,/9j/4AAQSkZJRgABAQAAAQABAAD/2wCEAAkGBxMTEhUTExMVFhUXFx0XFhcXGBgZHhggHhgaGBgYIBceHiggGBolGxUaITEhJSkrLi4uFx8zODMtNygtLisBCgoKDg0OGxAQGy8mICUtLS0vLS0tMC0vLS0tLS0tLS0tLy8tLS8tLS0tLS0tLS0vLS0tLS0tLS0tLS0tLS0tLf/AABEIAOEA4QMBIgACEQEDEQH/xAAcAAACAgMBAQAAAAAAAAAAAAADBAIFAAEGBwj/xABKEAABAwIDBAYFCAYIBgMAAAABAgMRACEEEjEFQVFhBhMicYGRMqGxwdEUIzNCUnKS8AeCorLC4RUWQ1NiY3OTFzRU0tPxJIPi/8QAGwEAAgMBAQEAAAAAAAAAAAAAAQIAAwQFBgf/xAA6EQABAwEEBwYGAQQBBQAAAAABAAIRAwQhMUESUWFxkaHwBROBscHRFBUiMuHxQiNSU5LiBjOCwtL/2gAMAwEAAhEDEQA/AGMDjVuEBJJJkADPJMTAnWwmnEqxRMdS9a3oqVcbqq9lBth1L6FSpucsuyO0kpJIWqJhe+r5XSskCW09k2JVlzSnIYVmAuOFeqqh+l/TaCNuvUvE0W2Qj+q9wPWqdqrxicQVEBtZIVlNsp0KgmCZmAfKmUHEGPmHj2ZHzcyDvnhQz0kxLa1qQ0TmKSQL2SgtpF7xBBnWU1W4npi84FANBOZKwsLUJJWlKFKyFQKTAEAiOVDQqnBjY39Z3K5lmsTrw89cU+lpyAtLSykzeJHZknluPlRVsKSM5bIB1ISTrpcDfNVmzdvOsoQAgFSEFKV3zBJzWICspIKyZjcAaLiumjzicq2W1IMEklYskghXZMTKZi80S2tpXNEb7446kfhLIW/9x07rp6y5p9ZcgkNvKgwYbWYNuyQE2N/ZWjh3jCupenT0N+4aSO6qY/pFdQVFOVMul1QtKpKZTe4QY3Qain9Iz5WlxKUNpSpSo9IOZsogqVcCUg9kgSLzU7q0DBg47FaOzLMWyXP68OPirpbLx/sXSdPQVqNbxSWMaKEZ3WylMxLidDwvSrXTt/IEKDSlJzwtXpAqCkxuSISqAIiwtSW3+lhxbRYdS2ApYXOeSkgzYkwgTrGt7UzWVw4AtETeQctYSns6yQYe6ccuucbUy3tBMaojcBYevXwqScemb6eYFcgp1lNgocTOZfrzJqKn2hMGJ+stapF7xrkt41s7obVR8vBwDuH5XWHaaNOubk6Ak6d1GG029y2p39q/trlcItpKSRp9t4iAOQN1SaG+40TAQ6lJv2WW0pPPQGN81O6G1I6xt0ovjd7DzK6l3EokHsX0IHvkie+mWsQSLLHgZrignDrMJbfMXJFh47/OmW30olLaXgBuCiO/UR66BpDDrzRfYroEztAHqTyXV4lbguCk95+JtSyMY5bsoBOkkGO/ITJ7qrm9ouAQlpZ3nOr3miI2itJzOgARqYQgcs6z2vAUugs/ckC+OInzuTw2kkz804sDUlvKnmBnj31n9YikQjDOBE6hAtz1jypZvbKCbKEaTIyef50oy9qshPbcgcoTProGmJvbPFEMc24tPP0AHirLZ2McfSstJJSkSv5txCRxJVH5g04OtTYpgykCM9ysSgXFyRpakNn9KsN1ZbIQ6k9oZu3lOUoOkAylREHjVurpUh0gqYS4QpKgoI0LZUps24ZyBWZ4qA3Mu37t3pkrxQs2jNRzmnVBu8dGEqpnEkgFtcESnJmUSBEn6MAC486G404gAqaXlKc05Vm1r2H+Ibt4q3c6QBUEtiQEAAlQ9BQWjSDIUAYuKYb6VKzdtsXtmTJ+zIiLzkFU6dePsHFO2l2fP3u4D2XNhoDMoMuJyDMtSm1pyi9yopgeifKp4nC4kqlDTmUEBXzajHC5MEwfXXRYvaqXRdpCiDIC5GUkEGyZmRa9CXtJ3P1iupBzJVMqElGfLYk7nCPAaUW1ambRO0zqVgoWEGdNx3x7KmZeKcqupfgpzDsLiJAzbhEqHmKEjEYVx1Y6xWcEoUghfZKdREiCDVu30o6vNdBUYzwCcxAQmSMxAlLaRFhrVQ5tlJUtSEJSVqK1HUXMqPr3mnYKhklsePuOtiL/AIemP6ZJO0fgSt/0fhftr/Cn4Vuq7+sLX97hvJr/AMlZV/dv1nj+Fm+IPQPurpfR865ezxBSB3RE7hQBs9Q4gnSRMDupx7baNCpJg3kmw4UdG1mFntH8+FZw6qB9QWQhpukgbf17qsSxzEbzcE+XxqbiTACkiBxM/tEz7asM2FJmVKHERb1Sb0VWIwe8xGqpI/PjUNQ/2ngkFKcHt49dZBc+91N8yWwf8IHuuar3WmoJ6xCSTZXuuYFXb+zsKsqh10TN0LFp3wZBI1qZ2VhVSXEl0bisIURy9Gwq4VQNfBM2G4P5/gqgThsOpMLdbcE/XS3bkAKXxGx2VHKEgmJgBxBHPsyBr/7rp2Nn4Jsk9lJ0m6LcOyANaZGGYSD1aygnUgqJPiqTU7+DcHcFaKhZe1+2JA8oXK/1aROhJ1JUXF79RJF/CtOdG21GVApB+tlTffK5FrzXQDZ7KpSpx9RO/O7A/CEgUi/0cbUMpclI3Rr96TPnTCqNZHgi2tVzqEc/P9bVUq6ONiS2tgkEATmTJOknKr2UFvYawT2MMOYLiyf2LCukTsXDwnMcyh6Kb5e7KIHhRFrQgwMo3QnKmPM1O+OGO8JXWl5FzietcnmuNR0dcKpUvCpPNbqiNI9NMJ3/AM6aT0aVqp4KMXCc6vKcgjuArp2sKZJyrv8A5qj6tKBnSkmSoXuCT7xT9852B8kfjK2vlPNUjnR1WWA8hPDMg2veZN7TpSbmwHpCQ5mnVQUYF+G8Ryrpn8I2v022liBFsw7p0qf9HkCIQlPBASPd7KHekYnyRZbamzgPTHcueY6MuSC452QbwtZnu0j+VMO7CQdXFcJIt4SfXrVshnqx2UzrqrTjHCrBO0QpsILcW9NIk+aoHqNK6q/EX8AoLTUdeXxqu5XTC5T+q4UYDxAG4COeu+nT0cCL9a4s2stZA8gKtmXW1GTnsLqO/wDWiD51MqkENISZ1BMT4jf30DVfrSPtFV1xPXLz3KjfwHHIP1c0eBy+uhK2aExL7nOArL5XgeNWjTDylSpAAF+0pPqAbmts7Kf7RcdQCYypQCAB3+kT5U3eRi4dcUWOfr8uRg9YXqpDagbKbsbFwoAPhkz1Yhx5Iyg4blZZ9UW76fweHQknrFKXlFwkATwOYCeO+lFstKUTLok8J8NDO7yoac5ckrodfPAHndzUzjHSI+bXH1Wjp5kTQOueUJSkAaEaa30vR2uqCgAFqOp+aie85MvjTKnFEkgui9khbR3zOsx30uBuHp5qB2vnPXBUhw7k3bQLTJvH6ugNEawxPaCCo8QBHDeatMNinZUCT5iwnWYFEViiRO8aTf8AI8aJe7YoanXRSv8ARrv92f2K1R/lx4N/jPwrKX69nXil02o+JQ2AIbeA+0W5HmYvVc9gsO5ubMXt2fOIFXq9T2UwOKonzmtoCMxJRfSYCgPEWFVtqQLp4ohxmQY3GPQda1UL2e2pEBc7ikBZnwCsxFuEULFbJGT0bpOgQhUfZIGeQavCpAmC2DutHhEmlziXBZKZneIA9ZFEVH5c0wq6O3n43+4XMYjZbyFdh1/hlShM/iJIPl50cpeQmCcUtR3gIkcohPnV2cQJAcQfBKjPG4NQOJSDkQlwDgCmPKZHjV4quzE8EtSt3h0iBwHnCokuui/WYjLMdtorV5TYX4U51yiYUtIPjN9Ji9WD6CRKc6eEkfxBdRw78akEjWQSefoiDUc+b4VYcD+gPRV7zV/nX3UDcELKAO8kRSeI2xhE265wnd1ags+wir58OKSS262OIUCPDlpSYRiAAPmT7PUPGixwz849EQGi93AED0KpVBCzIexQk6OMLM/dIiO+Iph/ZriRLYSR/mZye8ibfhq0cdUNUpKhO63IzEAUBKF6k31yIWCByByU/eHLrkn758Y3eHpHNc+r5chRgNpH+U2e15kXqywz+N7JzG5NltKkHjqU0xiWCqDKk8AT7Shy/dFHwiUp0KOEoBPuN+c1HPBF4E7k7rQNEQG8PVbaXi0pHWKZPMJUkz3ZT3a0m43jCICWVXmCp32lu1WofsQIUR3+5FqA9tBWkNqJ3FUfwe6qxOQCqDyTMX9deyqXUbQFylXHK1lO7eVUijaDye0WMdJVF2zBt3RXSIfeicjKRvgqPsAobm1AkQVpHERB1tqTVjXnCAdyubWDjAYPD8SqrAbYcKsqmcQD/mS37gKt2sM4SVZEZVboEiO5Ha8VUpi9uRPYcXyQ24Z3RJypnupjB7U64R8nxAMQStMDzC+VB04gR1vCR4/kGR1tNyaafUZlokC2pEc50HdUnFz/AGbn4595pbDYZQV2DCRM9hU8hmOvnTD+zlrgpfWkj6iVIAPmhRv31UdEH9qs4wPVHZSmAChaecjxgamt4x1pKfScSe8e+q5/COCIClWN+unSNyzr3cKMtp0pgJbUmJKVKzAeG/8AFQgTjz/aOiMTHLynzUurSsEh9ZGsBQA7swmT40u+60VQp85pgID6jH6gsPGlluYhMjqUZRrBIHCwRNPMvLtlSlBmT2Sq3x76ctIz5o6Oju2Eei0vCIIADq+E55HkBIoSsG0VEKlRjUHN7IPhU8bh+s9JLajmsCMxnccoitdQsz29Ps2PdlXY1AdqYOj7euCB8iR/dD8B+NZQcp/vnPwMVlWaJ18yppbfP2Vi5g2we03PAlKz8fOty2P8O6EOZb880UkcECrMXHe4u9jykT3VMrWkXKyTcEt5wnlAt+1SkbVWCYud4GfJHacE2WoqF466fUBajM4tQuG3AN5HVif2ppFD5mCRYR6LaYnd6RiaIcIF8weKyfIXHqoEDNAgDEx1thNrxiFDKVQJ0zQb9xoS8g9EeIkz4itpYQoaJhNx2QfcYNBAUJ7SuYKRHhQAAwQuOZ8fxsWnQsGbbohZB/a91QQ+QIKsvcsgHvjWolpK1AqUAR9UnxGoHqomIwloChpoFx5j1U8DAqzSA+k9c71JzM5I7BHdPhF70riVPo9FjrOORsD2rrY2YqbOOJA17cbuXtPCjKYV9Va4/wAaiufOT66n0joofSLgRG2ecKvGPe1KHMxMC6kE+CkGItQ9oJxK4g4hu8zLZSLfqK9tHOPxMkBkyDZXWBAN7Xur1Uxh+tJhaI4kPk/wTPd50+GQ5e6vcdAhwa2d4PKfRUqtnPIMuOvLtmHVwAeROs8hxFCzpUBG/wCqesJHhnGTyrpupUPqhR4lflHZuarMS4lSoWywlSbjrACvWxEiPbTNfpXe3kFY20OeZjVgQNmA9Bcq4PvCwWQNPRTJ7vnY8aOyFJIPWt5RAhtCAsk6AkSKslYMuJ+cS0sHQdWi3mk+qkWNhoBJDZVPEAZfuhK0+yppCP0iKtMzpx4AGeIEJhTDhTLiSsE6HJHLVSvdSRw7qVHLg0REgtpbHjnKrnuplezkBJCW8QB3TfkSqwojGzShMXA0HVtCT+uSamlHXsUnesyIN+YI8ndawlsGHR2luZVEWT1iEge2POn8BilFR7ZVbQutr8oM0i5sdYPWNLKTvS6de8Em1MjDYjL/AGQ0PzZ9nY9VqBLTqUqBjjILb9hEeCPiWHFGVzbchbhEdwtPjQ9n4UkkFppCInMUqKzwHpqNTewjpvnJAG9JF94hJEnfM+FQ/pCFDXuLLp3ayCAB30oJ0YB80n1RAg7pjkmUbPSskKK0JGhQSj2CiNpUkEBQy/VPWq/i0PwqsfeYUoFS0g3kLkXG+CTkHhS2Dx6Q7kIYSIMK7QHIfRkkHiN4qFrokymbZ6tQw0SdRBA8wrh9zExKXGjyUQD4nPB8IpNrF4q5U1lH2mwnX7ueb0ZSyppSg/gpG5ecqV3JypjxpNraMm7mHNtUZhyjLmVQa2cBy/ATmjUpmHsE68TyMJgvPEAy6eMrQi2v2PhRldccsJRc3nO5u+0nTvNaTjEC4UQY1MhPl2aC7ikKTEnWIXYEjU5yFgU0HVyVRa4n7Y4+8cgrDK7wb9dZVH1eG/yv91H/AI6ypobDw/KXuNo4f8lfBliwAjnmv3XNRewTUSAqd2cKXHhIpWXSLJaVxyn1D1Uup1wEjq8tuBMe6lDTr5oAOJ+7mOuSYdUhBAAfMncFEfvSBakMStaVjqmnlEmSQtVuRzSRYTMb6YS+/HZSjTWZn92KTXjcQTdKtLdiE+YWqrWtOXmr6Qh18Hx8wI8021tDFZh8y2iRZTjjhJAO4Rc+FDa2m5MOOK7UmE9WNDlOqUkeBoLjizMuJBEaqHfAC0mKaQ6tQIcxiyLGFKQR5hIIP5ilLQMhz9j6KzQpgGRGGEnznlKKNo27N0m/o5zPG/LuoRx7gBKM9wDGVuRbSFrgd1RdV2TkcC+Vyvzgx5UkywtJPaWneQTmvwHYt40wYISMY0yR1ynkmlbQfSjL1TijqSOrTv3ws+VYvHPkShoBWhzqKY/CSK57HNPZsqc8kyPnzl8ZV8IrSWXkjKTM7w8LcjFx66fuhs68VqFlZAvbJ2/8gFYfLsakhPVpA1m658d9Lq2y42SVsuC+sQO65orOHf7I6w5T/myfAkiaaS8UpKVOL4EqcbgmdAIPCjdqHh0UxcwfxadcEg+vqqxG3WCofNLUfvH1Akinm9qpj6J2SZ+cUsJN7aCZrF4wSQXimNQhaf4UA+FONOEpCkuEg/bUtJF7Wt66Jwv9UlQtzYR/5u9oSv8ASTIVmJWgx6PWqjkeY8qk5txokZXLD7eU34gWJFNKxKyQM7YAvJMkH9Qil3XiRK3W/T0laB6yZPlS3Zjn+EgDCb2n/af/AFWYbEqUAoOOZTJzHJ46eh50yvEWEPIjmbk+JrWHxJBEOZgbfNrFhusdPxVMYhwlX0kJkx1gOmp7E2HOlJHUKsgkw1o5X3xqxy9ITuEMGbnjcmDxgqiKmodoEgk6XA9lU7sGFAxHOZ3cTfwoKsAoyUqDdpltaEGd+rX8VDQGtVupZk7Or1ePuEGYPCQI9is1aXlym7kHUE9nvjKZ9dc+dmpy5i6Fr1hbyvaNKXONdFkJaCTvzOOJPK26j3epWNswcIBmNkevoui+WMogIS4okWCGgfKEQKMjEFRgofHOEACeQXNc/ijiZCVLCYiQ2CoJtMjLO7cDRGcW4laQlZUkazqT9YcRQ7sRI9VH2HdN9x/QCvX8OrKQDkJ+sGgI/HN6WZcUOyp3PwllB9gvxtS7mPI0QTvMrQL+JmNOFIYraqioTh5MGM+UAeOcx51GsPUftLTs7nfTAP8ArPP3Vu7tFlA7agDxORE8bC9LPdJWxBSlat2hjzsDVWvaC3BBbSALW6z1EWjvNbSTGbIDGhDQsOGaZ/FTik3NXtsrG/eL993L8J7+sY/6d38LfxrdU/y5f5R/+63R7purn+VZ8Gz+3mVeYxpBF3HUGdZXrzgpmoNpOnXk8io5jyAN6pXukazJlKwo2K7xoN8JNye6ju7dKVKumCAZvxuox3i1cv5vZYP1YbNsXXXjO6br4V/yy0gQAPEj28MYnwJuFpUDdw217Wg7t386h8qSvs5wDoAe1fjGYm1UGO6SOhKC2mZ1VqDYkiBHI+elOo6QQkZlpBI3C07xp7LUWdq2RxjS8TcOYmfBKezbSADoidh54Ec1aFsZYJmBrKwSeMAcaWJv2W80aFZcJ+Jqrxe2jlzEpTmHZGS543Jtu86Vb2ypRUEqUniREcBH1hMiltPa9CgR/KRP0wQN945SraPZlZwJJgznI8h1sV98oUoR8m13yEz4ZqJOWxSUxuAK/Cw9dUeG2kv5QCVZh1fay5rwRKoH1oUdOApjH7dcKMpSG1B5KAUzM5pKSrMZhIIPEmszu3KckNZI3kebTu8CtDeySQATE6gTmRm/ZqGKMjajbUAB2L2ynedJN/CjMY0qKgptQj0Q42BB1iCq5rkn9vOKACwFQuSbgG1kx33nlXp7uFbWC6MNhMiwFIzIPbJQkmRPFd+UcaNTtym0ToT4nZraE/yoPwJBzJg8IPUrn8TtEIMnIk6XU0J8x2fChN7SQRPXN8x1qLb9YgmAedqc6UdC0vk4jDnDobICgBnROYZ20wElJKkqid8DnXLHZjSG+rUWlLJjMm/ak8dBA9VZj/1CAfsu1Xz+vCUfk7Q2Jv3IrrzbqCsLhQURJVPwJM8LAEa1Z4dCCEpKG1WuZGYn7xM61zGHZbLViAqSDfQSYPsHdTqcY2AmSoK07BIuIkZZju4UKPbzmjRrM0jrFx63LRVsZiKbo614q/cSARLSbmBlUr1lJy+GWpLQABLbYJ3SPV2CSe6KpkLbQlRUJBNoUpJn60wb3mjpZDrzCEqcSFBaiC4sRCQU3nj3V0bN2xSrAZOMXSdcYxGcnYudXsTmSb4Ge4ThpEjBNnEqbsOqQOPzqvMdj30RhpSu0FSOPVLy+EwTrxOlNOdHkCB1zit4AeWN99TSG0MGGzJLusEl5y8AqCR4SeNdHvhE3Dxy8QFl0ZgNxO4zx90Vtu8Bbc3+oufKbedM5mxYpWT/AKXxUfdVI7jEhCgOvSpKSR86rcL2KjcaUhgNpFa2wsukf2nb1gDtaSBJmsR7WsoN7uF/G4ZX8VoHZ9odkRwk7vRdT8kEkpaTlOstC/M9rTdUVrUgGEg8YbWAOA1ItFK4vFIZSV50EkwEoWpWlj2LftGmMBjw56KgVlMwtO4Hfe4nfWwWmiX6AeCTlKymjV0S8tOiNYI47NqcQRoDci0LAjnA07qEywU2M6TmK1kG+/timQ0TeSZggogz3JJiPGoOYbhEjULQg68RPvqyVl0hhPn11gppJiwDh5mN/wCd9bKuyrsoTJvJkER93LFKHCOdr50Rr2FAW36Zo8KLhsAoCQpZCgIk7u7L3VLkDoRMjn7xyQFYPQiUmIhLjmTwQLTFbTs5NjlRO/sTrvJWZNPow7gJ0gDhb21iELj0hJO6/uMCppKd6ciFL5B9z8KPjWUL5Kv7Y/a+NZSyf7kmnt5D2XAHBGI0VbLBzAAk3JIkWFTSgTHbnW0iACZveAeFbxbSkIC1AgwBIVFrwLfdmjMFKkFKVBBWkCSob1GJ1NuWk187LjEr32iJhIFwoCkAkZRI3xvIJ58opnIRCr5lAnKRm0mNNEgAnU0/gtlrUlICFKJBCzkdOYbjnIgGItwtQGMFiiCpIKSOxClITIAIUbkRHv0oac4IimTt3KmQVuKyIAUT2iAI09wmnk7HdCVK7AKTdGdMm2oUDlPgZraMP1KgnMjMT2oUFSCPRMHWjK7CcrgQUlZElKsuhkCBBy8uINO5xn6UO7jHrrraLAFTTpIGYBC4zCMxKYIg7vhRcd17nydJb7LUDs31KbmNbAX5Vc7A2Qkusr+U4eL/AEq0tkyCkJyKIKr8OVenM9E1gdrIoH6oVlT+EJuO+aBfnHorBSnExz8l4X8mdCSgkhAWFFBUNUymeE3ULxvr0Xo7t9fUZENsuFppEN9YlCyAtWdMzCQErSZ4J412zfRxQsGmfMD+GuU6YY75KFoQGQ8AAMoSq5iREDQaz5UO8Jy5oilfAN+5MubRL7a0KwLSVKazJh/PC2QTh0SIEmVCRI0rzLFfKHFAnDuCYJIbKTz3XnXx5VbI6T4z+8bH/wBQo39ZsdE9Y3H+kP8AuqFwBvhah2bXcLmnl7rm2sM+EgdQtUSRmSREnXnS7ez3tepcn7qvhXWDpPjD/aI/2f502ztjHKv1iOP0Ou/7VA2hrbyRz9k7ex7S7Bp4t91xrKFggqS5aOzkVv13bqcdfV1jSw25CZnsr36AW5a10q9t46JBbWnf80ZFouM1q0vpFjRqloj/AEz8fzFKa1N1xI68ED2Rah/E8vdQc6RNqR9C6lSSMoQFybgk51AwbW7q53EJbcUpSi4LzcKMeMXMb7aV0SelWJ3pZ8Un41ju23XIzJw8jRQCwR3KB9Whqx1oJEOceJKVvZFpP2s8h6rkAtSYM5yZBBCo5Ai1jXRbFwQxrKglsJxLAKm4t1wEqWzGmZKQCkDmO6zb24UBQxDIU2oZesaWRkm0qTlUSm+7hTnRL9HuLCkYvCY7DrTY5kKcvyMCQRwOlTSDxpN62ZQsdos1Si/ReCDtHlkRtBjJcV8qC1ZCBCrk5TIMzcG2ot3Ct7Ne6glSV3mJEGDEEAm3DwNe7L6DYUjMvC4dazdZSjU7z4mkV9CNnGxwjY7sw9U0G1NAgiRwQNn7wEXEZrx97argIWtRBSOyQQZIMgGYtu/N4L2ySoqBUFG5SBYWAGgiNTrXsKugWzzqxugdtdhw10oX/DbZx/sl6RZxffxq9tsqgRpu4ndjjhtSGxNBnRGEYZYxxXl52zlUC3KezFiLkK7VlCxIMXEUrjdqPPICkLNjBvBB1nhwE7rV6yr9GmBylI64AkE/OTcWBuJFjFLL/RRgyAA5iEgEWCgRbkRUNrqkn6zfjeYN0Xib8OpSiwsBnREjPPXivOcNtRSAlKpVEXBUVcdZiDwMmd1ExO30hBURDhTAiTv+sJEGN969AP6ImMxUnEvidxCCPYKrMT+hsk9jGnvU1JPGTnrQztO0tEd4YiMvaed2Spd2dScdLRE7+sdS8y/pVz7avw1ld/8A8F1/9Yn/AGlf99ZU+YVv8rv9ne6u+FH9g5KWNbwWHScyG5bKUhKWklwTqMrilKtMz+S/idu7NaEl9xw2hCMiTyEISmDPE15vtF/DkhbIWn7QcKVEm8RvI1maOxt51LaEgMmEgJBZbJMHVStTwmub8OCBM9cVu+IcDdA3ADyhdfiumbKWi43gz1Z7KHHFqX2o0JVmRO+JmAa4PCbRfbOfMpIC5JSlM5otAiBrHCJojfzrxWpDZWpVmkoWUncIQgg27+Nek9E+hrq74vCYdtqQQ2MwJ5lGYxrvIPKnhlMXBI51SofqPNeavYltx4uDriVnfk7SjGYSkbzMQJvXY7G/R5isZ1an8+HaSlISFqK3LA+igjsAzME2jfXp2wui+FwkllsBX2zBV3BW4chV2lBPGh3upL3QzVJ0e6J4TBCWWhn3uL7Sz+sfRHIQKucViktJzuKges9wqn270mZwqbELX6k8J4mdwry/b233cSokk5Tu3x37hy9tVucG3uWuy2OraTFMXZnIdaheuj6XdPc6FNsqKEmxIPaPeoewedcIXl8Qq0XE+upMoUL5a2RcymO6sz6mn0F6yx2Blmb9GOZvn9bPNLLtcpHhUkuDcmjrw6Smb/gpdGGJE3igCCFoIe11w8lNHlV3h2s+VIXBnX3H41WYTZ5VB3Tf876ssNgS1dVt8WnkBxrPWc3AG9WNnApvFFpCTKiTMKCR5zupN5bCoT1apm6pOngd+lAaZG8a06wRwqmA3Mnkm0br0jiW0wUhqCd+sDluoDOBPCfGukyJEdnWinDA3TPnS/FaIiOuKUloxCp2MDxSPXWYXC4jCL6/AOKbXqtoiW3ORSbD8wRV2l0jj7a25io3UrLXVY6W9b1mtNBloZoVGyOY3db5Fy6Doj+k1nEK6jFJGGxIMEKshR3Qo6HSx8Ca7t5pKvSA79/nXhu3cKziEw4kyPRUBceO8cqBsHpnj9l5W1//ACMKLQqZSNISrVBHAyN1t3as9pbWEEQdXt7Yryls7MrWb6xe3WMRvA8xduwXtjuzyLpM8jr8KBpYigdFumGEx6ZYdGYek2oQtPh9YcxIq+UlJEET4VeaYyWBtU53qqTHKphIoruz/sKPcfjSLqVJMGRSGW4q5pDsCmfH21FKTMBV9fyKBm5+r+dDcYQogqSCRoYuO5WopZCMFO9Uf8Xka1SsD/F/uOf91ZRkJfqXlOw17DypaGHxeIWdCUKKjbclCoA5CuvR0GwCkhScFkJ1C1qCh4BRE+NdDsjY2HwqcjDSW074Ek8yo9pR7zT08KDqk4JWsjFVGw+jmHwo+ZYQlW9ZOZZ71ETHLSrTq1Hh50dvDk61VdIOkCML2U5VOamTZA4qVu7hf20A0uRLgE/iMQ2wAXlBIM7/AFRvJnQVwnSzp+SC2yMg017R5mPQHIX5iuZ6R9KnH1qJUSZIB0EcED6o56nea5eN++iXBtwW6y9nvqkOqXDVgT7eeq682TmJUsyoyd/LuG6iYLDZlRNViQeNNYPErQZSrzrJUBIJBvXrKBaxoY1sAbldP4UoGpvuN6pQFExT4x4PpSfz308y0gkEFISL9/8AOswcWD6gtB3pdjZEgSSZ8PfTzewNJVCd87u6mkuobEJ7aj+R3Ck8TjHCIsDuy3jv4ms/eVXm4wklxwuRsQtLXYaTB+0dfAVXZSfSk8zrW280ySSeNNNPE2imA0BdxTAQgFA4GptuAbvM0cqv6NDLNDS1oplvFBQiAPGmEOAc6rRhxvNEbZvANVOY3JJohWgWmtdVN9aD8lyib+FAxGOQnswrN4CqgyftvVYE4JnqQTaKTxCRFxNFwWJJOhj2VbKS0pECCPrTx93fRLiw3qOfoHBecY/ZCkrDuFUptYMgJJTB4pUPRrt+h/6X1JIY2ikyLdekX/XR7x5ULGbIMHKTOoB+IrlNrbLDgBcSUnQK/PpV2rLbg8aLjPn+fNcW3dkMrTUs8B2YyPseW7FfReBxrbyEuNLStChKVJMg+NHUARBg99fL+w+kGN2W5LS+wTdCu0254HQ8xBr23oR+kbC4+Gz8ziLS2oiFn/Ar63cYNdKLpF4XmHscxxY8EEZHr9rqHtnJ1SY5H40g80U+kmOBmfXVzWzzqssBTtquGN6ob8q3Vz1CPsDyrVL3Z1p++GpVvXI4K/Ar2xUncU22krUtIAEzOg3VU9ItuobSptN1lPog3vaVH6o9sWnSvPNrbbW4odoEpAAI9BEW7I+srdmPPSYpQBElFjX1HBjBJOQ65roeknTVUZUEoRyBC1jd9xPM37jXn2KxpWbiLyI0G+Z3q50VbS1kmZB1nU1H5IeVUPtDTcF6awdjilFSre7VkN2s7eGtLpTNZ1dMfJVVsYVVUaY1ru6IQ0Mg0w1hBRENkbqZabql1Q60IQywkCY8qCQnhHeKtmWAbG1axLQnLMgVSKt8IaV6QdIiBPOmsC+CIIvUlNQKXRi0JNxFQ/U2AETerDqwdBWktxQnMYFDsqtVe9tBaTuI76rbTe65IAVauOHSk3MXlJmPKhN4xKk8Cda2vD5iNCIvy186dtMN+5GAtrxqSOdEwOJE3mjYPZE3HkaaZ2fCrQocBePGldUpQQEpe3Are1cSUpCACQR6c+oCuZcwyptrXXbYISzlMgnQxMeO6uaU8sRMR+fOjZHfT9P7S0b2omzMSbA2rpWG9Fag8KoHWgoBQ8QBV1ssqy5YkEfk1XaYI0ghVubKt04SwIMDdVXtDYq1HPZQNtIq/wBkrOUpUm+41sLN0xA3jSua2s9jjC5orvY8jV5Lh8VsZJBSQIOoNcbtrowpuVNSpO9O8d32h669UxTgUo5hB50s4wk7jXVs3aFSkZ5Ky02ela2AVW35EYidR9DcuX6GfpYxGGytYmX2RaT9InhCj6YHA3517hsLbrGLa63DupcTvixSeCkm6TXi23+iLb3aRCHOIFj3j31xjTuL2c+FIUtpwaKSTCh7Fp5Gu/Z7VStA+gwdXWK8pa7DVspl17cnD1GI6glfVk1lfPP/ABh2lxY/2v51laNArHpBN43GFcxIB1EyT3kkn195NJJbV5bqSRiFU6xjyNa5NV1Ry99YbJQszYpi84k4nf7C7ZN6ZbaNHDNRaxk8KISo1iJdmtykhqi5QN1DbaVReqNVk34oShqTWwYo6GxW3ECl0kJQQ7NqIlrfNaQiN4qZRQJ1KErbulUePk/V8as1JgzQH7iraR0SoBCo0EzFQyqNhT4aSFSZim2n0RAhJ3GJ/wDdbDUi8BKWTiVWBlYixroNmslQqvZfJcEyRp384oytoKQSjLF9b6VTV0n/AEhHKAujQsNgZiAdw41WrxYSnMlU3NhNVi3FKXmzmd8eqmMThlqEknyF6zCiGkaRxxShkY5rTrpXKnbJ3X92+tYdlDgEK03GkH8Mrf4Wp7Y2HlWsEeur3ANZIPBMbgrZjCFI4irjZjVpFjzFKBUiAR4GrDAtqy2NxXKquJbesNd5LL0QvrSbFMbxWO4s5YOu41LEoEg2J1O+OdVW0nyVoT2u0YG4f+6ppsDyLlmpsbUIuQi4CZ1NEbxEVanYYUmScpjUb/DjXNYpfVqUgqJI0tY/Cr6ZZVuatNOpTrXNyVoXydIFI7RwaHklDoCgfVzBGhpdrF2k2plOITFjNWBjqZkKzuhERcub/qLhvtO+Y+FZXR9ceVZWn4u0/wB54/hZ/ltl/wATeC5H5Ka18mqyKBQ1IrX3pXVSQaI0NHaccG+p1NtSahdIvCiZZcWaLmXxoQUKwr51nO5BTLzg4VA4tXChKeNbzTR0RqUUl4iam3iqGGqKMNUOjgoUNxwmoGaeYw9HXhhSGoBclLlQOkzTbOCCkza9Hewm8VW4vOJE2mavadO5phFPo2UqeyY50d7DOEyUiRv/AJUjs/bHVJhSSedO4XapWqyCANare2sDJFwzSkmU5gGyblsCOXuqwsRGUz3VNkymYFNN4pATISCa51R5JwWOpUM3DmqBeBWojMNOVWGF2NviDxppe00JhTkd00pjul6ACG8s8abSrvuY32UdUruua32Vm1s4zyo2z0KSqFCQZrkGukiirtLJ/PCmcR0gX6Sb79KDrJWNxzSOs1VwIJF66bF4pLMgi5muQVt0hwlYm/Z0GXnG+nGG8TiO2rsp+rm3+HCk9u7MJRJIlOvOrbPSpMdoPIJNxg4J6NOmyRILs087tV3EpPUryxYhRg8RHCuVxWMWFELBzAwZq46J7Md6wLiE89/OKV6aYYIdBFyR+ZrXQ7tlbuWxEeO4lOHBh0Wxgqv5VPGncLiI+sPE1SzUkrrc6kCFYKutdN8qPFH4qyuc66sqj4ZNpNV2rDq4K8qgrDr4Kq6jNH2R+0fh7ai+VEhI1O/7I3mPZx860dwNa4Xz2p/YOJVKnDr5+qiJwx5+qrp0oSmIsPX8SaXCSLnVWo4DhPL41O4BzRPbjx/AcSkuoPA+qhuYZXA+qn225M7hYd+hPhp51rGCRlGqvUPrH2DxofDwcVPnj4+wcfwq5OHPD2Uy2z+ZrHGxlJPC9SZSQkAm+qu8m48NPCobNP8AJH54/wDxjj+FNNqIXTw9lI5+0Y3dn3k+ZA8KI4CChJOpnwA08yKT4Ia0B24f8fP8J1tf5tR+t7qrMQ7lQs8Ek+ABreGb7MEgxA8t3roGwDWlPbRJ+wcfwmMS7w91U+KKiYimwbrF/S9gHvqJd+dQOIX6svxqynZGtzR+duyYOP4WbPxZQnKUA8daO5tBUZQgJvfX3UDFWE7xB9YNbd3mdDe/OibHTJ0il+dPn7BzR1bWcCewgd5k+NJI2riIIyjW5vbf76NhEnJEHsqUnyUQPVFTjKoifSAV5dlXqy0RY6QkQl+c1MQwKpxDbizeSYnfQfkTlpTE2BKTV68cqkmbpInjlWcsxwCsp86exLAcbKQRP1VawoGUnwUBV4ptEJXdrVSZLRz91zn9GFKSonPAnsiQBvmrTCOOoyhLeVOpUb+V7WpvBrC0hQtIuOBFlJ8CCKzZ6gkKaP1Lpk6oNk35GU+A40jrO1wh16nzirdDGx4n1V4yppQzF2+hud1iKptogLVkSCsCJvFjy8K0pvq1zIyrISeSjZJ8bJ78tFdYVZSbqTMD7Y+s346jgQKzU+z6bHTpHiPQBK3teu2SAOd3MK1Z2rlSlJTlUQYHdzmNK5bbuDddc6yAAYF1C3M8BzroC0hxsHMYUJBAuCNCOBHDvBqOEXmBQqAoWPAgixg/VUJ9Y3Gno2GlRcXNmd6rHadUTotaJ2H/AOly6+jb4BOUaTAIJ8BvNba6NvEAjLB0Oexrp0ZkEIUTGiFfwHnwO8DiLsOMKR2kglJutMT3rSOPFO/UX11aASntSvs4Lkf6r4jgn8afjWV1n9I4b/qGv91PxrdHu9hR+a1tnD8pJx4pFhJNgOJ3D87hUWW4nMqVG6jz4AcBoKiykqOczpCQREDieBPwHGo4s/USbnfwG89/DnSLCNago5lT9VOnM8ecXHf3CoLJJAmCfVxPgPXFTUYGUQALVHDpkZt547hu7p18uFMEEZKYAA3CAKSQoklW42T3D4mT4ijY1ywT9qx7vre4eNaK7acqG1E6kBwkqCd3pHmB6I/FHkam+6QJNgAVHwvUMOqe3rmMj7oskd2p/WoeLXMA7zPgm/tjzoxfCGUqOGb0G/Unmbk+ZNEJlw8EgDx9I+rLUsKiSTQ8MZBVxJPhu9QFFRaxaezHEpT3yoT6pptob/z+bUo9qgcVE+ST7yKeZHs/PtqHBQZqtTor7yv3j8KxR+dbvuX/AAVjP0YPGT5mffWOiHWu5f8ABRzPily4IuPBLa+OU+w/Ch2MxvvTSv5VX4JRKGzvKE/u0BgmOKawqrrHMK/EkD2pNTfF0K07WU9yhH72WgsqhY/xII/AqR6nD5UfEIKkKtcCR3i47tKbNDJGKMyYVHaBTO8fk+yp7NcKkCQAbhX3hZX7QNQZWFXmQbjuI19dZhnMrhTuUAtP7q/WAf1qUYFNqK2EFDyk7ljrE94gLA77K8VVHaANnAm6LkD6yT6Y8hI5pFE2i2SjMmSpBzpHGJkeKSR4ijYdaVJkGxAII4ESKac0sZKRAKDPaQpPqI3H30LBvLgoUZUmx5/ZV4j1gioYNfVqLJFgMzf3SfR/VNu4pouMOUB0ao9IcU6qEcRYjuI30IvhSc1JL5bVM/NrVBB+qs2B5BRt9771NYllSoWmy0iU8FDeg9+47j40IOpUCCJSoQeBB/OtSwuJ/slk5kiQT9ZOgV960Hn3ipMqEZIzKutR9oEXBsRBvcXCgR4EVvD4tYORZ7QFjpnA+tbfe49xpd9PVqLqT2T9J5fSDuAg8oO67brOdMk6GQq0pO4+sjmCRUQTHyjmPL+VZVd1WI+3h/wOf91bqQVJUDqaUa+lV91PtXWqyqgrHZJfG/RufdV7KsV+kr88K1WU5QCTe9MfcP79RV6J7qyspdSiHgvQR9xPsoOK+kT9xf7yKyspm4pckxhdD30rs76FH3U/uit1lQdc0dSnifTb+6v2t06j3H3VusouyUaqjC/Qp+6PZUl/St9zn8FZWUdaX8eisR8PbVVgPQT3Ct1lAdc07setiPhvpE/r/uCnm/hW6yo7BK3PrUl9kfRt/wCmn2Vjv0zP3XPa1W6yifuKn8R4eitm9B4VWbG/5dv7grKypkfBMfuHj6KT307P3XP4KeV6SaysqOwQbiVXbI/5dr/TT7KO9/zDH+i7+81WVlQ/dxQ/gPD0Vyj0VfdPsNL7D+gR/pp/drKyhkicetaJWVlZUQX/2Q=='),
(39, 'Thats the Spirit', 4, 'data:image/png;base64,iVBORw0KGgoAAAANSUhEUgAAAOEAAADhCAMAAAAJbSJIAAAAe1BMVEUAAAD////4+PilpaX8/Pzw8PDq6ur19fW1tbXJycnX19ff399qamrS0tLBwcHt7e2WlpZ4eHheXl5kZGSKioq7u7sxMTFWVlZGRkavr68UFBSgoKAsLCyCgoI4ODjb29sdHR1ycnIiIiJNTU0MDAxCQkKYmJh9fX0uLi7J/NhyAAAJQ0lEQVR4nO2ch3bqOBCGDTbFGIPpvUPI+z/h4hnLVZKl3MglO9/ZvefEOGR+S5omgWURBEEQBEEQBEEQBEEQBEEQBEEQBEEQxM+4B5u6TTCM1+k86rbBKLdOp+PWbYRRJh+FTt1GGGX6Udj5yytxHwrsLOs2wyAbULir2wyDjEHhpG4zTHDfjk+BvfNB4XS4OwSz+Xlft1W/xCZYXXodHt2+v5ut67bv35jbF540J/of6LnLtqqcuSJ1Baa79iU68wlXipj+V5tG8rnsiwZudDqNRCPrzus2XJH9YZCyvevbixlTOHyFN7xWkSZn+R7202N9GddtvApf3cRi7xBmaIvoJ/fM7jlPoqFbWNbxtkq5Wq/x4/hOrPWW33AJw3xnkBmfcTTOC/hpPuzGkzV5Dk3kHAcHZ/eKrj3wgv/M3vqMluM2+nk2ipfroUqT9fhi+npBfO2Ko7Mq3r3CdXplP78m7Nf7DY0d60s0zwbp4uHScT7XhrxfGKJ3SS6cY42NHEZ0mJ9/7PTVAxgsyLVR0FfqyoOFEv9u0NSfYTPTMo7ilR+mLJfMUgTeoQv6DPugaXWyG0W4d/YyDEn3KPqtI4z7KHPtyabqzIihP8VDo0bX7OVZmancG26RxID/O3Vw7IE7KfoHSN6kvTXIzvu5i/fogTWmGXDGKO8UUq4TXJdm1Ee45Z2/vAonvcN3wdXzERhaM90WXukrDMSON4gQWsNZ0QiJ9x7Y4hXdO+ajJb0KbL8tCtffGHuaMFH7YAkvIMAaKx2FoWCtjiFoZKJlPWBI8ziv4OiU5tEYMjkvLDCBKKzRigGXwBVoLYuxjgvETF6XeIwS6w39AWbKT95rYPmp/D3A4/q8V2aY3QgThgqYown8eACuQqEnenWEDulLuMYr4oqBkD+NZsKhyeOLE58hzNP6HCq2CwUTcSVaXgVgwXIKyBB0ZHW1b8AyYTiAcP8SvJjhzA/6QFhAf9ZBPRsA3x2JZdY9fHGq9k7wMAT+ZN4pzW2NcZFmnVAgKO4yQb10E7yIhafoVZNgWi1caLbyMoymuy16FQqNgb6B/8qzK/eVrtjLFthIJ+JWutzNAemkI87JIF1VbLZcZQua9Xqq7r/hgxWnxRDGxUbnCB9H0lbkvqyS//0qvvyxYz6tFO/jdyvWl4xFDc5mIajqYsZaa2dYEta5vQ6zeGVBaimfxDm+ShzvWpY8GQE3W2QJCwQL5dLuLQ0XVjTIivnDr+CFqZQ0nINJyjtlc0lmCuwrHkRchdKyzVXOSkNepZmZXe1KHJVnZHDLt+ob3kvDwb5Sd4qxUN6ACV2Rc1V9x2f4htxWSAx0HauqhVcK2T7EcG5zg0t5frCGWriaxAYeeJkXmeply4NyVzkp80a/R1A+pSwr7G/01N9zUH47nmuspBTuZxz3/jUf38aFY3g97qCsN+Pbbb4tJuS94pDfH4vbbfxI6k9Pox77JzZJufacrTx2HKbrDdNpV1Hhxh7F52z67jIba3IK14E7Zff2RgdcfSeVufMbrFjGuSmcW3NWcQTMKbzaheOJo7Trzyh8F477TQ8fp7WHirQCXwMDsbXmXt4MwN8mJscL6zrk3ttLsrrU7csB9+bdHp+t+c7iDefKhGtGCBYUaV8aOIIjiR2PVUyxp9n0uTd+cE7b8F3MJ6cgzU/mXM9f2fZuNUpdCSdSEg/vyUm9wQWE9kEFao52slk8xLYTnAjou8PPG0+8bnyzC6Nr+ljYMzOHLssk9dwG8bx9RzlN6F8f7Bd69uZpgbkH6zs5ewrJH8tpfDZe7i32RPv5LrOGTU/TcepvTfKrfsMsDLDVeGTtzs8AYdceFEKZ9M2GK0xHoVEz+jwWPJNzyIeT9zT5q6an6Sr+S9yjWYsp7mueYIzOUZhOwlii0LKOLk6/UVTh+tF0nvCiepBINOxNowkj3n6egNUO3Ldd42Lz4imXVhgVvmGK+2Cz8/OfoH44xy7I7IkwZoqkfE897TGuzFSdlVVobQdwyCGYxwp74pKFLV2zBQY7fSgr1JaxQhzwdLacU2idwQ85u/g3ZGU1k2g0N41cibydcOikybQU8wqjWpMh6TCHXMof7z+D66qsS+injM5WDAWFsBYdlhCU7BNi3mY0XqBrLPXX+9RR7+zWRVGhlcpuS/urGKtMZt/oRSSN4Ai2FAsNOY7Ce5zQdcsNwNmhY7Im8LxVNhBi157zHByFybJVOIuIh28MJm4DtSEMazkcmXxDjqeQDeJApa0Dz9hcRHworcIQthLzT5unkNUpSrscY7ML8Ys3LHxcGMTC0+AqvPGfBpe7+PDNb+AqrhaL7YEXWmNchWi10iSNVrjKQvkRGu+OLqHQN+IqxB6T4g6oxlP+AfCs1T5Eh9v8hX18vsKJ8jKMamRTm/qwu6Da5oXxLiRhfIVgteJmIxwmM3W8Zq3jx6DIL+TRfIVlG6RpIK1S3j7X5Fvn8fG3ZvgKIVVS3Bxcm1QIVqt+ziPgPg2+wjN3vAWM1J+GPtehzxXIPRi09Dnb1nyF1sadCE9i5GfvfudXuaEPHNU3mQQKJcxqOO9VIFD/iJK+wpHxBqkCnvrK11Z4bMLXaDw0EkVthUEtxxJzHDScm7bCkcksVBVPI0rqKoRmeN2fDLrq5HK6Chdmy0ENI+THhxJ0FUKHQ3IusxKw66T4eQFdhVj+i89lVoLNrwT56Cr01at/c+zMK6z5Y91GZ6mts8hNAYWBuEmbTeh0FZYfWqwCWxrxs12Pn+Q00/q/XuG2E2cdy6we/cz7XHtGU8Io2zPVV9h0jjlP+PcULnNp5d9T6OfSSrnCRny/gCawWZU67i1VOFfsNjeJVz4bkCqctHD+3kBhapdBpvDq6JwqbgiY0aVcjUxh2K9v6FdgidFSOGmjm8WzTqmUTqaw14ByXp/wTGH6k6QShXh2qHXfS7vIZeUShbMmlII/YL3MtCAkCvHQSd3f1fLPSBRq9QqaS+kYVr6t9NtIFJZ/LrUVyKJFuPNvbHO3MmQKz/3O5VqpNSb4e/VhHlLYfkhh+yGF7YcUth9S2H5IYfshhe2HFLYfUth+SGH7IYXthxS2H1LYfkhh+yGF7YcUth9S2H7gO+daf6JExsb5C+ctpFxnTf/8BEEQBEEQBEEQBEEQBEEQBEEQBEEQBEEQBPF/5j95AlZb24mHTAAAAABJRU5ErkJggg==');

-- --------------------------------------------------------

--
-- Table structure for table `album_collection`
--

CREATE TABLE `album_collection` (
  `album_collection_id` int(11) NOT NULL,
  `collection_id` int(11) NOT NULL,
  `album_id` int(11) NOT NULL
) ENGINE=InnoDB DEFAULT CHARSET=utf8mb4 COLLATE=utf8mb4_general_ci;

--
-- Dumping data for table `album_collection`
--

INSERT INTO `album_collection` (`album_collection_id`, `collection_id`, `album_id`) VALUES
(1, 2, 1),
(2, 2, 33),
(3, 2, 34),
(4, 3, 1),
(5, 3, 32),
(6, 3, 34),
(7, 3, 36),
(8, 3, 37),
(9, 4, 1),
(10, 4, 33),
(11, 4, 36),
(12, 5, 32),
(13, 6, 1),
(14, 6, 32),
(15, 6, 33);

-- --------------------------------------------------------

--
-- Table structure for table `artist`
--

CREATE TABLE `artist` (
  `artist_id` int(11) NOT NULL,
  `artist_name` varchar(255) NOT NULL,
  `About` text NOT NULL,
  `img_path` text NOT NULL
) ENGINE=InnoDB DEFAULT CHARSET=utf8 COLLATE=utf8_general_ci;

--
-- Dumping data for table `artist`
--

INSERT INTO `artist` (`artist_id`, `artist_name`, `About`, `img_path`) VALUES
(1, 'Foo Fighters', 'Foo Fighters is an American rock band formed in Seattle in 1994. Foo Fighters was initially formed as a one-man project by former Nirvana drummer Dave Grohl. Following the success of the 1995 eponymous debut album, Grohl (lead vocals, guitar) recruited a band consisting of Nate Mendel (bass guitar), William Goldsmith (drums), and Pat Smear (guitar). After a succession of lineup changes, including the departures of Goldsmith and Smear, the band formed its core lineup in 1999, consisting of Grohl, Mendel, Chris Shiflett (guitar), and Taylor Hawkins (drums). Smear rejoined in 2005, and Rami Jaffee (keyboards) joined in 2017.', 'https://is5-ssl.mzstatic.com/image/thumb/Music122/v4/7f/24/7b/7f247b75-f305-e219-51fc-719845d65344/196589502315.jpg/600x600bb.jpg'),
(2, 'Machine Gun Kelly', 'Colson Baker[2] (born April 22, 1990), known professionally as Machine Gun Kelly (MGK), is an American rapper, singer, songwriter, and actor. He is noted for his genre duality across alternative rock with hip hop.  Machine Gun Kelly released four mixtapes between 2007 and 2010 before signing with Bad Boy Records. He released his debut studio album, Lace Up, in 2012, which peaked at number four on the US Billboard 200 and contained his breakout single \"Wild Boy\" (featuring Waka Flocka Flame). His second and third albums, General Admission (2015) and Bloom (2017), achieved similar commercial success; the latter included the single \"Bad Things\" (with Camila Cabello), which peaked at number 4 on the Billboard Hot 100. His fourth album, Hotel Diablo (2019), included rap rock.', 'https://is3-ssl.mzstatic.com/image/thumb/Music116/v4/d9/48/6f/d9486f75-e228-26c2-9498-befd009e2a90/22UMGIM11298.rgb.jpg/600x600bb.jpg'),
(3, 'Bring Me the Horizon', 'Bring Me the Horizon (often abbreviated as BMTH) are a British rock band, formed in Sheffield in 2004. The group currently consists of lead vocalist Oliver Sykes, guitarist Lee Malia, bassist Matt Kean, drummer Matt Nicholls and keyboardist Jordan Fish. They are signed to RCA Records globally and Columbia Records exclusively in the United States.  The band released their debut album Count Your Blessings in 2006. Upon release, the album\'s deathcore sound polarised listeners, and was largely met with critical disdain. The band began to break away from this sound with their second album Suicide Season (2008), which was considered a creative, critical and commercial turning point for the band. Bring Me the Horizon released their third album, There Is a Hell Believe Me I\'ve Seen It. There Is a Heaven Let\'s Keep It a Secret., in 2010, propelling them to greater international fame, whilst incorporating influences from classical music, electronica and pop. Their major label debut, Sempiternal, (2013) achieved Gold certification in Australia (35,000) and Silver in the United Kingdom (60,000). That\'s the Spirit (2015) debuted at number two in the UK Albums Chart and the US Billboard 200.[1][2] Their sixth studio album Amo (2019) became their first UK chart-topper. The same year, the band also released Music to Listen To... (2019). Post Human: Survival Horror followed in 2020, the first in a planned series of four projects under the Post Human name. The band have also released two extended plays and two live albums. They have received four Kerrang! Awards, including two for Best British Band and one for Best Live Band, and have been nominated for two Grammy Awards. The band has sold over 4 million records worldwide, and have topped the UK Rock & Metal Singles Chart with songs such as \"Throne\", \"Drown, \"Mantra\" and \"Parasite Eve\".[3]', 'https://is3-ssl.mzstatic.com/image/thumb/Music124/v4/32/f0/0f/32f00f6b-742b-df31-326a-bd0e7dc2cd01/dj.glgqiokw.jpg/600x600bb.jpg'),
(4, 'Red Hot Chilli Peppers', 'The Red Hot Chili Peppers are an American rock band formed in Los Angeles in 1982,[1] comprising vocalist Anthony Kiedis, bassist Flea, drummer Chad Smith, and guitarist John Frusciante. Their music incorporates elements of alternative rock, funk, punk rock, hard rock, hip hop, and psychedelic rock. Their eclectic range has influenced genres such as funk metal,[2] rap metal,[3] rap rock,[4] and nu metal.[5][3] With over 120 million records sold worldwide, Red Hot Chili Peppers are one of the best-selling bands of all time.[6] They hold the records for most number-one singles (15), most cumulative weeks at number one (91) and most top-ten songs (28) on the Billboard Alternative Songs chart.[7] They have won six Grammy Awards, were inducted into the Rock and Roll Hall of Fame in 2012, and in 2022 received a star on the Hollywood Walk of Fame.  Red Hot Chili Peppers were formed in Los Angeles by Kiedis, Flea, guitarist Hillel Slovak and drummer Jack Irons. Due to commitments to other bands, Slovak and Irons did not play on the band\'s 1984 self-titled debut album, which instead featured guitarist Jack Sherman and drummer Cliff Martinez. Slovak rejoined for their second album, Freaky Styley (1985), and Irons for their third, The Uplift Mofo Party Plan (1987). Irons left after Slovak died of a drug overdose in June 1988.  With new recruits Frusciante and Smith, Red Hot Chili Peppers recorded Mother\'s Milk (1989) and their first major commercial success, Blood Sugar Sex Magik (1991). Frusciante was uncomfortable with their newfound popularity and left abruptly on tour in 1992. After a series of temporary guitarists, he was replaced by Dave Navarro, who appeared on the group\'s sixth album, One Hot Minute (1995). Although successful, the album failed to match the critical or popular acclaim of Blood Sugar Sex Magik. Frusciante and Kiedis struggled with drug addiction throughout the 1990s.', 'https://is4-ssl.mzstatic.com/image/thumb/Music116/v4/6a/f5/6b/6af56b1d-1cc8-68e8-a428-5caccf20e69a/093624880639.jpg/600x600bb.jpg'),
(5, 'Linkin Park', 'Linkin Park is an American rock band from Agoura Hills, California. The band\'s current lineup comprises vocalist/rhythm guitarist/keyboardist Mike Shinoda, lead guitarist Brad Delson, bassist Dave Farrell, DJ/turntablist Joe Hahn and drummer Rob Bourdon, all of whom are founding members. Vocalists Mark Wakefield and Chester Bennington are former members of the band. Categorized as alternative rock, Linkin Park\'s earlier music spanned a fusion of heavy metal and hip hop, while their later music features more electronica and pop elements.  Formed in 1996, Linkin Park rose to international fame with their debut studio album, Hybrid Theory (2000), which became certified Diamond by the Recording Industry Association of America (RIAA). Released during the peak of the nu metal scene, the album\'s singles\' heavy airplay on MTV led the singles \"One Step Closer\", \"Crawling\" and \"In the End\" all to chart highly on the US Mainstream Rock chart. The lattermost also crossed over to the nation\'s Billboard Hot 100.[1] Their second album, Meteora (2003), continued the band\'s success.[2] The band explored experimental sounds on their third album, Minutes to Midnight (2007).[3] By the end of the decade, Linkin Park was among the most successful and popular rock acts.[4]  The band continued to explore a wider variation of musical types on their fourth album, A Thousand Suns (2010), layering their music with more electronic sounds. The band\'s fifth album, Living Things (2012), combined musical elements from all of their previous records. Their sixth album, The Hunting Party (2014), returned to a heavier rock sound, and their seventh album, One More Light (2017), was a substantially more pop-oriented record. Linkin Park went on a hiatus when longtime lead vocalist Bennington died in July 2017. In April 2022, Shinoda revealed the band was neither working on new music nor planning on touring for the foreseeable future.', 'https://is3-ssl.mzstatic.com/image/thumb/Features115/v4/f0/31/b2/f031b2b2-bcf0-6102-426f-e0b2c7437415/dj.vrgpwamf.jpg/600x600bb.jpg'),
(6, 'Kendrick Lamar', 'Kendrick Lamar Duckworth (born June 17, 1987) is an American rapper and songwriter. Known for his progressive musical styles and socially conscious songwriting, he is often considered one of the most influential hip hop artists of his generation.[1][2] Born and raised in Compton, California, Lamar began his career as a teenager performing under the stage name K.Dot. He quickly garnered local attention which led to him signing a recording contract with Top Dawg Entertainment (TDE) in 2005.[3]  After becoming a founding member of the hip hop supergroup Black Hippy, Lamar dropped his stage name and started using his first and middle names professionally. In 2011, he released his debut studio album Section.80, a conscious hip hop record. The album was met with positive reviews and included his debut single \"HiiiiPower\". In 2012, Lamar secured a record deal with Dr. Dres Aftermath Entertainment, under the aegis of Interscope Records, and released his second studio album Good Kid, M.A.A.D City. The West Coast and gangsta rap influenced album garnered widespread critical recognition and commercial success, while including the singles \"Swimming Pools (Drank),\" \"Backseat Freestyle,\" and \"Bitch, Don\'t Kill My Vibe\".[4]  A visit to South Africa inspired Lamars jazz-flavored third studio album To Pimp a Butterfly (2015).[5] It received universal acclaim and became his first number-one album on the Billboard 200.[6] The same year, he topped the Billboard Hot 100 for the first time with the remix of \"Bad Blood\" by Taylor Swift.[7] Lamar experimented with R&B, pop and psychedelic soul in his fourth studio album Damn (2017). It spawned his first solo number-one single \"Humble\" and became the first non-classical and non-jazz work to be awarded the Pulitzer Prize for Music.[8] Following a four-year hiatus, Lamar released his fifth studio album Mr. Morale & the Big Steppers (2022), which served as his swan song from TDE.[9] He has directed and produced several music videos and films with his creative partner Dave Free, with whom he founded the creative collective PGLang.', 'https://is5-ssl.mzstatic.com/image/thumb/Music124/v4/fc/06/54/fc065472-03b2-3a28-0e0c-f1ad7859e656/00602537744022.rgb.jpg/600x600bb.jpg');

-- --------------------------------------------------------

--
-- Table structure for table `artist_album`
--

CREATE TABLE `artist_album` (
  `artist_album_id` int(11) NOT NULL,
  `artist_id` int(11) NOT NULL,
  `album_id` int(11) NOT NULL
) ENGINE=InnoDB DEFAULT CHARSET=utf8 COLLATE=utf8_general_ci;

--
-- Dumping data for table `artist_album`
--

INSERT INTO `artist_album` (`artist_album_id`, `artist_id`, `album_id`) VALUES
(1, 1, 1),
(2, 6, 32),
(3, 6, 33),
(4, 2, 34),
(5, 5, 35),
(6, 5, 36),
(7, 4, 37),
(8, 4, 38),
(9, 3, 39);

-- --------------------------------------------------------

--
-- Table structure for table `collection`
--

CREATE TABLE `collection` (
  `collection_id` int(11) NOT NULL,
  `Title` text NOT NULL,
  `member_id` int(11) NOT NULL
) ENGINE=InnoDB DEFAULT CHARSET=utf8mb4 COLLATE=utf8mb4_general_ci;

--
-- Dumping data for table `collection`
--

INSERT INTO `collection` (`collection_id`, `Title`, `member_id`) VALUES
(1, '', 5),
(2, 'Second review title', 5),
(3, 'Test title 51', 5),
(4, '4th review title', 5),
(5, 'Route collection', 5),
(6, 'Route collection 2', 5),
(7, '', 5),
(8, '', 5);

-- --------------------------------------------------------

--
-- Table structure for table `dummy_table`
--

CREATE TABLE `dummy_table` (
  `album` varchar(255) NOT NULL,
  `review` varchar(255) NOT NULL
) ENGINE=InnoDB DEFAULT CHARSET=utf8 COLLATE=utf8_general_ci;

--
-- Dumping data for table `dummy_table`
--

INSERT INTO `dummy_table` (`album`, `review`) VALUES
('Test 1', 'Test 1'),
('Test 2', 'Test 2'),
('Bla bla', 'blah'),
('gfdsf', 'nfdsjf'),
('test 3', 'test 3'),
('Test 45', 'Test 45'),
('Test 46', 'Test 46'),
('Test 46', 'Test 46'),
('test 47', 'test 47');

-- --------------------------------------------------------

--
-- Table structure for table `genre`
--

CREATE TABLE `genre` (
  `genre_id` int(11) NOT NULL,
  `genre_desc` varchar(255) NOT NULL,
  `img_path` text NOT NULL
) ENGINE=InnoDB DEFAULT CHARSET=utf8 COLLATE=utf8_general_ci;

--
-- Dumping data for table `genre`
--

INSERT INTO `genre` (`genre_id`, `genre_desc`, `img_path`) VALUES
(1, 'Rock', 'data:image/png;base64,iVBORw0KGgoAAAANSUhEUgAAAIEAAACBCAMAAADQfiliAAAAY1BMVEX///8AAAD7+/tSUlLGxsawsLDZ2dmFhYUVFRWioqLp6enl5eVAQEDg4ODu7u4xMTFtbW0aGhpHR0eVlZUrKys3Nzf09PS/v79ZWVkjIyNkZGR4eHjT09NMTEyNjY25ubkMDAyvubU7AAAEDklEQVR4nO2ba6OiIBCG8wJWXjJvmZb2/3/lgjckMeww6u5Z3m+EJ54GGGYGz+GgpaWlpaX1q3VDMcI7ju8XBtHRMfcCCO5Gq2IvgtLohfYBcAcAI9+H4MEIUn8XApsRJJrAuGgCTfBXEMD6AxwXIQp2JIhbs952IxhOGznCOgTM13vZNwQuGEHIvtXehyBn3xrvQmBa7FsdTfCPEXhnTaAJ/j+C4bzYiMC0wzyPh3AhcJ7eszpvSJB1B0Xd9tuvtvnYjCAr+lYTLuA+WX7hrQjQ0EpoNzu7C54gWhLV/YggZU1ieJO1rtlGBEfWRFy6/npsQIB4ghNZBppgTECjyNuOBF7pkN1ZsM7ntgRWV0D0bXSqinR7G+RcImFmgVtXjjS5gCRYN01eQEALd1kZWWFcY98NoMupCwjox3H/4TUqnBg9wOZgEQHZhkFkvOkVOTcMErHLCa7EFeHrO0GjNDypz4mc4I65Yuq7lCv9coIjtcFxMnIvZcewYB0QZ5hZ7wNzj61NwAcuE93XJzDo1iuNWSlOwxKCJoK1i2SGQPGyY0xAZ3S07erhZGrHcNHEKzSq4AhC0nZY02SnM+q2/dl5TglKOIKUtP3X+KcN8UHRpQ+HzJ6sCECCxtp9JFbSnz2KVI3BBZtoVH/rTAdF4NFRHzRpurbudhyt00nplz1ai6AzqImHhIiZnG4Iy7BQEywEyVoEre07VcTubp/B0CwtoBslyTE/O6DrgCjqq8u3qF2L7Q60qFXiYUHUKxIQhhLdkNMMTM89sw7z0Kamwc02edLabzH+A0B/MBF3keJe6Edt5fcyfkrxaPpIYFxZxd+m/jpq12HMPSQtiKsQkIXeMtiNC2hDdOTxjwCeTDO6p10ZozkeHpM/UANYQtCrsQZ6vX/sbUVAg7VRjYdJeisBRUDX21n08IIbMhACCuDfBR3KZf6FBNTr+MIgSfmNlGUEFtmGQSrsUvQGSwmIIzIFi5Doopw0LSKgZ89J3KWaLRy427450bxtJnNMAJJXsXE50RBkJl9QjE4afUhFepEdH8x0QZRXPuRjvczZVZBDFFQyKQB1/DNzVUu/fomkm4HshLMn7ElgakrSaYhH1wy8ALYildQjnOYqGFeom98PJZpGDlfS5juAZM/l5Z3iWuyOAF8WxQsc41SqwRGv6gcEyqcir1g+4pvgquudQvmYvIC2IpN7kQ/KCf6F4S+XAtxWHITlo47UBO/Q+ooAIjBQI1jDBN8RrAHwFcHxlxKIj58tCSQn5AYE4qxsRqsQiGNBoZJ1/n3BduRDt6qgj8VBAcrFIelY93LdW2Bch5NKEWf/0wYva5s4LiKRLS555W72TzwZtpEzmpLXs0T2Pq+qExjAW24tLS2t/11/AGtnM8ywIBf5AAAAAElFTkSuQmCC'),
(2, 'Rap', 'data:image/png;base64,iVBORw0KGgoAAAANSUhEUgAAAHoAAAB6CAMAAABHh7fWAAAAaVBMVEX///8AAABYWFj39/fPz8/09PT6+vrv7+/k5OTLy8vFxcXX19fn5+eQkJBpaWnr6+uoqKgXFxdAQEAODg4vLy9KSkpzc3OIiIiioqIqKio2NjYbGxu+vr6WlpZfX187Ozt/f3+zs7MiIiJIvNxqAAAER0lEQVRoge2ba5OqMAyG5VpWUBEEEUEu//9HHi4tfQHddWabOmeHfLPL+tA0TdIm7nbfiZVdDLP49hEicSKjl+sH0LUxyl472co5OtGODlrjU9N2xaw/MO1SoA1bN/rUfm7ahw9O+yzQD91omLavG80m9FE3enddrraXpUmShg492prQ4QA2xcfUJWeLaQ92VhhSYo8afeKkHvRloMQBNbueJu0YczGpde51kNuhn/RhgTbIk4gyHFfVOS/R2tyrvdR3psnNBIUJ2LwuLC1Yy8+Su+Q+Sk8Pd+fXkcRWaSH3lMtfgdk2oyCzm8Ceq8yXDtTyr8kYVLIurLeZfCGmysv63IGkDbgv1qRxP9qjs/EBwW46HT0UGeCjU3OJqYJdVsKhdQgm9tzxmoV7jzveLzVsDxToNUcw9BtbetfpL7anNLjZZR7PAL17fY7uNHJvH0oijNv7a3P59b0nPa2cnBQV7i5Lyt1kcbNJTymzaUZVvHjgpmDPpeO3zAPImetzYPevxhZkI/09eReO3w35kgGZIiuKYXpggY3fNIdGRVTtQ8ewv4rJoR5XFtxIssJzcZ+i3Qf9uk1a3XPzunYaYG+RSh/ff23LcZbjPNMkqFvpWSUdV/CbJ0DdB5Xk3s6GHbR3JmEM5x7IqHpRSn7ms9IGU9LHE8tXIwufFZW+61rdolu9uJNWFFv3KLnxpkSqydzO3hD1uWL4M3SQUjn5ZWxcSEJwIllm4drU/S6aQN1voisK8nvokwZ0fKku7b2TcydxL11KciQ6cC9mHV33fsBOQSceF5opr9GdtMfS1nL2erHWSfbzvxKhDfNPo1850g29oTf0hv6/0PsNvaE39Ibe0H8CjRfAN3o0FHFrB2836OtsjYSVUAXqXkQnOpvdJ93JC/ig43CeOJDXc7MZ2oKCH3kDBdQemvlH8up9LVm9hj3QeEiMBsMaWsCg8ERdQYc7/mEna9zay/tu7JlQe+u/ElDwWN4CNSi+9l9KIkmjRWN7DG0DIFzF82ohoFVU8V4LeG1+7wzbzdCF5iN4p0Rq42v0rtWDdtoVmkERiOx+tBMvXqEhep0JyZgfCb8JsYw0eDWSU/Mh8Cmkd7Swk0RNFZZAUSvIc7mtONAdcKe0MnBdoqcQVj+nJAeSIxJv2ctM60chVggDx54ISjRsJFEjliO0bnRt4Cc5ciFpNhNSSRBvgWjkCO2JT3JabuDQHEP64www8IhHa8jVSI8fYOC8Rx2bSkmbh2EPc+1CE1ZFet5bHD12szScNGy5kI7yPQyHEZJyuRBI99sxE3YhLScNW3C2S8babQARk9ShgIHzhYVsNCLtEofDND9egU+vKcloU9zAwaGQJkcWGPjoPly4zyANW+wyceLRpk5yhPbMA7PmvzyAWRNfKcgoJdyHdG/EvQoyLRB7WO506h4NsY2lSfF8NKa/IWWH3MhLNhu5GFX5G0/2D35jMS7fPW+gAAAAAElFTkSuQmCC'),
(3, 'Hip-Hop', 'data:image/png;base64,iVBORw0KGgoAAAANSUhEUgAAAIIAAACCCAMAAAC93eDPAAAAZlBMVEX///8AAADy8vL39/ft7e0QEBDGxsbV1dWJiYn6+vrh4eHOzs57e3uOjo7Z2dnm5uazs7MkJCSlpaVhYWEXFxe7u7ubm5tcXFwvLy9vb29VVVVoaGiDg4M5OTkpKSkbGxtERERNTU2lADXVAAAHAklEQVR4nL1b2aKqMAyURRFENgVx4Sj//5NHWtYyTcvmPN2r0MY2mUzSnt1uQ9jp+fE29vk9OW05jRyB/zZa5In5ewuOxhCfw48NCD/GCOefWuC8xxYYxv2HFtgxssAwjr8zocQWGEY6d0QnOZ8TT//5RGaBYVjTZzed6HatXToK9d6RbcOMrTC95Dlw7L/7QedXEItgGBPoIUz8HIyQn9UbAuKxQ6Q1u+Ukd2KQIulviHdID85gbZw9ZcJTOb0dRDdiKzn2j9RmT5tRzhwlvvfWJiXf/ZA7YXnJvVBNXyP3T+7OfnQfHNuVONNvyjcySHzIaHIU59DsTVe69UjUJn4R4PnNbNrsDT6p43cm1Uv8pN/BqxCQPkwifx7bwHnYs1fBnrgDohXtvx5sHRQrClfhssiCPorKH+iIKGxggbeaBZx4giv1BEzYM10R4lUNOJ0dFe4zCUXFDmSOgElGw4RYEWgdnO+A5p/8eyzeXvSgn3sSujsrvZDU34ClgEj69Rtn2oN8wPwZBS2ne4kGe+9Z2N9kX0tUkytJS8/IcYVHT6IyB29Vz5lgxXL/K72wBd+BweORLJsc/PHo4x8aCu5QJAqtM3DhzzMKyefN6EG6BeOefhI1jEwttg71Lsf9vQcInsf065s7L0OKqsaDzef2kqheRXnIXsdIkkdbhPzXX7I03Dln6VJcuAt5jeM0w9qIm6ch7E/6yNLsJiGAVhmlx+en4LXkiVFLObuQYPDEmIyLWLIScbf0FjPHasnnolkJINiTRMVr6FK9MCpnV/kU60Kce6QyyIS3n6wBQ7fi9nC/5rVchmGuh47chJzxmmOBO8OCXukmJMJS5H0dC2bJ2y7+hFTP0uXFuET6pljzxGXZsrKQVpiuqda10PUKd66sapdBkIZMPvKF1bRhtsAumhGEVJx1K7PXIokFEr+VB0MJc63mrfsgOl04lTygcG0G8Ya8xublCoEutBkUwlKBVrEPew7XijJqsabsmCxZgy/+2qAwBz7N1B2vulQCQS0VFciqrgEPfzvNutqVRQILCsUqLK+zikr7tzVcp9XL5r8KXyCroim4maMRmY55qpqAY2E9H5kp7CyrwT1VD3CqQOCQ6Kj9nXNl2XzAOONIHxDQbQIZTnI2ZxHadmbzSssqtL12JduHswvkXwaD7VXzoj3PArJQtwerq9SxRLErw55FO9G04UVOU+MoD0gAJ1yJEqrCSbmDPnugSVpziPFzpsp7p36T8Aaep636p6ikNOTmaxTJVmLvtK8SieXOeMCrG2KK0kpCjb6dQCOuPf0j84YiazywdrQPHZQydyw82C12+u/CDH/rH6fUQ0hbHgymxIRqP61Rsz1QvPuXCSFY+yytoeWO/TB39sBVro7wrrCLz8NoKotXJjQ/EcQQf6nd89tsMLJg4JEFPkqqtRzNTxQLVNZ7zTqhKZp1KFOZy3Gm9kkTqPg2isr8oDJiL9E90cv3E6qvwitNmp9IybJniS94xCqOk8NXm6AQbj7zsQVNE/eikSgURwsTzpAxDhp3GhR9hWypDToYs9AAl59cD0nJVmv+k4syNl3Y/uZ6CF1QfBYEhT5O5EnEe1lLVRMm3WmhaXYt0BTxt5gidOCRFPEeZ8u1Yb4UFAFPYdc1oWJCsrbY/M6Syfq2JkURWxNlJQe/NrgERdBadB0T2FqfpDV/MaO1PNkEZoOcIja+TVjrctbHl1HE5ScmcB4MSmzDfA03xQQeexbuiG4bl12BxM9UIEXEm8Zlr0bjOSlEFLFpXPbLxDovgho+/pUJ9V6gbtSWMm7YM+B+BwrfDS/YWuVwwZlWQy65nYgT8zT3O8DVm4nZUTs6Zx+DnFVsFJfWeCqWD8TrIhX0LpZOBkhMPB8AkvxsYgG8psR0GmpBbCEiPVjR8bgEFLmFoMcH1jz6UN6eceFbAaybm2wAvlq94negBW37GDRiFD3VycD3R+K2aAiBo6ws4LBQPJAPPFa1AF8b7KsjdI63Zlzi06GhKgCl5qzLKhKU0IRhFb1tXOK+o6DOLHBdcjUBh49rR9UCII4CDTcDFozH/aiI31DA4SoaDA5uuqr/EEMHuGxDzo4E3BqNHxyPBfJ1F/Tj1hBwuLOEq0Yg4P6WCzg6PwpAfyi1WMBpxmMDIOAWxyW+nS1tqqHD0YWJQpkfRawu4HBzj+oeoAhe1IiE0UBf/wHKZYmAw6eDNNmAjPZY0IGDOkWR/MKxA18XMCTiBOXNYdDwWBATwIRY+YuA0l5gAtgI9bmLO8qXspNkHYx/kE43b2R4uUC+uaUwWK71mmjComQpEo2eBhLz5bJcOXRvXTE6ZLSlx3Z9ztdmOfs2w245zs3f4sUTEr/VXWdco64Mo9vbiO/ptB31ktveyP10Cjf/A06EUkY7wurBAAAAAElFTkSuQmCC'),
(4, 'Metal', 'data:image/png;base64,iVBORw0KGgoAAAANSUhEUgAAAIQAAACECAMAAABmmnOVAAAAY1BMVEX///8AAADf39+/v7/v7++0tLT6+vr29vba2trPz892dnaHh4dzc3PGxsbp6enl5eUnJyebm5thYWE0NDQ7OzscHByqqqpmZmZHR0cSEhKUlJSOjo5WVlYtLS0ICAiAgIBOTk4JvRBjAAAE+ElEQVR4nMWb65pDMBCGnapFqXNL2fb+r3KVppKYICHj+2n34W0yJnNiGOjyzCJ73H0/OOM/m8g2B11vxzGEA0JhH4dgGOkAcTmSwXj0DOGhDEb1YWiOZbD6hTgdC5H0EN6hDG7WQwT0tVOEDHH6Ooln5JBHuy3y5kSx+ZP/vVZjW0g6MpAt6ZxXicpQUwzmo7/kda9sjclQmoy6BYieEzPVrMDkFA+vivlCQ4ganuGnKxKCWwsRxvdEp86WfZ1BMO8ICE1WiAHaPLtiBFiJkCB+ejfHcREYjLMAIUONrWCGBBNBAIF8mLsAQoUdaYdThgI92venEOhh7m3KgHlgDUqnEOgMwJmBG8MYY0xJKT4qrqWFcF4xKgEG7LDWhhh2SoUvvSxeF49zQbyXasowPPmmtQeDA/4+M3txxwFnD1dnuGw5e0BcAIL26vGhCbsXe9dEpkFKDmSTHvsvu+wBJc4FtjX0AM4e9j6wnJy6eXW3wejM/qMR4t1rQ9Q6Vy/BKnN7sX8AMxp9KlpkzfZgUCYhPIdCZi8qHYFcvMTgsWmGDgbr+zOF6byl2x6Mn0m8RX/3/vQzkPxe5AC9mGHQFEx+vYQgf7QKDAaS08F/vVQIezG6Y9BPXlqGQVuuSUo+0EJbSAwucVVAhTyKcRiM6Gd4k2IX1jowp8KdPTmsnGHQGc0yAU1AndBOjMZgcGXAoraH9bi1eAznzORV5NfE9h7MNb15njdhgMQx7O2ywIxqgcFQLpU6Hpgd3Fcw8AUxp1CFuJt5+vQmJUYFhs7RKzKQvX+/SjpAFOReswzd71GEYIw9r+2vQ4AS/SWG7nBXY5jU24r8Xl6iacOCFxDzlYrVIfcNPiFOW/D6qAyw5lwRYtWLCAkokX6yZxUGZ+kHizVN9wJFiLkezYIm5/e5UIMQdQbWaBJk9EUKBYjXBoiMv1mqBgHVYVaLL5wP0bc8xGzLbFGcUQyORZoB6AvIiO1wft28NMRj/iGLYo68lxoEXP6UEB1MkGNQFiKefcIKtWOSeiM3k2RQdtijfnHUmIfIMUTqDpuiGMzCHvNzOYjnDgydx0rCsKSLnVIM1p/wxpskBbHNT+0DYS3fTj8E0LbbQ2+ZYZWNDhtSmwah1GSCILBUVtEknnTbbzmclwDwS09pNIN/Pa/JNANfoarxT8r9Ja6d03SptCO7OO07CKMNAzIOsxDZUJsDWu1iNUm4tfNLB5ZvEh6tycEHPfZoaVCV2PxETMqZmUziBKVe0vr95qoc9zRazbBL15eEQBWTVDsS59kOlbLBTxU1a9muhB/fPj3XO+y/YJLNSgScj60M7ifCBqf71ydj8dbuaxdY+oJ7rKfY2F5x4lRs24u1GaKNQ2yn2Xr82mhL73D+2h3RCrF2RzQPsq1bC93jOqvs4qkZYtWONNqnXNfsyC7zOrMCxhl5IXxJdOr7bLUrHkPHmLk9W+GnByLu/WCO1AmrBw+8j+zEEXiF9nmZkwsh8KYLZ+pJFdZA+llcWHvq9xNfCb8N8PFGXqFZ9I8azE8e4YWIUb9OALOhGHnkFjjG4gT5O2Brmpu+sEewp7HNVcN44YL4lhDqK0HELkQOT6RqFltqRf5gh4hO0ZMjVsGgg5k/RBfN6VdqPcQeB5FSxfvIj9KHWCY75JUg6heiStBCBkh9LSc4FKEP6vBPCU5Oe+ArQWRrj1r+AaicM42brUCAAAAAAElFTkSuQmCC'),
(5, 'Indie', 'data:image/png;base64,iVBORw0KGgoAAAANSUhEUgAAAHkAAAB5CAMAAAAqJH57AAAAaVBMVEX///8AAAD8/Pz+/v79/f37+/sBAQFpaWnt7e3k5OTW1tZ0dHTT09OMjIzAwMDa2toMDAyBgYHz8/O3t7dvb29jY2NaWlqvr680NDTGxsYaGhovLy9TU1NEREQjIyOoqKiYmJg7OztLS0ua3SO/AAALY0lEQVRogbVa6aKiOgwOq1RREFwOoKLn/R/y0iVtWlrAmbn+cMae0q9J82UrkACkMQDE6fSVTb+SDKA8HsbCHjKzEj6UiiE+IZ5NkEOxnqCfsSbADHj69Y6mT11CABjUuos7Myh+YHsAgLHp3zESnyEOArvi0WWSVYnVonJAfEH3279uTAFHUbdRoC+B8XgI8Eng1TX/zvMoamEBOPUDkzMOaElLg8AZB85RXPGfPXiB3XW9Nip3lgWOxwuca+CbH5hYdUAgvbP5YZEhHIBWAWv0R+a36kxv1lo3s1QSBySmzyirtoD516OZ5iTQFFIvy4t4gRfPIhZSS+OygX+5xFBc+/6nXdDrzKod6/NbtRyaAUtdv8oJmL2EubXwb+iULQMj+OTCil7tBfxWHaJTwPocvlE6TV8vw6n6NKC1My+PLYHIzjYYlxjKoCISFyUlFh47W/eiXwBnuALsNEo/GXJJXIkaz4Wj00+ErJqgbAGePj/oLT88XECZR86xd7CFTq4JL1i1lBjggSIeQfiUsiYSC9P+x3RSh5UIJyIddinXLaMF4L+nE06YBq6I8kllzC6Jqt//C7BKSlhN9S2yoQjPPhoYatIfnRw6rbpZCpzyJETpm6kI1hkLexWwLTpt5bEakgM3PNkBlHhn4tEKbcf+Rb6lE82Giojqexp6E1ZHtTcNDfJ4xar1MtKH3nU+UnK1UWDuUwXRA3T6A6s2ISOVpBYozwYosNzPD/u7ZG8BGBjR99uAoueeoP+UTqH4prOhEeHqAz1jROdSO3RaDYsBOlnZEJ/z0ChGzaP5heT6ezrRbIgPAMud3IBb295soy7APa/FZM+INw9ysTpoNXB3QlTOC6s9UXzxp1nmDDi1gLn/tiS+CTvY1w65gi5zC4+tIs5UG8wCjqIdJKkl9TAjl1xpHo/XC7LEmnN3eHwRjn0fJteX0YlUjzI3MHNutr6jQ8rn7M2GBhZQ9SY6WdQGOkf4byv/O4gppdHEUKzTaZv2nYF7ZD5S4WKCS65Eq+2r6ISqlr+cx+79VFKxozntHbcyH7nWeRygU5bobMjKy7Kimf5yNFLvuNpgn+tj6AW50s16demEz8wsX3g1oFIL8kmpTYKExgXKK2yITmazbm+IzEk4NLpTSS5SfUhyyd5SVrCq2ldFI0x0iU7OkB84VlKHyMUj1/RsUtwPD1mKRcPtfGokVQIRzcUJaSVVUouvGbmmyAXZ/RE5n90JwEJxrZoeux18TCsitczsAqL6MOTq2RvJZ4WZfvTTyZO6Gat2nwAq9UQurD5ykzNQp4Oke3WQBiROQsDzlqJDroSSy06XqNM9ZC6dfBT0+l1j+UcjoyQXqT48EiuxP8zX33BTV18E05avzcxLLgNFtC9G6mqBTvjLw3VrDiVXwocIueRXP3yen6Gn9hble9MWiefs0bEqSLkZuRKLXNyVvjvRMUtYd67JsQsXu+hFEWWhVRkil/iqAJ3Z9GlJg+c3dqzaLcFgtaUoyaV9OA9dlFwV0CbqaKYe3WDkBpbVbMKQK9fkOhF9760gXw1a6sqyak9EW7R8L7kmlJPZC+9xkLSGPdEgd16LJY7KSyfb4Vvk2omHUGpeDpWW4piWugI/nVDipZaiMfsZuUg7XNy1mHV1v+EMEDpjvuh69sp/JXNynYgn2dOtwwHHFxbNAJxAMrc33JlDrpi2SxW51DMMN9T5eGwqiw3xLLYTpFyR62T2IsilbecSIbHgW2BffZxY5EodM+MKRxS8IIjy5/m+92QKJFYtX3jpx4iZ7cQzJ+LDS6OlhgSP6OdcxjAD5tnQEp2cKLJGLr2CvvKSf3yOjTgezz3GKjA+YZMrsa4DBLnEM/CkwCJRHrPZka7QSUYR0B/iwyW5WuLD92pdziujb/m3Z+m5QFmikzB0KC+f213+ImZ2ECgnIp4kVyy3Q7MW/h9squpsKEAnkpSpOu9qVx9RbvtwJJdY5hqpD80Nnw3QuBmvAceQYWYnh45GoBC5Yrjfnp86MjN19W3XsStW3aIA1wLPmpIrdcmlpMmaojvjhYG0hKGyk5K1qwHjN1/vAs1MjVwTP7kSZURZdXwRsQfd5PED23QSHEGo126siuJiDHpSuJdcJqEvyPGItqrOhvxhUSdlAI6haOOR45c4SSwzy/cuRyui8+tSNmQBJ3FGUkpfhcG9mbiH0UdQiUwnMeRQ3WMxfQSwk5JwZ48FgRXUNfGQK4GibQuN0urj4VcELrDbVlB7Yb4Sxvp1zVxyVUrMt1Zjp7V0m73VEWqwMWNOlpbJ2U9SS3Lp8VKZVasTLuNmO+nMVoFNk+xlCRvRX1dAqcXviVwRuUG3i5XokYC+xwiERWV9+EQ3Pqlt/7xtcvmu7nnnTnvIATdWAklKllqKLyXaFDOq++H56vvXZzfyeH8xCrikPAK3xszkM8/MsEcXZAcwwIvvgWBadQDpGhJVRk0TdkbpF8F9Si63xuFxRIzzPmLs8tiTlIn3iITueO/H6WhcjHhXMXSypH6IVARtqcJ9tjxghSp30lZgqNLR43SI1JJcIwG+iWtm88xDje9AZkOr1z9oGn1jt5LEhIOWUYSP/RAMi+YsPo08ttV7pzeu5KlXEq7wPEdyVS+0avHFu4UkxWC9cXJbgNOiRqlal/s8wTiYo90Njrf7MWGRL4rq7uxsaEYnnYubOHcyx2NMkJDLMW11D6MN8qyMdZyWcbIhf5Fd9HqlEblvUipl4S6m/NUzWrmi+Z3B1LE0Os1r3btZ96r6qggsZNm5wE+518mNMprjd+jylIXZwN4C7EIc9ptJT0L61VRqSadS6fVH7AyXKdUyD1gzLn0WzUDWzR9jyZoGfYo49gsF5guXcpt3oK6p1BPirRfX/NqSBIIpcA3D51zo1BXgQ+gkXEr55FWNBaw1wV3MusRqiBkj0nbM8zlp6LTskY3KdMo7q8YClvkBiRnbLrygGFzL5TmH3Jk2WrUpfgsA6kOZcFcTjgZ402tVF8uKRBIsM6g0dTd1SLzLnHXATVfoZPfb4fRy0rAe5DPdjMetd//ow6ZygErst2p7LyOtGKZIG8sJpaMNmlcT7rNeTuhZAp7gE+ibKJ8St1dyznhhB2roelQORDLWvWXHWPV0s6ElickFRNEdr7UC6NQLKTIheJjS/uwaF591Uzs+BIEDnSISaa9q9yOu0N0+zzefpKIL8wDrINlB4B7D02p3X1w8q90/9F54wiX+857+MJRzYP1qDr/titN1HnsMRdTU6qBj95l0Oo0y8S3T1MoOD8KuN9FpvpcCjXmE+c5sBzK/HCgxif1WYuGmsY09+FGcZ3SVxB/6VQXdF/fHtCk3ovtufXbh26xuALTSKr6gk5kwfSl159HQJJuAdU/pJ5FDX9JJD0le5dGszxUANgV0h/vfAOy78DKXdVNWuMYE2egnPJQHvc245seuXx6U2fNGYO5iZhIvvd2UarXp46lM3GArm20N8KgnfMNjOyXGd+f41z5056yzbBU8L2bCWlh0d0aGsl8TG+9h42Kkn/bbGAouGJenwrQNvcr1ktFFpsKzIqAwvcqcV3j0rY4v6USGrO5EzzuTsQU8yft+YcBW9QYCpxR4MTr5Q+kYGU1Gr/Oeg0p5pn+LExbX0rgs4Dh0xsmq9mWK8qbJLr8umWqAoilYeT+6r3zx2EgX3WzVAW83RkSdsw8BvmWee4wFYHIp7fd28hrSQnFe3XR5bIBDbkpvI3R/rIyguDnizYvZ6MFmtvRFdAqnS2PtSmzvYGhTzzIe4FU6zYygODvCEqJHP+/Gu/+F6LRo1fbxADu/HFOTx1s/2gb8igvTKfQeSMAumnZXW/TlxzsyyW+PZteAF4zLfl+D9ySS/f14HSbc+vW8vNvSdDM9mv0Pzg2P9rwwhz8AAAAASUVORK5CYII='),
(6, 'Alt', 'data:image/png;base64,iVBORw0KGgoAAAANSUhEUgAAAHgAAAB4CAMAAAAOusbgAAAAaVBMVEX///8AAAD39/cdHR3s7Oz6+vrv7+/Hx8fb29vg4OB4eHisrKy6urqXl5clJSVgYGCBgYGjo6OJiYkVFRXm5ubBwcHS0tJxcXGysrIKCgpQUFBlZWUtLS2Pj49qampAQEA4ODhJSUlYWFhvzCZ+AAAEcUlEQVRoge2b2YKiMBBFlSWBQNhlExv1/z9yQGdMgJCNpF/G+6ahOZ0i1K0snk7W5Qcxvibnc5JiaJ/2VgUjNJwpldixjHSCC06H8rxRGVtjekGc9fct8p8K80jHq/OmH/aZbyGzzMvtZxQhzfbZD9sidSWZbx1+zk6dI87T3JXr6zPDGKcayL/COkhQx5ns09xTqYb0Qxj93NUe56T7tYhDxwka6jv5HFbB23NkJAR+xx5XDKtPsspJi2ys60a1n0OPorpaDSLS51QK6/2oILvhUVxqj3Wj4HNRIsO9yEOTNL+E+3dyyJUS3HyfQ2vIIggEt1ICt0Jkl95iTjc1wSGXOSIMFRxWBbyXEZN0GrVAMfUpgGMG855mcSh6nEfBy9zojlNC0GMqguknPOR1pY1UBWNyZXPAytTBJGWNx7GTscmCfTKmj5bEs393Z1mwk0iPwn2x/VsAdg+B/bCOmpHta7bAIIQ45fm3ebA/F/SpsAQ0CvbBVHU+5coUY2BwwY1KpWsCHLS3pwLSBBjAHCWcu1sA+/M0VLXoPAj26rh4KPez7NFkMiR3KYGdakoID+E0dK37M2sDb/YYaZOgwADerg/V2Lrjc+HfOmBVuWMTwXVBbxs8FnHNLFMsgq/4wilTrIDHLK9FRYphcHItWsMFvRD8aG4QyFf0JsDDc0oInuI63TFwd++LOGBOQ62B3eGaw0B/OVILPKAWanXzIPgg8gv+gr/gL/gL/oK/4P8UTKrt3wPX+c8wTU3LO4qC3wNXeDGjHSPg/wYYFPQK4ktDXtoHx4I1A1vgGx9rDSzeIbMDltiZswIuxFwrYNbOzW+AwXo9amAtUFkALwJdIugB4NVovVJlHuzReQN95pcesg2mdozOEd0QWQa7O9wV2Ti4puK8bkP74Dp/L7NPNhbqgck2d7dZ3AMdG1zhxZLHEDkndTBJWtm2MWOBQbaxsQSrb3iRd5axNwcZ4GM2RkT+grFSw9hbFKZXZXDJWJXalD5+w0BZBXfvL8Rc06F2X5+P2xiR5ODq548GbIyIBI/7Os2NYD2eS9aehyyYOiezibVH2trTOtAZ9BzHg9l5JVmwZMqcyvuKvr2ujVGSMon5cJMRG6NE36+lG+hDQ1j2P1QAV4tC4GMUgI5gV9Fnu5RsjKPl8MjmQ0jOasxkywDwRqFKsSfcunHBaf1q7f/z8mDxibfXQdT+81HSxiQkmDjdXhdR+6XbO1CxVgGfEAP3EXqvEJAxyHIT2fnsSj6H/O+wEvmGBZbd4d5o13c+R5ythHpSzNzkpg6ySw6uuyp4quEY3aU6J/k6NcrgKV540esOLxIFSSAdL4HkGuBJYY7GeZw8UL7e6JVMmbUemCeqDNg3Cdc8V84WtY6eC7Q3n6Urz+7ouUim1qUPcBywsjELP+Y4MYq9jRL9s6dcCctba7+bkbIxK+JOYXSSlqx4kzYTZ2452o22xTi/xZ6YJ/Z+j/URY0V9YWMW5eFFr11sJV+xFbRZ73ad22dtYJf0B98iOdxVhEDkAAAAAElFTkSuQmCC');

-- --------------------------------------------------------

--
-- Table structure for table `member`
--

CREATE TABLE `member` (
  `member_id` int(11) NOT NULL,
  `user_name` varchar(255) NOT NULL,
  `first_name` varchar(255) NOT NULL,
  `last_name` varchar(255) NOT NULL,
  `email` varchar(255) NOT NULL,
  `password` varchar(255) NOT NULL
) ENGINE=InnoDB DEFAULT CHARSET=utf8 COLLATE=utf8_general_ci;

--
-- Dumping data for table `member`
--

INSERT INTO `member` (`member_id`, `user_name`, `first_name`, `last_name`, `email`, `password`) VALUES
(1, 'Cheeky Rascal', 'test2', 'test3', 'test4', 'test5'),
(2, 'Bugs Bunny', 'test1', 'test1', 'test1', 'test1'),
(3, 'Childish Gambino', 'test2', 'test2', 'test2', 'test2'),
(4, 'Din Djirn', 'test6', 'test6', 'test6', 'test6'),
(5, 'FooFighter95', 'Dave', 'Grohl', 'drummer@theback.com', 'everlong'),
(6, 'mario64', 'Mario', 'Bros', 'mario@plumber.com', 'peach');

-- --------------------------------------------------------

--
-- Table structure for table `member_collection_review`
--

CREATE TABLE `member_collection_review` (
  `member_collection_review_id` int(11) NOT NULL,
  `member_id` int(11) NOT NULL,
  `collection_id` int(11) NOT NULL,
  `liked` tinyint(1) NOT NULL
) ENGINE=InnoDB DEFAULT CHARSET=utf8mb4 COLLATE=utf8mb4_general_ci;

-- --------------------------------------------------------

--
-- Table structure for table `user_review`
--

CREATE TABLE `user_review` (
  `user_review_id` int(11) NOT NULL,
  `member_id` int(11) NOT NULL,
  `artist_album_id` int(11) NOT NULL,
  `review` varchar(500) NOT NULL
) ENGINE=InnoDB DEFAULT CHARSET=utf8 COLLATE=utf8_general_ci;

--
-- Dumping data for table `user_review`
--

INSERT INTO `user_review` (`user_review_id`, `member_id`, `artist_album_id`, `review`) VALUES
(2, 1, 1, 'great'),
(4, 1, 1, 'great 2'),
(7, 1, 3, 'great 45'),
(8, 5, 2, 'Better than I thought'),
(9, 5, 1, 'ok45'),
(10, 5, 7, 'great album'),
(11, 5, 5, 'Test 49'),
(12, 5, 8, 'Yes'),
(13, 6, 8, 'Mamma Mia!'),
(14, 5, 1, 'greatmrfkdmf\r\n');

--
-- Indexes for dumped tables
--

--
-- Indexes for table `album`
--
ALTER TABLE `album`
  ADD PRIMARY KEY (`album_id`),
  ADD KEY `FK_album_genre_FK` (`genre_id`);

--
-- Indexes for table `album_collection`
--
ALTER TABLE `album_collection`
  ADD PRIMARY KEY (`album_collection_id`),
  ADD KEY `FK_album_id` (`album_id`),
  ADD KEY `fk_collection_album_c_fk` (`collection_id`);

--
-- Indexes for table `artist`
--
ALTER TABLE `artist`
  ADD PRIMARY KEY (`artist_id`);

--
-- Indexes for table `artist_album`
--
ALTER TABLE `artist_album`
  ADD PRIMARY KEY (`artist_album_id`),
  ADD KEY `FK_album_artist_album` (`album_id`),
  ADD KEY `FK_artist_album_artist` (`artist_id`);

--
-- Indexes for table `collection`
--
ALTER TABLE `collection`
  ADD PRIMARY KEY (`collection_id`),
  ADD KEY `FK_album_id` (`Title`(768)),
  ADD KEY `FK_member_id` (`member_id`);

--
-- Indexes for table `genre`
--
ALTER TABLE `genre`
  ADD PRIMARY KEY (`genre_id`);

--
-- Indexes for table `member`
--
ALTER TABLE `member`
  ADD PRIMARY KEY (`member_id`);

--
-- Indexes for table `member_collection_review`
--
ALTER TABLE `member_collection_review`
  ADD PRIMARY KEY (`member_collection_review_id`),
  ADD KEY `FK_MCR_member_id` (`member_id`),
  ADD KEY `FK_MCR_collection_id` (`collection_id`);

--
-- Indexes for table `user_review`
--
ALTER TABLE `user_review`
  ADD PRIMARY KEY (`user_review_id`),
  ADD KEY `FK_user_review_member_FK` (`member_id`),
  ADD KEY `FK_user_review_artist_album_FK` (`artist_album_id`);

--
-- AUTO_INCREMENT for dumped tables
--

--
-- AUTO_INCREMENT for table `album`
--
ALTER TABLE `album`
  MODIFY `album_id` int(11) NOT NULL AUTO_INCREMENT, AUTO_INCREMENT=40;

--
-- AUTO_INCREMENT for table `album_collection`
--
ALTER TABLE `album_collection`
  MODIFY `album_collection_id` int(11) NOT NULL AUTO_INCREMENT, AUTO_INCREMENT=16;

--
-- AUTO_INCREMENT for table `artist`
--
ALTER TABLE `artist`
  MODIFY `artist_id` int(11) NOT NULL AUTO_INCREMENT, AUTO_INCREMENT=7;

--
-- AUTO_INCREMENT for table `artist_album`
--
ALTER TABLE `artist_album`
  MODIFY `artist_album_id` int(11) NOT NULL AUTO_INCREMENT, AUTO_INCREMENT=10;

--
-- AUTO_INCREMENT for table `collection`
--
ALTER TABLE `collection`
  MODIFY `collection_id` int(11) NOT NULL AUTO_INCREMENT, AUTO_INCREMENT=9;

--
-- AUTO_INCREMENT for table `genre`
--
ALTER TABLE `genre`
  MODIFY `genre_id` int(11) NOT NULL AUTO_INCREMENT, AUTO_INCREMENT=7;

--
-- AUTO_INCREMENT for table `member`
--
ALTER TABLE `member`
  MODIFY `member_id` int(11) NOT NULL AUTO_INCREMENT, AUTO_INCREMENT=7;

--
-- AUTO_INCREMENT for table `member_collection_review`
--
ALTER TABLE `member_collection_review`
  MODIFY `member_collection_review_id` int(11) NOT NULL AUTO_INCREMENT, AUTO_INCREMENT=4;

--
-- AUTO_INCREMENT for table `user_review`
--
ALTER TABLE `user_review`
  MODIFY `user_review_id` int(11) NOT NULL AUTO_INCREMENT, AUTO_INCREMENT=17;

--
-- Constraints for dumped tables
--

--
-- Constraints for table `album`
--
ALTER TABLE `album`
  ADD CONSTRAINT `FK_album_genre_FK` FOREIGN KEY (`genre_id`) REFERENCES `genre` (`genre_id`);

--
-- Constraints for table `album_collection`
--
ALTER TABLE `album_collection`
  ADD CONSTRAINT `FK_album_id` FOREIGN KEY (`album_id`) REFERENCES `album` (`album_id`),
  ADD CONSTRAINT `fk_collection_album_c_fk` FOREIGN KEY (`collection_id`) REFERENCES `collection` (`collection_id`);

--
-- Constraints for table `artist_album`
--
ALTER TABLE `artist_album`
  ADD CONSTRAINT `FK_album_artist_album` FOREIGN KEY (`album_id`) REFERENCES `album` (`album_id`),
  ADD CONSTRAINT `FK_artist_album_artist` FOREIGN KEY (`artist_id`) REFERENCES `artist` (`artist_id`);

--
-- Constraints for table `collection`
--
ALTER TABLE `collection`
  ADD CONSTRAINT `FK_member_id` FOREIGN KEY (`member_id`) REFERENCES `member` (`member_id`);

--
-- Constraints for table `member_collection_review`
--
ALTER TABLE `member_collection_review`
  ADD CONSTRAINT `FK_MCR_member_id` FOREIGN KEY (`member_id`) REFERENCES `member` (`member_id`);

--
-- Constraints for table `user_review`
--
ALTER TABLE `user_review`
  ADD CONSTRAINT `FK_user_review_artist_album_FK` FOREIGN KEY (`artist_album_id`) REFERENCES `artist_album` (`artist_album_id`),
  ADD CONSTRAINT `FK_user_review_member_FK` FOREIGN KEY (`member_id`) REFERENCES `member` (`member_id`);
COMMIT;

/*!40101 SET CHARACTER_SET_CLIENT=@OLD_CHARACTER_SET_CLIENT */;
/*!40101 SET CHARACTER_SET_RESULTS=@OLD_CHARACTER_SET_RESULTS */;
/*!40101 SET COLLATION_CONNECTION=@OLD_COLLATION_CONNECTION */;
