-- phpMyAdmin SQL Dump
-- version 5.2.1
-- https://www.phpmyadmin.net/
--
-- Host: 127.0.0.1
-- Generation Time: Apr 20, 2023 at 11:23 PM
-- Server version: 10.4.28-MariaDB
-- PHP Version: 8.2.4

SET SQL_MODE = "NO_AUTO_VALUE_ON_ZERO";
START TRANSACTION;
SET time_zone = "+00:00";


/*!40101 SET @OLD_CHARACTER_SET_CLIENT=@@CHARACTER_SET_CLIENT */;
/*!40101 SET @OLD_CHARACTER_SET_RESULTS=@@CHARACTER_SET_RESULTS */;
/*!40101 SET @OLD_COLLATION_CONNECTION=@@COLLATION_CONNECTION */;
/*!40101 SET NAMES utf8mb4 */;

--
-- Database: `stax`
--

-- --------------------------------------------------------

--
-- Table structure for table `album`
--

CREATE TABLE `album` (
  `album_id` int(11) NOT NULL,
  `album_title` varchar(255) NOT NULL,
  `genre_id` int(11) NOT NULL,
  `img_path` text NOT NULL
) ENGINE=InnoDB DEFAULT CHARSET=utf8 COLLATE=utf8_general_ci;

--
-- Dumping data for table `album`
--

INSERT INTO `album` (`album_id`, `album_title`, `genre_id`, `img_path`) VALUES
(1, 'Wasting Light', 1, 'data:image/jpeg;base64,/9j/4AAQSkZJRgABAQAAAQABAAD/2wCEAAkGBxISEhUSEhMWFRUXFRcYFRcVGBcdGBYYFRcXFxUVFxcYHSggGBolHRcXITEhJSkrLi4uFx80OTQtOCgtLisBCgoKDg0OGxAQGysmICUtLS0uLS0tLS0tLS0tLi0tLS4tLS0tLS0tLSstLS0tLS0tLS0tLS0tLS0tLSstLS0tLf/AABEIAOEA4QMBIgACEQEDEQH/xAAbAAACAwEBAQAAAAAAAAAAAAAAAQIDBQQGB//EAEEQAAEDAgMFBgMGAggHAAAAAAEAAhEDIQQSMQUTQVFhBiJxgZGhMrHwI0JSwdHhFKI0YnOCkrLS8SQzY3J0wsP/xAAaAQEAAwEBAQAAAAAAAAAAAAAAAQIDBAYF/8QANREAAQMCBAMHAwMDBQAAAAAAAQACEQMhBBIxQVFx8AUTImGBkcGhsdEUMuEjYvEGQlJysv/aAAwDAQACEQMRAD8A+NuN0EocgqyhJCYKJREwpNUQhEUSU5UmMLnBrRJNgF01dlV2tLnUyALk2/VVLgNStG0qjwS1pIHAExvf0XIUl00dn1njMyk4jgWjXw5+SpoUHvdla0l3IC9tZ5KcwQ0niJab6WN+XH0lQSV+Kwb6UCo0tnSePgVHD0HPOVjS4xMDkmYRKg03h2Qgzwgz7aquULpxGzqzBNSmQJgE8zoFWMI8v3YYS8atAuIQOBuCpNGo05S0g8IM30tG+3FVIV+KwVWkAalMsB0lQdQcHZCDmkCOMnQe6Ag3COpPaYc0g21B3091WhdNHZ1Z85abjlMGOB4hFXZ1Zpa11NwLvhHONYUZ26Sp7irGbI6OMGOGscbc7LmSXZU2VXaC51JwAEk8gilsuu4BwpOIIkEDUG9kztiZHurfpq05cjp1jKZ4TEaSuNNWUMO97srWku4gC4jWeSlisHVpxvGFkzE8Y1+YU5hMLMU3lucNMcYMe8QqZTCSFKohSAUUwURNpVigmxQQivt19EKuPD1/dChFSUihCsiAhCCERCYKSAiLs2L/AEij/aD5qGK/h4ORlQOn7xbGt9BKhgq+7qsfE5SDHOFSTJJ6qkHNPW637wdxkgEy7UTAIbcTpodOC0NuPOanwihSy9O4Dbku7adnY6Lf8sW6uEjzXE3aTYbvKIqOYAGnM4WHwhwFnQq6W0XZ3ueA8VPjabB15EEaEcFmGGAOH5B+w+q7X16Re92b95nQ+HwPbe14Lh+3NZvIJt/ojuldkdJa+VPYkZquaY3FSY1i2k8VVisaHN3bGZGZsxEkkuiAST04KrBYrd57TmpuZyjNF/LkpLSWkcf4WbK9NlamZs1sEwY/3GwMGL7gE8E6goy3dB4OYTnLSNeEBauPMHHkfiYPI1LhYYaQdDYg6FdztpE1n1MgLanxMJMEHhI42sVLmmbX/wAg/CpRrsDXB0Nk7CAJY9sx5ZhbU7BRxOGp7jeU885wwh2WLtJMW6LVxe5/jbirvN6zQtyz3Y4TGiysTjGup7tlIsGfMTmLr5S2Li2qWIx2avv8sd5rsk/hi0x05cVBY46zv8Qt24ijTjJl1ZMAxbPJAIBm42k8FbQ/pjf/ACf/AKI2aP8Ai2f2p+a52YqK2+y6VM8f3s0THulh8XlqirlmHZonziYTKYI/tj1usm1qYc0zpVzektv9NNVLE/w+U5N7mn72SNb6CVrnD0qj6LXmpvDRpluUgAwyQJiWmxv4LJq1qJBigWk6Hekx1jLdRxGMLjTcBlLGsaLzdmjv2UFjjETur069OmHSGEHLYNIBgmf3AeIA2Oi6mbRa51fehwbWickZm5TIF9RwK58Xgmta17H52EkTEFrhfKR4J1MVSdUc91EkOMhoeRB43y3kpYzGBzQxjAxgJOWSSXGxcSdbWVgCIi2nCNFlUex7T3jg4icphwdJdPANymSYNxNo25EIQtVxJJhCERSTYohWNCgon5e6FKPr6CERUFJMpKUQEICERAQhCIkmhCIhJNCItalj2WzSSQHvsbvpZQweYa6//VKiMW3IwB/fY5r8zgYzOJL5gTbueOSyy0LPuh11wXb+vq+XV/8A14uIOkLSdjAHPLahvTiWmpGfhBd3ojnzKnhcdTaGh2hbTD7G2VziSOoJaeqykJ3QhQMdUDptvba+u/QstOpimFjhn4Ohv2gzONUuDgB3TY8fwhcriDRDc4Ba6oYOa4e2mBECPunWFzKYZIkcNR+akMA0WdTFOf8AuA0y76TPHWY8vLVadXFsO8GeATUMfaDPmY0N+HiHN0dbvFUYnFgsIbZ32EEZpOSkWu4xY2tC4EIKYHXL8LR+OqOEW+dCONoBtF95uZvx1XO9zpJBNiZ081QhCsBAhcr3Fzi46lCEIUqqEIQiIQhCImFIKITahRWR9XTUc3VCqpVZCSkSkVZQkhCERJCaERCEIREIQhEQhCERCDyVuEp5nsHAuHnfRdVfZ7pJjifPXTzVSRKqXAGCs8Lf2Ns1ppueYLrjW0QCPmszAUu8JiIJ9J/b1XpcTXbh2d0MOYu4gTFjA4rN7joFhXc6zG6leUxLMriIVUSbeS7sW11QGtkhkhltJ+o9Vz08O5xDRq4gDl3jAnzWgK6WAutr+VS9pFiI8UL19PswC3LUqFxixDfh8Cbx0Xm9p7NfQflfebtcNHD9eitELrr4KtRbmeLehjnBPVtVyIQhFyIQhCIhCEIiApBRCmERSQl6IUIq0kyhSiSaEkRNJNJETQhCIhCFbSw5dpwEn64IiqVuHw5fJsANSdPDxVdSmWmHDqRx/Zex2Tgc2UkNyAcBqTeBxAE34k+CldWEwxrugdfwvI0WuDhGs28RdaVTaxBILRr8pt7rb2jst5qMe2MrSDfkNfrgsja+HYHkEDORJy6cb+yhzLSssVg30nw5pI0lXbCwu8DBAgB8nnoT84W3tDB5qZbDWufGYi9h/ss/soQC5pjiW+BIt6j+UL1FahLCXQLGJ8NT0WAY+pUyt/wviYmo4Vo4fN1w0dl0v4XdggAtIbJEmoPvdTI9l5fYjczmAxIeCfI2T2jtppaynQEFrS3Ofi7058p+7JMyF1dnsGRU4Q0Xjny8Zy+hXTlY2Gt9TxJX2uyKD21bkmTvzmfVeoWX2iwW9oOgS5vebztqPMT7KWOxoDTd4IHe3bc0cNT3SUbMqVsjnv79ppiA17xEgOGgPBTrZetqPZVmkRYgzEW+s8vMQvAJqWIPecYAkkwCCBJkCR4qKovHIQhCIhCEIiEwkpBCic9UJ5UkhEioplRRE0IQiJJoQiIQhCItTY2zhVDnHhYeOpPuPVWubTa2AWwGtLuObNy4aW81DYFfvinzPqHQCPkjaeHbS7sSMsA84+8Tz0WeYh0LnJJqFpPmFwV6prVBAALsrQOAiGgX1X0Oi0MaGgWaI/dfPtlOArUydA8a+3uvc18Y1rgCdf5Z0zcllXq1GuGX4+V6nsNlJtN73cQPT+fhdL6gAJPALxFRrnVHOdF7nlFl6rahmk8DUi3Fed2dRhjg+xnj6x4GClGo94uft8Ke1x/WY0aAEnn0F10gA9hHdi4g+A+ZNuN1rbRx5qUSxwEmLzYgGTBi1uHzXLsfAuIzuAiRlHm4EnpZaeK2I14D5ykSHNB7pg8PriusMqtYSw23EC4629l5ztAUjUpuNi4jS8aRpfgQsbalQGmynh2UG90EhoGbSc0xr1K0diYbdUg0jvG7jzK4cFSp5xkcCQIyHWARmj2MLbXDVxVSdfoPwvS9idn06LS4uk35X/xHLgpbxGdRWPt2tlBdvi0FkZGRmmSQQ7hxBVG4is4xm+g/C+1WcykzOdOcfcjrRYvafZ+7qZ2juvJPg7UjwOvqsZdGJxz6ga1ziQ0QP9R5lc67WZo8Wq8Tin0n1S6kIBvHnv6TohCEKy50ICEBETCAkFIIichCcoSEUXKKkooiEICERCEIREIQrcLQNR4YNSf3JQmFIBJgapYesWPa8QS0gidJFxK9FjcRvXMp5QN5RFRvHvOktB8wfVZdbZRFRrJs6RMixXTi8PlrsdPcYabQ7hFKBNurSsSWuIhUrYZ/egR4gD8R9SoYHZR71Wu0imy7hF3kXDW8hz+o79isfVrPrVNC2QAbCfhHkJWnt6m6qBTaGuESRIBN9QT4qPZ3Bvpte1/wh3cPMfp+6z8VQGNfsOvdfX7Fea4pvLIaJJ1MuAtJgCOAuBuSXSu+nhGhwfEEMy+I1E844eJ5rK244Oe2g343FskagC5Pp81uOdAJ6Lzexml+KNR0Q0H0ghdTKYYIC+xjXZstID9xvy3+i9Bs1gqOa6O4wPpgcHS6ASOhYY8Vp4t/AaLz3ZZ53JfwqVHOAPATAj0WxUrk6wuoVQWRuvlYbs53fMxNiDJ9zmaYI1EgDhAWBtymGtDmua0tOYuPA8p4eF/BWVtpbupDgSx0Frh92dROmqxduP3r3TUYTa2a1hw+S0NlYhzqTKhMim2sXAfey5HCPIuXz61EOMtHp1urNx1WiKr3nQSIuPCYI21zCTrbyC0cdioaAyM7zlbPM8wSvNu7OkTvcQxrtSDf3JC19nY2lWqQIMMJkgA3IBN+VvUrl7T0mvaHtF2HIT0i1vFc9OWnKLSuWvjKRrFtUh8QAJIBJE5hl5ZSORm7l5rFUsjy3MHQdW6HkQq0k12hcDiCSQIQhCFKhCElJqIgKQCiFJoREvL3Qp5ndUKEVZSKZSKlEJJoREk0IRELv2C4Cs2eMgeMWHquBDHkEEaggjxGiETqr03928P4EFevx1MVG0aogjMZHMEEOj0V2IoMq0XNcR3ALiRaC7ldX4XDZqNNwIb3J+GxmDpOn6riqVRQL3Fp74iBJykTEP0c2T7lcxouDgAbbL7PatOp+nNVg8Xh+wB33BiDfSNJCwFfJUGHcJJpgU3A6taCRJ5QPYLXw5e2zriNeS8js6u+tiqRBjvCLaAC/rcea9tXfkJEcJn8vkuynTAnKsuzcSyjhwHmIJ04GD9z9eC4dqYnK0kRdvH0Wb2YdmbVPOB1uDb290tqU31Q3I28X/DyN9FPYNLd04MSS+fENP5AJuuhuIbWxYIMgT9bfKrwrMTUp093lZuyWTInLAh3G58OC6O11dzKTYMFzi0xxESfcBauCphrbRBvbwCwO2rxFEdah9IH5oRZb4hndYR5JMkAa8hbhZceCwDH4Y1AGmoHHNmzG3KANYjT1VmwHZ6Fei2A/I6JnjFulgfRZOzNoOouzC4Nnt4OHL91219rX+xaGAxYjW8kn0A8CqtIBlfFc+i6m3aLOAFyJBkfO8+hXLs6vu3uEG7HNInzcZGkZZWtjMXmoOeAO9lJHW4dHoVgtdu3hwEjWDxabFp8pC29tva2gwNiHwW/9jQIPQ9FQ05uNl8yqz+oLXn7X+AvPIQhWW6EIQiJKTVFSaiJtU1AKxqgooyefyQr7dEkUrmcUkFClQhCSERNCSaIhCEkReiwO1KhwtRs5d21ga8GDJeMrfIAhGwab69KpTLmgCNWy6XSZJ1854LgxzDSoU6ZsXk1XDiBZtMH+YrR7GNvWPRg/wA656jjkLgd7de6+5hy52KpUXyfDB1GoLotwGWeMK/YXZ6qCHkAEnuyRIsYJAnnMdAvZUsJrnyu8vDX3WdTe4ObGk36wZj5I25i6wpuNIERAkAcfEiAOfVd+BrscwyLjb560Xne2aIo4r9PSfaBM7HhPlqrceAHBsNjd20teFn4SmN2Ij4ne4M/Nc7H1amEfVecrrAeDXSXA8f2V+xTNBh53v0Mfkr1n5o913f6eoxVfOwj1snshzsjmnVtR7R4TLfYgeSzu0VOWEZ82hAykgRIJzDnI9Fq0qZFdxjuuYP8TDHqQ7+Rc3aF9UUnbuIynPOoEXLfrgsCLL0ldk4dwM2BFr6aWkbcZXiAYBBaJ5mZH1ojDtBc0EwCQCeQOp+ai4kHXUX6gjip4ajmk8APc2aPUhUXlW3IWnTwLTTw7j94OnnGd0fOVX2gYGuptaIaKXdEzEkk+a7cPJq0KbdGBg8y1znO9wl2kwxhrogglpHuD/mPms+8vGyYstbWa0bCDzDQPuCvPoQhaKqEk0IiSkAoqQRE1ZT/AC4qoKbVCKyOv8yEo6IUIqUimkrIkhCERNCSaIhKYv8ANNCItrG034tr8SD8MDIeAABMHjc+6fZFzt8YBLSw5uQ/Cfn6lW9ka5Ln0j8Jbm8wQD6yPRalfZwax+7dkMT3Z5adNPdcb35Zp8o5L0GHw7qhZjGyTJLuJcJ056ctFpU6wL8vFsA/3hb8/RdebhYgi4PFeEwW2qgqBziDPcd1BOvkV7V1YBskiIUZXUiCDdeP7Yd3uLdWbo4yOK6sdh6dWkWTDSAIbrxt0XLhqAYxrBo0QFXhMQ50FuXdgfd4i8RHJV7Q2kylAMucfhY34j5cF3/qRVN7EDrrZep7AoihhTUeIkm54G0e40uSedu1ItkEHQ2Xn8b2hqMOXcCTeN4C4C3xNaDl14rQx7K7w3d5WWzPzEGTwZ3eHMjopkL7LcSx5IYCSNoI15gLxu0tn1KT3ZmnLJyuixE2v+S2thbKByklpB7zo1t8I9z6BXbcfUdSdTcQHNhxj7zegJ+oWZsvaThlAa2AQCZAMeB1XK52cHKvL9o4Z1F+WiSJ4xYkxHp1K9RidntzGq0d9oMDgYn3uVgbd2g19PKInLTdfXKWggjqCfcr1FLFAtDm3EnT4jlBNudwvFdpL1c0Fs8DwiD8nBZUfE7kuBlKuMzMTJLSCDIMxY33HiaQdFkoQhdi1QgBCERMKTVBTDkKIaFNg4qLFJpUIrM31b9EIhChFyoKZShWRJNCERJNJCImhCERbvY9v2rncAyPUj/StDaW2N25wj4bceMwfY+y83gMa6i7M3lBB0IUcZi3VHZna29lg6iHPzFfVp9omlhRSYSHAn2v16LvpYdzms3dJjt4HyTqC0wRJIDYBEeK38G176VMOaCC0FxjlYjx1Xnez2MdTqgAS0/ED4G46r6Vs803MBbljp46/MeS2ZhnVTAIHOV83GOpGmypBOUjMLWEASLaF2t7SAYNzxWygC1lh09hUxUNQvqkn+t/76r0mMZlNoIj0Wbvi0kvyhvCNdf9lgcHUpmM0L0HZbcK6gHBoLZMWiDvMxyVmGoMYDkaGAmTAAv5IcZUKwztcGvglpAIvlkWKziMcC0zRLZ7xA0HEmfyUFxr+EEfn+PJfYc4UB+wkeUEDrrRZva4DPRJJEtcDHIEcOOpXZsvYeHdTzD7SRYmQR6LH7V1Jr9AxseYn80tjbddQa9sBwLTlkaO4HwWjaJyhmaF4ntnPVxD3UjBn7AD4W9svI2nuXGR9o0n/DT153KyNt4LdOBN25ha92kQ0ZuBhpHmubZWHrYg7phMF2Z7uUGcx5mbwFsdqJGSkIcWMGZ3ElhPeMcwVLcO6C+bSgrl1YN/suB/yEAOjQE2a7WbW3Hl3ZTJ0Mm3CDpHhy8OqqQmtAFmTKUJpoRQoqQUVNiFEgrR5qrgr2i2n7KqKWY9PQIVec8vdNTClUOQmVFSoQhCcIiSSlCQCIhCChEQhCERW4WplcCvd9nMSHU7fdMHzaHH5r5+tbs3tQUakOP2b4Dj+EjR36+PRSDC68E5ja0viCC0zcX4jhMSvZ4zbNNr8lTuuga6O6tOh8FgY/aTX1AD8MSJ49Vmdp2O3ve+GO7ExHnqsupXLom8CB4DgoqPNa8rTvXYMuw9NvhDiYOvLlN17J1ElrXNqFjCLinE+MwYV+FpUwZa2o50fE9xM+brLzOz9v1KfdIDm8tCPArtr9qjHcpif6x/ILiNKoD4V9ah2hhS3NUMHhlJj/rqB7TyWVtt5diKhP4o9LfkuGFKpULiXOMkkknqblRXaPNedqOzPc7iSfcytzs26iXgOZUzAHvU3Hja940PJU7Vxk1nu1DmkCOVwD7I2Hto0CQWgtjWO968Vk8B0EK7iMoCyp5mvceUX5ykpIhJUVlJKEwhEShSYowpMCFEwrmG314KpoVjR+iqinHX2/dCW7+oKERcyRQgKyISQmSiJJhNqAiKJQhNESQiEIiEIQiKypVcQASSGiGzwHIKEJwhApJJ1UQmUwoooThWUmNIdJghstH4jyUEiERPKYmLc+HJRU2VS3RJ10RRUlFSREFAN0ZlFEUlbTCoVtMoUS4fXqrW3+vrmqwbK1hhVRX7rxQo/wAQeqEUrilIFBSVlCEJhJETCcptCShEikpFEKZRRQpIyoiiEKSAERNCajCSibUirWgKsi6hEigqSSlFAoQpZURJSKWVMIiSSkUkRATZ+SSmz8vr66oUSYVawfL5eKg3SVdSCqihH1P7oXTkPL2CEUrPd9eyimhWUKKaEIiYVgQhRsij+iOCEKyIKR/JCFCJjXzUWIQiKfFJqEKEV1HX0Vbv0QhAiOCi5CERQTGiEKUSKs+vkhCFFFqAkhETVtLTyKaEKJjQfXBSp6fXRCFCKxCEKFK//9k='),
(32, 'DAMN.', 3, 'data:image/jpeg;base64,/9j/4AAQSkZJRgABAQAAAQABAAD/2wCEAAkGBxMSEhUTExMWFRUXGBcXGBYXGBgYFRYVFxcXFxUXFxcYHSggGBolHRUVITEhJSkrLi4uFx8zODMtNygtLisBCgoKDg0OGhAQGi0lHyUtLS0tLS0tLS0tLS0tLS0tLS0tLS0tLS0tLS0tLS0tLS0tLS0tLS0tLS0tLS0tLS0tLf/AABEIAOEA4QMBIgACEQEDEQH/xAAcAAABBQEBAQAAAAAAAAAAAAADAAECBAUGBwj/xABGEAABAwIDBAYHBgQEBAcAAAABAAIRAyEEEjEFQVFhBhMicYGRBxQyobHB8EJSYnLR8SOCkuEzorLCFUNj0iQ0NVNzg7P/xAAaAQACAwEBAAAAAAAAAAAAAAAAAQIDBAUG/8QAPxEAAgEDAgMEBQkECwAAAAAAAAECAxEhBDESQVEFYXGhEyKBkbEUMkJSwdHh8PEGFTOyFiNDRFNyc4Kiw9L/2gAMAwEAAhEDEQA/AOZw9UmZm2WJQsaKlshA9rMSPyx7SsMqyXIVc3badfksLivlFrY/A9bCrUXZXEpO+17u9uPrvtjwIUcPV3vZ/SPkjV2MAhxYeWv9wo5ydEMtvqCtEtPTlyt4YOfR7S1NP6bkukvWT8b59zQI7PZJsQfzWPioUMFTmS0+as06gPZ4X/UJVRvHd+hVFOpKFT0U3fozfq9HQ1Gm+V6ePDb50eXR22yt8WTWcPepU2bSJkKD9nUx2QLn4Ky6jxhEogAOd4fXu81pqzcYtrfl4vY5ek00a1ZQkrR3k+kVl+QsgM2HZ9nkOHkphzT2ZI7kDBvlgJ1ENP1zARsmUTI/CN8LLpZOLlSlyOz2xThVhT1lNerJJP4r7U+lkg5aABLpCjmEW3qsBOiI6OK2nCWB9xvNkzTu8u/clRN7cPmEzRbu+guXqI8NRyjyt+fI9b2VXjU00aNV34uNZ6K2M9z9yAwIN1GhQgcL2VggAnn8d6h1trNldGE1OKkuZ5fUUXQqypy3i7fj7VkG+plm/kp0fZnebeH9z8EF1Ek6EfJWqmrRwuP6bfr4qjUu64F3t+CX6HR7Iio1PTzWE4xXfKTt5K7YN85XRrp8lXBebz5q09hc0hus/wC5Juy65Fy1veoaKK4G+8v/AGhqz+URim7cKdu+7z5A6Jdv/aFOJt7+BRhgHMguqBxvYdxUSGiWgkmT4fhVWoptVHKHJX87GvsvVQlpVS1LupScFfPJO1+/l346Gc+mS5oPFPWaZKvBgJHEad3BDzgmco8VsoVlVjfnzOF2joJaSrwPKeU+q7+9c/Y+YGlVIdBfI3jvsmx+Icx0C1pP14e9Wqdb8LfJSr4gtMBoPOO9Vypx9NHHJ+RopaqstBUipv50ebvZ7pO+Fj49THOLJ0YffdP/ABXGzCFoGu7u8Aq7sQ65zHktRxWnzbIeqVuHvSTdc/iU6MCx3mzSYRM8vmq2M1b3H5KzSaQSS6dPDVRr4cOgkkRwWT+8/nodxX/dHt/7Cs6tAVZ1eyv+p0iJLnKIw1D8UBaziO5VwrjmbP1NlbqGGujcD8ZUmtpT2RfXyEp23J5iL6dorBqP40bb4+J6fsnGgrcW3rfyIzmVSTOvKFerl0BoYTz3D6v5rRxFNjBAMu7kHrnZctgPfyV1SpD0qUnhZ9r2+8x6XR13o5Spxbc3bFsRWXu/pPD8GVMLhHBptrr37lJlIOtMEDXkf7o76r4gRHcq0wb9x+azV6sFUVSDv1/Phg62g0VaWknpa8XFfRbtzzyb2dn7WEGys0fxdeSk/ZLBA60k8kJ1d0cBx3pNJG8/uuimnseWcOFuLWVhlp2Dp0x2XEu+Up3dVlhoObjz3KpQPa8PmFUGJLgXE5KYkE73EG7W7ye5Uxh6SrOL5pfabamq+TaahUjupTa/4+T2fcw7xIcB9EGIWd6++k4gtB3gmQHN+8OIW7tSm1tSWCGmC282IkX7o8li7aol1wb2yi86we19o38JVehdpSpS3Wfdv9/vNP7RQ9JSpa6hfhkkn7cx9t7p97SLmDxednWTOstAsN8g77LOwO0XOqNa4a5vDslXm120XUqboymz/wAp1PnfwCqVML1eJya5XETxEEg+UK2K44TrdU7eCX2mSpUlR1Wl0d8wlBzzvOTi34qKwvdyNFroB7/9wUKhLt5ug495bTcRqMvxah4fGtcb2IE8iOIVWhX9U/H7Ebf2inH5ZGL+ovjIt0okGZN/gVGqztHvJT0KjJga3jnYyo4nFsaTJvJVi/jP/KviZJW+QL/Uf8qJscXCYg/V07xN/P8AVURjW7g75K5RrZhmFvkf0Ky1YOhP0kNvzj7u87Gi1NPtKg9LXfrrZ83bn4rZ9V7QZLZEG8hSxTu1pPZ+ZVPF4Yh4cAS1xGn2TOnMIm0zU6zsNJEC/iZWiMlOpGS6P7DlVKU9Ppq1OosqcPbh2a7n+G6ZJ1RsaEKtnknkUI0a5+ykKFXTL5FaTjOV+TLcuTIXqtT7p80kDz0Zs06sl9uHzQca91gDAMz/AJUWk0CZLb/iChVbNw5o11PFYHUiq/FfH4Hpo6WrLsz0Sj629sX+ff4FdpgC3gimm6bkBOG6fxGW+uKclgM5g4+J9zbea0PUQ+jd+COZDsuv/aWguspL4Jt3/Nx2MjvNlHFSAORv3odbGFptTLo1JSaX1SCWBrNYkS7LpbcqYxcZOtVx0X57sG+rWjUpx0GiTa+lLZPOX4X3f+1XLVWoYnj+v6R5p2Pbwkqti8LWc5uSI3z+yE3DVj7TvJXaZ3je+W7sydqwcK/BwPhilGLsrNJJt3723fn1NBzpsGgcUB7hmybxf9VGjss3Je5vNTo7Ma0y15c7nBlPUWdNqT/Uj2W6sNVCVON85t9V4f3+KB1axaAYJGlvd9clFlfMLgg8DqrApQbtMcJhQ2i3s9hokkiZE2110VOkqpx4Zcvgbu29FONZ1qaupW2V/W25fWxbq2wWBcXPJHsi3ebKhtGuXSX/AJWNAhojUAeGu9XcFQ6sQXCeEg8571B2BcHOqAgk8xIA3a3V9KvT9PKzxZJPlj9Tm6vs3VPs+k3B8SlNuKy0pWtjpj2XV7ZNWuC7D4atxz0Xm3ttM0tOUjyVJou2/sz4CIPwCs7Jpuq4StQZOYPZUAA4WN/rRVdpUXhkQ5r3WNvZv2j9blXq9O5VYyjzw/v91/cauxO1KVLR1KdbKh68b88p2Xfx2a8U+Rh42pncag37tSALTyWzWeanq9YkSWlh4yydR3LGfg3C5B4QuiwdEigGvHapvJ1EAFpbBym2q11pQp0nHbDS9xxezaVfU6yFSzlacZSfJetdtvZc/HkUNqf4T+8f6gsJ1QgMdyjy/ddFiaWZjmgtkjjwusSvgngMacslxjtNi8cCsWgqRUHFvN7+R2/2n01aepjVhFuPCldZzxPHmrdbnSYbC0OrbUYHZiJueIM/NFNGgCSacu3k8VS2dSLGZSRqYaHBwARzSO4+EiZR6WHp208WtflvcsWgr/u+KcPW4+Lh5/Nte3s8e4IMcNBTAA3wgeuyDMC/DUIYaYg3VZhALgdLLVJJqzORGpOElKLs1lF08tD9eYUa0ZtY7I+JQKT8pj7O9NtA9r+UfErBRoulWtys7eR6DX6+Or7P49pKUVJe/bufL2rdMIXADWyA/FfdsqziVe2dGXs+1Paic0fZ8FrrVfRx4rXOJodK9XXVJSUcPO+3RYu/suwfW/i96SudWPujySWX5dH6vmdz+jNT/FXuf/oHSw7d9P8Aup1KjRYU2+V0qlc77/qhOa4roXZ5SMI228kJ2VvsMb4q1hs7hcta3uuqGIbEaKdN5I4BJsnGKTL9PDgEDPbfzVhuVugnms0NBIRWv0RctUU+Re6wEcFKliDo0CVnVKk2BT5w1sT38UhqyDYrEkzMn4I+AqECQN2qp9mLkdyTK4AiYQPDeSzRwtSs45GOed8f3WVtZrpDIMgklu+R3+Kd7c9UfxTSZSGcuE5sxMDLB9o5YncAVU2/jC52c9ouAu7Ui4mBqVOD9Yyah3hJWXQo4OlLnOjSwGpEETBWg2gXGAJvaN/chdHsA6qOyN8d0hd5s3osAAXGHC+YHQjgFa6luZz40FL6K9yD9BsBlDi9hBtBO8Gdy6k4OmdwVLBE0xDiJ4psRtVrZuqXK7NihYrYzYlEzIF9VzmP6P5Kb2sdDHwCIG4yCr+M2606FZ+I2rO+ynGo0RlQjLdHF43Y7muLWyeffoqmJpZWsEXuT3zHyXYYzEtcZXP7QYHXAT9JcpemitkvIrbFe0OcDvE+X7rW9ZZzKyNlU/4wB5/BdE2kBoAoSeTbpIepay3KLcQT7LHFTZgXkHM25v3K+K0b47gh1axIu4+CiaeHqZzsI8TcDvN0A0HH7QsrzvGd5KZ0WEeSRBwTKJw/4vcpU6AFzPfoivQqz7J3IOKWQ/q9Lh70lXzJJcTHww6BTiHzYAFIGq68+SDSpSYK1aldrRlaLD3qRVTTau2URhXE3ie9XcPs+paCEqTwfsI5c/d2R3pF8YIkNk1jvamGza0ES1o+9vSOLc0QCJ4qLHVHCUXJ8KIU9mNzZTUJ7uK03bMoCxc4n3LL6sioCXCYn90bNEy6Tu4IGoounZ2HF5JUqtOgwezJVI313JxTMTOqSJ2XQyNvS4kMbAytfA+6zM0+ALh5rNweDfWe2iN2ZxG4BoJceWnvXR7QLW0XOyjMWupF2pyvLSYbpoHX5ptgYMUsNUrg9qozKNxHWOysnnEnxUlhXObVjeq0/E6XoDgGtotdGsnnJP15Lq3vA0WXh6raVEZRA5IWztuUySHECFW3ksjB2sS2jVgFchtTaJvJOv1K3NudIcPBAd9clxmOxDXmxEclNITkV3YxQOKVWswIFwpJFLky+7FFAdUQcyGHIsRcjV2FTJquduDY8/2W3EAwLmyzsCDSaLgF1ze99LK5/wARfoD4wotnRoJQhZ77+8IacWg+SG+id4IQjiXn7bvkm6l5BJeQNTySLG78gjKM3v3aIdenlE27puoGlNs8+5AqU6YN55k6IINgDXGiFVxNojXgrpa2PZF0O2oaAmVtPqUOsdwKSv8AWnl5JIIcPeH6uG80sLhn5M0EknTkmdUqfZFpVinTqR235eQ1QOKySp0Kv3FGrRrG2Ueanlaf+Y+2tyh4YNL3Tme0C0lBd3faBdhHzuHirdLDvykuqNaOGpVjraW6mFL1rg1vK1kiSjYz6YcSS1jnbpjVaVHCk3dSf3RZSG0HjQgdwQ6mNedXnzTGo2LHqoFzTMfmVPHF+rWWHOyZ9fiSr1DYmKxDf4VGq4WvGVv9TyG+9Ictt7e45vpNRqtp0y9gE5oi94GqvY/sUcNRb2ZPWGbGQNTPetLp10bxFHDCtULOy5oyh4e4SI3WiY3rMx1dtSrTEmG0mgE2Jm8xuU+hgqcLlKzve34nb4akH0QDe1vJcZtbAupu7JuTAWzR2nlYI4LA2tjS4yq1uWStYx9r0cmpcTJadMuYagEGeGqzQ8hW8XWcXE79/Ph3oTMM950JVxgnljU6xRw8FTxGzn0wMwuVUNSNyViV2tw7iIRdnUQ+o0bpk9w1VNrCZMWFydBHiul2ZsksOYNIMXzWN4NgbgRx1Q8InRTnNK3iaLMO32iwEbuJTZ4GgA4cUrkC/wAgpdS48PMKs6wmlu8fomxh7JU30su9p8VVq1QdXTO4AoG2rFcWvxTAtkS2eR4qyaTHGZcPAwoersIPta7huQVtFOrWBmB5aKuN5WgaTfs03d5VdomRl01kxCZW02UZSV7Oz7jfNJBDh7wjqnxT1ax3CSokjfPkptLG3Oc9wQEZd5GeOoT0QQSeIRqbWPvleONkeGG7nOiIFogILU+ZUYVLMrTalBtm03O5lFoVqYMCg5zjugkk7gALk8krE0UbnRWdn7Kq13hlKm57juHxJNgOZXpnRjoUH0+sxNM0y7SmDDgOLzuPLz4LtsBgaVBuSmwNHIXPedSmkZ56iMcRy/I4bor6OTSqMrYl7XFpzCk0Zm5hpmcdYN4A1AV3FVHF7w4kw5wgnSCdAu2zLjOmQ6ioK32KhDXHc2oBAnhmAHiOaHhYMym5y9Y4v0mtJwToNg5hcOIzR7pBXAY9+XEvkjLDYvPZytLRK9C6SOFfD1aYMlzDHeLt98LzLadJnVUXts4tyvH42AA9xRSdwrxcXc19nYjOxwt2TbuVbFOEwQh9H3w4niPFPtAE96m45FGb4QL8dlsAPmu16GbLL6XXObrpPDiuDpYMyC64BBI4idF2eL6bFzRTpsFMAAADWw0SfcOD64MzpPJe6d1lyZZdbmM2gamtysstvAkn3zwEa3QtiNWzZudAtheuY2lSI/hg9ZUP/TYQSP5jlb/MV9Bbb2Bh8W2KrYI0ew5XgcMw1HIrl/Rx0W9RoZn/AOPVgv8AwgTlpjukzzJXaMepuOCtOzujz/b3o3DRnw7n1Y1pvcM38rgBPcfNcPXNNktNIBwMEOmQeYOi9/DlkdIej9HGUy14h2ragAztPGd45FQaNNPUtYlnv5niLajR9lvkl60RpAHCFc6R7DrYOpkqiQfYe32HgcOB4hZrVA3KSeUJ9d8ST4ILsW9PVk8UNyBZGfiHcVSxAtbjfmrNXkhupyN27eghJXKeQcCkrPVHiElKxVwo08NjyCTY2AFlYZjnOIzRAVGrUa0m4IFrILa43FIlF25m5VxjnWkBVi8H2rhVGAu03re6LdE8RjHw0ZKbfbquu1p+6BPadB080i1ySV2G2DsepiXFuHYCQJcSYY3hLvkvVOi/RinhG5nEPrEXfHs/hYNw56laGxNj0sJSFKi2BqT9p7t7nHeVoFSSMNWu54WwiUMvSIUXUlKxQIlAx2FZWpupVGhzHAhzTvB+B5p/VzOqJkKYHkG2+jtbAVC+XVcNfLU1NP8ADV4fm0PJeebfpiczTLXuLo3Nf9oiNx+K+mqvcD+i8/6S9AcNXk0pw7ySYaAaRJ39XIy/ykJKKTuicpuUbM8g2JiQ0mfejbQxgB7Nwm6TbAq4KrkfBBu17T2XDuNx3FUKOI3G4VmCpSdrFiniSRq3zuqFbMXTv5K49jHNtB4RqOKA1hFybcSAlYG7oHTquJAkr0b0W9GxUqHEPaHtpuhs3BqiDPPLbxPJZXR7o83EuNLMTUytLnRAw7CQXE2g1HCzReLkr2LZOEp4ekyjSGVjBAGp5kneSbzzUrWIrJqUyd6sNKoisnzOKCRoB6IHKixhRM8JWGVOk+ym4rDvpGM0Esd92oB2T9bl4fiMHUaSH5QQYIJvI3QvfnPsvLPSDs8UMSKoaIrAnue2A7zBafNVzji5q00s8LON9VqG5c2NyTNlFxnrTHcrFXHk8PJVa2NeREx3KtM2tLmCbs+k4majrFKpsyhp1h81XpiJvKBUaeKdytqLWxa9Qof+4fNOs3LySQV3j0NZ7KZ+yptw9EC7CfFVw6eKmakJklY1+j+ymYrEU6DA4F28H2Wi7neA+S982Zs+nh6TKNJuVjBAG88STvJ1JXnfob2X2a2KcPaPVM7hd58SWj+VemyhGWvK8rLkSUCkSoucpFI5chOqpEpoCkBE4lROLUjRBUDhwjAETWBVTE05/srpohBqUwmBwHTXo4cVThpGZuk++8SF45idlVmOc003S03gE+PdzX0tWas2vg2mSWtMiNBpwTvjJBx6HzjkM6LsOh/RJ1cmpWDgweyPvGOe7Reo/wDBqMj+EwRp2Qr9LDwlgXCyhsTZTKAcGNDQTJjUnmd626dNQpsVhjVICTGI7ENoRAEEgmZCc6VJQIQAi7Rcb6VKf/hadSPYqX7ngj45V103Wf0opmpha1Nol2Qls/eHab7wlJXVidOXDJM8LfiQdx8lA1xvkd4Ww/G1WgAhoNrECyBUxbybubbflVB1Hdfp+JXFallM8dRqqL5Okx3GVffXvBI8oVepj5kNJQQkytDuDvJMl17uJSQQv3k6jXaQUwpGJuVYfiHAG6s9GsP1uJw9L79VoPdml3+UFBFWR7z0M2b6tgsPSPtBgL/zv7T/AHkrZJUGu4aJFymjG3fJNrrKDyoB6m7RSEDlMXFIpwmIXWFSD1EhJAxyUJ7UWE2VIClUYqr6a1HtQKlNMCgymi5EUNTEJoRANRGhIBTaExEmqYUWqaAE4oLlJyG8oAgHQZOgEqn1ua/G/h+ynjK0Aje63hvQacaHyQB47tTsVqjHiMj3jvAccvuhUvWG3IBB3FanTamG42vO9wIjfLWrBYH1D2ABCztZOmptpBKzhF7qsIJsEV+BdveLaoL27s8BAne+xDME6j6oz7x8ikmVZ6eZNzo3rd9HzZ2jhx+Mu8qbyseoQun9FtDNjs33KdR3j2Wj/WUgbsj2+k+AiB4IsqjXoBqEG37q0ylrPBRKVe+Uqg7Eg2dY/WiZ1SIdw17t6BGqUMlMHyE8piCBOFAOUw5AEkikkQkMg5BqIr0JxTACAkWogCaExEQE6eE4QAk6ZPKBA3IYKk9V3uhMChijLzyThyCDJJ5lSJSA819IkDGkfeZTdyvmb/tWC6uGgxA8F1PpIot6+nUJMmkAAN+Vzv8AuXEOxHBUy3N9KVoIarVJsLAqD3AGASVEtJ5J2UQOHnokF2P1h4J0Tqh98eaSB3fX4Aqhuu59ETAa2JdvbSYP63mf9AXGPw9He5y770R06YdiiyfZogz+arHzTW5TO/Cz0wGyr1TdGbcIFUKxFAOoA8QUPDkglhMjUTrzEpymeZh28fRTImhgqnZjgY8Dp81aBWZhX9r8w/uPrmr7XIQMOCiNcgNcp5kwDhyRKEHJSlYLknIRKk5DlOwDp0yRQAoSTqJTEOEzinlCegCDyqld9ijvKz9o1Ib32QAGiOKg9/JQovlEptQI4X0ne1hzp2Xz5tXIUQwAksnhJXW+k/8AxKHDK8e9q4rMIVM/nG+j8xEqz2GOyB80BtIHcoNdeTophwUR4Y3qrPop0oPEJ0yPCugKoF6b6G6P8PEv4upt/pa53+5eb9VmvoOJXrXorohmDcRfNVd/la1vyKa3K5/NOzaMohDqhTMKAO5WFABw4IGaCjPsUKpfVMQ1KpBjxHctRj1hvNrai4+YV9tWWtPEfBJD5FvrLo7Cs2k66uU6qkItgp5VYFEaUCCuKC5OUFzkAHD1IFVmlFBQAYFQckHKDnIAcKDynLkJzkARqFc9tWsXVA0bte8rT2pjW0ab6rzDWNLieQErzfZ/pKpf82m9pOsAOHuui4md3h6Ji9kWpUOgHuWRsjpTh8ValVBdE5TLXeRWq9hAlzwBzMD3oA4n0n02ZaEzMvuOYBIK8+rvYNCV2fpH2vTqup0abg7JLnOFxmNg0EcpnwXFOIERdUy3NcLqBEkxoYTNYTrICM53FRLj4KJLHMXUDiUk0pIFaPQk59l7F6NBGzqPN9Z3nWfHwXjfVO4t817X0Ip5dn4Uf9PNb8TnO+anHchU2OiN96i4Kf6KLgrEigE/tDmECdxRalrhQcM2hgoAr1gdVLCO7DhwdI7nX+MqL1HBHtEcR8PooYItByt0tFSw4kq482QAg+EdlRVBJR2iEwJ1HoWZM9yg4oEGYUQOVZrkVhKYIs5kF7rJnOQ3OSAY1FEvTOUCmIz+kODGIoVKJ+2xw8SOz7wvnyk3SRHEcDwX0WHX8V4Z0lwPU4yvTGgqOI7ndsf6lCQ0VRQESCQRoQYI7iEBlRziQ97nfmJd8Vea3sKnRkEqsvSXEiYLeDvJOJJ/sitMbyisxcbgo3LrdSBoGLBx8LIeTiD4otbHPOhKGxxOqAdgmQcElOE6CJk1tV710M/8hhP/AIKfwSSU4blM/wA+ZuNUkklYiDA1NVX+0mSQIjiFVw3+K3+b4JJJiNLCalGraJJJDJMRCkkgCu9RekkmIkitSSQwE/VQKSSABuTPSSTBFOnqvJPSF/6hW/8Ar/8Azakkoy2GtzLZ7BVGnqUklU9jTH5yCKBSSUSbGCPQTpIIFlJJJAH/2Q=='),
(33, 'good kid, m.A.A.d city', 3, 'data:image/jpeg;base64,/9j/4AAQSkZJRgABAQAAAQABAAD/2wCEAAoHCBYWFRgVFhYZGRgaHBwcHBoZGhwcHR4hHBwcHBwcHh4hIy4lHCMrIRwaJjgmKy8xNTU1HCQ7QDs0Py40NTEBDAwMEA8QHhISHzErJCs0NjQ0NDQ0NDQ0NDQ0NDQ0NDQ0NDQ0NDQ0NDQ0NDQ0NDQ0NDQ0NDQ0NDQ0NDQ0NDQ0NP/AABEIAN4A4wMBIgACEQEDEQH/xAAbAAABBQEBAAAAAAAAAAAAAAAEAQIDBQYAB//EAEIQAAEDAgMEBwUFCAEDBQAAAAEAAhEDIRIxQQRRYXEFBiKBkaGxEzLB0fBCUlOS4RQWIzNicoLx0kOiwgcVY5Oy/8QAGQEBAQEBAQEAAAAAAAAAAAAAAAECAwQF/8QAJREAAgICAgEFAQADAAAAAAAAAAECERIxAyETBBQyUWFBInGB/9oADAMBAAIRAxEAPwD2JrVxCcgulNoc1mJsTIzRK3SI3SsIATwFnB0tUj3m/lzULum6mQLR3D6C7L00zPkianCuhY9/T1f7zfyhRt6wbReXCwOTW6An5K+1n+DyRNoQuwrCfvHtBsHAkmLMbrYBNd1j2jR7TH9DfDL0T2s/weSJvMCT2YWEb1k2kRLg6be60XOV44hMrdYtpbP8QGDmGMuOFk9rP8GcTfFiQsXnNbrZtEjC+0CcTWTMdrIZTMcIUDut21/iD8jf+Ke0n+DNHpQaJUkry797dr/EH5GfJKzrdtWtQfkZ8lfaT/C5I9RJSQvM/wB6trtLx+RnySjrZtd+2Lf0N+SntZ/hM4npqRrV5ceue1R77fyN+SY7rptY+2z8jU9tMuSPViEmFeXN67bV99n5AnDrrtX3mflCe25Bkj1CEq8vHXbat7PyfqnjrttX/wAf5D/yT23IMkemLpXmLuvG0z/043YHePvI3o/rZtLzB9nkT7jvD3k9tyBySPQUxzeKxe19Zq7AIDDv7LtI/rRnQ3WCrVL3P9m1jG4nODXb4Au6xN/BZl6ecVbCkmahoSVGSIWKb1wrEgBtO+RIcBnmTinyWq6K201WYpa65EsDg20feE6rM+KUVckFJPRL+yrkWuXKjQpVX04Ja0f1T4A/NWZCqunfdbvk+i68PzRmfxZQFqgezPREuYYsoSCAvqJnkBCy/wBfFRvJAiAMWepABy4XHeI0RgYHXOXqmljnEiIjU2AGlz3Kt/YK+uzRulj9eKFcCL+X6K1fs7WwXuBzswEme+B6qN9drRLWNnLE7tOHKez3gSil9Iv+yv2hv2R7rcXamxd9ozxDRAzsFE/2Y+87/tHEjU+SIrMBAzkWucxnItaMvBQPYN30FpRtCwN77yBG7f46Hj81C95vJJO83RNRnBDVLLWKLZCd/wBdyjJU3sybxZRlkCckotj6D9Dnp9aJ9ZscT6fXwTdjHand/pEOAM7oKUL7K+p4Js2Uj7nmmhqUasRptkUhJNkoCXCmJchzG2zUkwl2fZXvJDGueRchoJMEhuQ4kDvR9LoOu4e5htPbc1mVvtEeCzJxjtjtlaW6/XFXPQou2NxCT9hbSIxgVnm+BjxhFzZzm3cT91sROei0XRdUMDXVKRDjBDBTDGNlogk3NQ9reY1uuUuVJdKw0C7Xs0NDiDnZoF3SD4Cxvw3oNu0OIwve5jPuMEA2Ng3Ia9o87q46b6XqOYIIYJjs55EG+Y7lnXSbkzpJ4KwjKSuZm0tETGjFJFtYiV6B1TEUMo7TtZ0GZ/RY6lSvYBbXqwyKRH9R9Grj6v4m+PZdLl0rl847DlV9NMlrefwVpCA6TFh3/BdOJ1JGZfFlE5ngkOzHMi3Gw880YJGUDjb6CHqZyTJ45r3KTZ5WkQuptaIEOP8A2jlqT5c0E+SZ0vyRdRu5NdTsukeu2RsBgHO/kmVu1bCANAB8bnzRZpwmOYunRLAX0zkoX0vFWOCVE9iqZCsqUgEMKYnS2cqyrMsUM6mtoWC7Q8QfKyANNzrZ/V1ZGkminBvyP1zVNWDNZhEd8x6SpWNn63fUp9puIGhF+XNKbDs5nOb2QFbWaMRj1TC2yM9jCkfsuLtN10VLZXNanNUuBIWgK0Wx1KpBM2BuYJExpbf8sk7aqjXOJDIMkkh5cOfak98rjh3QOHrdLRquacTSWkZEG45bjxUcFdlUgjZ9lawY64Jlstp3a52gxH7Ldd5GWcorZdrdVqNe8y5zuQAyDQNABaFWvJm95uUb0We0zg74rOH9eyOXRc7c2WHu04oCk1W+1Nlju71CEp0fr0WU+iIk2aktf1fbFMj+o+jVnNnYtN0KIYf7j6BeP1T/AMTtx7LC/wBBInyuXzzscgekBl3o5A7cLjvW4fJGZfFla5qjeESWqFzV7Ys8rIAxI4KYNUbmlbTIROpqF7EYWpj2SqpEK9zFHCOfTULmcF0TAA+monUkcaS5zCt2ZAWbOIMpg2YI5zE0tSwAu2cZJpoo0013s+C1ZQA0LKM0CNbblZGmk9lZLBTVKG4IU0lfVKd8pQlamMVgVtMIr/ZWSCmj/YqSls2scpVstla6mZyVh0Wy7f7teak/Z7ZIvYaQgWM4jedLaePipKXQssqzOwUPTYrDaKQwnkULTYvPGXRUT7PTAHFaDokdk/3H0CpqDFddGHsn+4+gXj9Q+jvx7DlyT6yXLxnYUoLaxdGlVfSm2inBc1xESS1sxzutRdOzMtDSxRuao29JUnMLm1GZfeAI5g3Hekq9I0h9sHkCfMBd1NI87Q8tTHMQdTpmiIBJuQJiw4mTkrAtW4yT0yMhLUmFThi4sW8iUCOYonMRj2JpbC0pkoE9jvTXU4UfS+2OYwuYWF2heeyLj3riLT4LO0+t7GNArFrnXn2UnlmA06mQdYjVFzK6KoN6NF7NMdTWb2jr3TwkspOJGWIgDXdO4qsq/wDqA+OzSZO8h3l2lrypFXFJm2FJd7JecP66bSXFweAD9nAzCOIkTPM6pH9dtq0eB/gz/ij50XwSPRnMAgHWwG+0n0TzRG5eYu647SSCXyRl2WDPky/emP64bWSD7Y2/pYB3gNh3ep50XwSPTnUkHUpSZ1zWCHXfahm9h502/CE6l152gHtMpO/xeP8AzVj6iK2R8Mjdt2WRKkbS3W9Fl9g6/sgitRI3GmQfFryPXuWo6I6QpbS0upPDo94EEObO9puMs8s4W1zp/wBMOEo7Q8UFJslH1+Snp0iJDiJkxyns+Ud8qXZWeu7kucvVQ1YUWHPp2PIoNtNWxYhGtXKHInpmnGhKTFY9FvxNduDiB4DvQzG3VhsYsea5cztHTj2EQuXQkXnO45ZnrXt7qZYGkiQcjGo+a0yxPX7NnI+v6JVgy+0VyHl5a4EwS0jhfx+KcemQCGhpm2ZGuSrq9fA4YpjC06HQEC/NVtTbB7UP0xN3aRK1jezDjZf15eS+CyMyDY3i5sJ+as+ielq9INY4Nq0xkScLwODhLXAbo70HtAa+hNJ+PHhMRBaQ4YmkSbgA/CVHWpOLKQaQMHvDK0aealyi+mc97LfpHrEW1KVVjHloaWPYTA7TmybSDAEz+oOwcN3xWH23aYDS2Pfbi933ftZozorpv2gYxkMc0lxbSabxIIfJLRJIOEmT2VuPI6tjG10S9NdKbRRcA5rYcLFsgcpImVm9v61ObbAC7QFznRzQ3TfWZ9Q1abnENY4Ab5Ba13gcRCzdSo0G09/1dbjDJ230aUa/gTtm2VKpxPeXHRoyHIICqwgwQRzF1PQ2gB0Hu56TwT6tSXNM3m57x4BdlS6RtWRPoEUce9zh4YQPMuVaVa7btP8ABaw6E/8A6c74qoLlmzcRUhhJdPbTcfsnwKzZojKQ5Kc0H/cd+U/JJ+zvj3HflKOgQ4dUgCkdScNE0MM6eIHxUtA4IjYdvqUXtfSeWPFgRGRzBBs4cCocBG78zfmuLLZjPn6I+yGs2DrPtj4ax4c4kCCxkkmwHu6nVXj9o6Wotc99Joa25JawwMr4HZcVhOiNpwVZktDpALTBa7NjgeDsPdKtKO1bVLi+rWc10zie8gzmHXi/FcJRpnNxSN7s3T23PaCzZ2PFpLWvN44OULOn9tHv7E7jDag9QUNR6zVqFJraLGGwc8va4kWAmzgCIA0tfmgqf/qJtc3ZRP8Ag8f+ay090FGy82XrniN6MH+/4YVtuiq5ezEWlt8jG4XELx79tNWq+o5rWucZIYIbJFyOZueJK9l2FjWtAZlrcm8XzvuWm9Iqil2gqVyVcoU5ZnrLsge9suaIbbFhjM73BaaVm+n6rG1G424uyPtRF3aarMpYqzMtHmfWNsVXCLdkToQ1jRNpGmiz1Ygr1WrtbB7rGRGtMOPiXD0UB257tTG4U2R3GSuXulFaIuSkY/oXbgymQSPe+ARDWVNpeGMyOo+ETK0R2tpcB23XghrJJFpgA7pWN6zba72zzTFWiyxZTfjacgC4gm0mSM114ebNtpEilJ2afa+i9h2YfxnOrVYvj7LZ4CAY5lZwdLtY5zqcNJmILmwObHA+azz6T4JNgeQ8kOwE2vPiuuLbts7pqqSLTpBzHnE1oa7UgvOIwMRMuOsxG+85oSlXLD7rT/cJHNRBjtzvApSw7j4FdUSgl22u3M/+tnxamnaCWzLJmMPs2A5ZyGRF9+iFcDxSETvToUEtruxQXhouC4NFr/055aJh2h8Tjdf+s+kyPBQFh3FdgduPgU6A813n7bvzH5phcdSfFc2k/wC649xS/szvuP8Ayn5JaHQwiU9wgRbf4hd+zP8AuP8Ayu+SeNiqfhv/ACO+SraFg0ZykT3gtJBEEWIOiiMlYZRwO9cHphCVreI81MgPCv8AZugNoOQaMs3jXkqrYdna97GYhLnNHumLkC5OQXuFDY6LrtbTI0LbW/xK4c05KlGv+nKcmqoyXRfV6q0Nc57IDYgF+oGuHgqzaug6oc7C9haXO+9iN4k23bjqV6d/7c2BEgcCfjKrq3RTL5zM9ovI8A4LzPk5N9GG5GN2Lo17Q0S3iQ43XoXVJpFJ0/fOs/ZaqhvRMn3mDh7P5krQ9DbOWMItdxNhAyHyXTjlJvssW77LNckuuXc6CrN9OMa6qJAMNH2A7V28LSFZ3pp0VLfdHDVyktGZaKets9PVo4SMPyQVTZ2EnsCOD3Dyx/BGVKhJuSI3R8VEagyid8gT3R3rzuC+jkUvSPR+Njwxjg/MEOe6CDwncfFYd20PcQXOc4tszE4nDJ0nLU816g4s1b5ELO9Yuh6ZpmpSYGvaQ4huTgJJtv17l24ZKPVHSMkujNUejnPYakAtnDd3aJg3jTIxyIQG0UyxwcCRkQciN3I/otH0U+cLMONpIgYg0AzIxCDIaZPImNCqfpwBr8AcHFsguEQTJnKx7vNd03dG03ZCzpCs0QKtQDcHuHxUn/u20fjVfzv+arg9OxrpSNUHu6X2j8ap+d3zUZ6Ur/iv/O75oQPSOclIUgl/SVY51alv63ct6Y7pGt+K/wDO75ocuSFyYolIl/bav4j/AM7vmk/aXnN7/wAzvmosSQvSkWkSGo77x8SuLzvKjxpS5APpsm5veAN5+vVWFDo0uu4OOXADXMi9oNtDbcR9lIlk5Tfx8tFp6tfAzAWtLI1aZbeS5mRaS10TORiAucnRiTaMnt2y4ACJwnfoc4P1oVBXolji05jODIyV704xrGAZF73ODJ7TQBBmwi9hmDhJG4Z4GFF32ai7RLTeQQWkgjIgwR3rcdCdPU6dHA6sGPdDjgY8kXENLg04jG8m5N8lh2uU+y7O95hjHO/taXeisop7I0ns9h6M6y03NaP2kEx9qnh8zCIrdIudJa8ObJu0tPpPqsN0T1Z2h7Wy0MH9Zg5n7Ik+ICvujOr7aD3Evc95sYENjPK8nj6LlyQgl0znKv4w72k3k9xIHkVqer5Pszn7xzJOg3rNOpRcDM6nUfXmtT1fH8L/ACPwWI7ENljHNcnrl0OghCzXTwmr/gMublpSVmun3RU/wFu93BR6My0Ub+FlA98EWlSvec/XPuzQrn+ml/rXJYOQ91TORPn5LjtFrbu/jfJCmsC2wtN5Om/fvzUtN27xIt5KUQq9p6JoPdOAguNywlonW3uhBv6rUjk+oCd8RE5yWie7zWmAEyYvobdwHwSsYDx8/GVpSkjWTRlv3QZf+I639tt2ieOpjIk1HC33VqQzikdExewn5K5y+xnIy37mtn+a4c2j5hNd1KkWrcpp5/8ActKCJnjAzhPxi4E+finkl9jOX2ZB3Ut/4ojizy94wmnqa+P5jeRafEmVsceeemp8IjyUnqfTlr4ap5ZDORiR1LqT/MZofdMX4ylPUt4P80ZTdnl7y2LhO+c+fibKFzu0ARnOcHiBMWTyyHkkZGh1QL7is2AYnAfi5FDqTvrj8g/5q7rOAc7LObQj21Qd1vlrEg6qeSX2M5GWPU4AR7YzfNgidJ7RhJs/Qe1tECqwDecU5RqycjHIrYYxFwPHzhRON+OeqmciOTMmOqD3PxVaxJOeFpPm4g+SQdWKLXmS599TbjOEAjxWrpwXgQZBztGWf+1X1qgDiOJ/3ZMpP+kc5C7F0bTZ7lNo44QTl943P+kZRq9vPSI5RZDF4AEAzvBE2zzU+ysl1/Ej1yiFNkuzSbG4YB35kb0JtNQYiB5ckRslIFgFu4goPaqeF5hwExIIkmw5fQUNDGOMwGyeflwWs6DBFITvKyzWw4EgE2gnPjxWs6I9zKLn1W4m4bLBcuXLZ0EWX6xuip/i31ctQsp1jE1b5YG+ZcozMtFFtJm0GDMk7/Hnkq9+xMzDoGoMfHvRlWmN/ET4eKiFM3458ee9Q5WDfs7smvPn4CJlFMacIFyRqRyuBmuwHfJ3ZgfFTU5ywiSfvGPSwyWSNjJwk3HN0iTw3+WRTsYFyZ4SD3DjknvaTaw1m+fK3qoTtL8m2uQCeyLXyI3brKMD8fajloJGeZmwUT3uvqeNvhN1DV2gAQDlmJZrqfGUhMaRJzkGT4oQcx0zhIJFozjXPkpPabiLZwDHfxTHMJEa21Ed/ZmFM3IYo4WnTnwQWcQ4wRA1uCNNTB9dE5gMgzvgQb8rR6prahNgw8ySLa2T2EbySN7jaRumyATEcibngQf1UVUTmd0WMW7vgiHOZEHPdiJOh+KbtDW4RAzIBscr7xZQpVVqMuAkDKMo4zcecoulTwOu/QSZHw7s0bTAyAJyG7Xu8kxrbkkCM7km++cghBzQM5JG7w8UrhcC8RNhGWg0yTm1crGOVteItHBQirHvYgdzSB5ZxxSgS4gztmIBtmPExAVcNSC4g3Bwt1neLoo05mBIzkwL+E79Ah3F0mSABwkn6jzCEY01sJDQBBmSXH4TPIlTbJVAe2YxXvY8bCSUO61jMC/aN4OZi/wSbLWAIcRhzs50kWztkO8K0Q1exVCWE7zYZDnbJBbYIeT72QyvpvRXR1SWAzN7RMefeENt75eW3AtOh7tyHQk2dpBAIjzWs6MH8Md/qstsvqtV0Wf4be/1K3E3ALXJVy0dBFkusrorT/Q3Xi5a1Y3rV/Oy+w0eb1GZlop8WR1GcgnTL/W5RvDj7sAcZ+GqkawDT6/2UmKO5ZOLGOcAe0I+vmntcCd28KJxN4v425W8kxjYbnHfvG5AS1agFzfOIvNvL9OahdnJInS5gch8c0tG0udJvMk3jSLWGSbUcTMDPU884zPpohBrmNOcRytNtVE8wYFryTnI4D5wpPZgxJuLg3mRun0sle7O9/L6twUA19YggEDLeARzukMkhwxWzEtjIjj9QmBpt2YG8235rqpDgJFrSbaajmhAmltIFyMPP03KV9Vs5tnifgg2VAdbC147+Xxsm0zjJIMhohuk3Id5AQrRQljwBBAgzfMfp+ia+o0jNwtmMUX/ALR3KDbGYm9p0NkaSSA4RprFoSCoRbEdfsgDnAFs0AS/aA1gkQSQBcXJOgmT4KZlURJwnTMmT357skA/bXi/2by7JwAB+suaIo1RZ4kg3vOt5yB1lYopMXhwGTTuFiOZOsJWvaJIEReXka3zE2zzTg8k3J3Ra8brQhX7W1ru2IyAkjFJItnGgy8s1UiEtUnMG5vJcRy004oAh2bYnkRmLTIynRS7bUgGLwLSQJ4fVroEPDcLpicgbctLmfrVWgTCrBGLOJMuO8jhM3vxXUHjE0ACL2Jvrwvc5pHVWkgwOy0iSL++4kAnn6hMpgucLAEG15mfjl4rRDU9GvbgkGO0btyyBz+skm1O7Zg6AkwDmTEfNRdEMLmTBBB3A6R8YurOps0GXnB2ZEwSSJEBpIIN8zbvUo2lYmzCGhano7+W3kfUrN0HsFhfOZgk7sxAWl2A/wANtostI6RClySVypsQrI9Z3xWGXuNm1zdy1xCqOlOhW1nYnOcDhDYEaEmfNRkkrRiK75yub/6TC8CMgT/tat/VJht7R8brLj1RZM+0f4N8lKOWDMiHnIgAcM+RPObJHkCMzwud8eN/Jaw9Tmfiv8B4JD1NZEe1f4NShhIyoYBcA/AWtHKPjwS1Hwf98hxGa1w6ps/Ef4NTf3RZ+I/wCUTBmOD/ABO79UrnXBPrbLeteeqTD/1HH/ER9XN+KV3VBhM+0cOECylMYSMY2d8jXdfUz4Ju0g7pB9D4jJbJ3U5h/wCo7f7oSfugw2NV9rZD1H1ZKGEjBMBDey08DbUxvtf6siKbSc5uBnAMXtGX+ytoOpjPxX8obCeOp7PxX66N1zVLhIxDKcCQXOIe6MRnMxb7NgQJ890LqpntyDkYtlaxnnvW8PU5v4z/AAbrmmnqXTiPavHEBoOcxklDCRiWQ4uYC6BEQLgGdTN891hqnUxDIdic5ts44tMAwLRa/wABtf3MZiDvavsIiGiQMtFzuplMgj2tS837JM78t6UMGY8vdAIxG4MXuARItIuJEcdMx1WQ0jEL3I1z5/ULY/uZSwwKjxGR7M2i+XDzKVnU6kG4faVCNZwknfJI4/KEoYMwNSYMnDIEQ2CbT3+CjwR2nNMQRPO8gzczBgL0VvU+gGgAuxffdhcd9g5paOcTxTf3QpyC6rUdH3ixwiZi7cvmd6DBnnzKjQIwkmNTAvEAwJO7PNFbPXpNDeyXPteXNaMhcXc453BbyOa2TupFE51ax5ub/wAb96c3qTQBBx1LHKW3vMe755oMGR9G7UcMhrWm2ENaGhoiOJkmcyTruQ23MdiDnG60tDoxrJwmJjJrGwIIjstGh1nJc/oZjrkv3Zj5IacWUmyjU3AiflzMfULUbF/LbyCEZ0SwWl3j+iOpNDWgDIWEqpGoqiVcklcqaOKalISQgGly7EuwpMKAUFcFwCVAdCRzeKcEqAYGrinJHIBvekXBq6PrVZApCi2iqGMc8zDWlxjOGiTA7lLG5cQgKXb+ln0qjQ5jcGB5IDpOPEz2YJw2loq5T7uqbU2naA72eJuJzQZ94NxPYyQ3C0kDE6xJ925vBsKfRdMCIloyaYwiWlp0l1nOHaJzUx2JkQWNdee0MVxke1K0CnZXcKmGrU/gw6Hh2HE9uC2IQY7T4bJu1wkwAJqxqGm1oxkuc5sTDsLmviS4iSGlpuZloEkyVcBsWH18lxH18kBTPZVnF/FDS9tpaS1nYBGFhIAs7IYu0DIgopoeJwzBcIxkuLWxBcQTiufsyIF87KDaW7QarnMIDPZuY0Ys3kBzXkFtr9kXOZTKFCsXuIDWBzIGIvecQJtJeMpmQLyd0kDto2eucBpPxSA5zy7su+0A1skNBtcaHVM2XZa8E1AXPIbhcHzgcHEkwYwiC1pwg4sJnO4tHo+s8sD6nYLXNfTdhe3E1zRDQ1wiGy2bkQTAMFFVSKba7mkl4uYqk4ZpsEkFx+0HASCZyQBG3bM9+K1Qz7mCoWYQWRBDXNxHHJvIgi9oTNoovYXOa58kAtbDntxAukOwxmHMu4/ZzN1AK9QY3DEGjFglxfBwAtc7tOMA4wZH3TCN2ak7Fjxud2n3dbsjshsC0SMWKJ8UBJt+yl9B9PG5uNjmY/tNxNw4v7hM9yymx9BsJmXQcLvdNpHtA2Jt9zktZ0xsjq1CrSa4sdUY5geJlpcCA4QQZGeYWeHVWvMnaWchRcN2+qiBLQ6LaIzMBuQ3NmZi8lkbiXuWi2OhgY1tyG242JVRs/QLmtANVpgZ+zvff2zKuNmpBjGtmcIAnKY1QE3sxu9Uq7GuUpAcVyRyQK2BSuSFITqgFKQOSOPkuA1QDgUspIXIDkjkq4oBAuCVJKyDpSpq4FAOXLly0Dly5JKyCn6RpudUIwYhgYWkyAHBzyQ1wacLrMkmIEdysBdSqBrxUecQklomCWtBwiG2ANhEkmLq1dBFxIOhSkrQM/UY5rgXOY1pc1hIk9ouJfDsIcARORABc4knIDV6VJgYwnF7L2j/AOGQCGgdtzsRDTBLQWyZkyNFdu6NDnlzmsc28Ymy7tCCJ0GZ194ohmzNALLkHFMm9/evncknvUsGZe+lDmh5l5fd9NoaMJaA5jmtaJdiY4AGSHZiJWm2PZgxoABFhYvc4C2QkmByT2UWgyBw9PkPBOZTDRAAA0AEAdyWB8LiU0lIoBcN5kp5TQnqoDe/0XJ0rlQf/9k='),
(34, 'Tickets to my Downfall', 1, 'data:image/jpeg;base64,/9j/4AAQSkZJRgABAQAAAQABAAD/2wCEAAoHCBUVFBcVFRUXGBcZGRoaGRkaGRkaHBkaGhcYGhkaGRggICwjIB0pIBkZJDYlKS0vNDMzGiI4PjgyPSwyMy8BCwsLDw4PHhISHjInIik0MjIyMjI0MjQ0MjQyMjIyMjIyNDIyMjIyMjIyMjIyMjIyMjIyMjIyMjIyMjIyMjIyMv/AABEIAKgBLAMBIgACEQEDEQH/xAAcAAABBQEBAQAAAAAAAAAAAAAFAAIDBAYHAQj/xABDEAACAQMDAQYEAwYDBQgDAAABAhEAAyEEEjFBBQYTIlFhMnGBkUKhsQcjM1LB8BRy0WKCouHxFRYkQ1OSssKDk9L/xAAZAQADAQEBAAAAAAAAAAAAAAAAAQIDBAX/xAAvEQACAgEDBAAEAwkAAAAAAAAAAQIRAxIhMQQTQVEUYXGRIjKxBRVCgaHB0eHw/9oADAMBAAIRAxEAPwDI9p3VYKHYhCiuMQxBkqysOdp3dOJFZrUNJ/EZ4J6+89etG7lxSlu27FvDLR5SIE7ioxJ6dBxQnU6Y/Em1lJwED4EYxHp7mpRy49j23fK2yAOuf6fSpuzL4S4rOJUksy4O5YnafmfrQ0EjzAkHr068Vb8faAVjB9AckYwfTNLTdm0nwSdqatHuFlthARlQxPmJJEEkwBIEe3vTdLcC+fM5CzBAP8xn5j7VDaUGScSQT/LHAxPMzird0pGQABI2wfkY/I0/kTKhias23+EYmRHqIJxTRnAGQc7THyMcEVEL2MzPXPKz+uaVxgvBBzzHIjrTFR61qPiYESOIkieT96taW8FwVEiRu/FB/WKhSWBAnbyAfpx/fSrCWiQTB3DpHIzJA68igl/Mv27oJAWG2tkcMQ0gke2fXH51eu6Z/GMOSAVO5twJwC5krPM5odpLoUwqiCYJ9Y4BHpkUQudpXCAnVS0ENgDaOF9YUZ/0ky0ZtvhBfQBkaU2hg25DghWAGRI6mRNT3HuJcJe0pLLum5IILTLQTBJMgt7VT0GmuqguXQM5EEE7eTMYzT9frRKmCxbHTG08ZmJkHPrWcd5bCyTajT5/sM1CNuRzaW6wO0/ukKhTOCAFLGWGQwzVu8qkNbNkeEo8SVuFNqEyNhAIx8MHPHNELd8Kim4TiQrxKkwSZiT5RiflzVRylxRtU5DHaDyDIOSIjPtzTk/BlHI6Toz+ssXBDWgGVWBtxt3SOCy87hkGJBInE10Gx3XuX7SXL19Q7orMducrJkyPX0FZjs7swLG9izkEHcwNsSZkhuSDOZHTJirpuvYchrbkdXtANAHU24JI91n5ChM68ahPZkfbvYlvTEC3e3n42hgBIPlkhvi5if5oHNB+19SocIhcjaDO8ElmyYIEAT65+Va5dW163CXiRIYQtuQQ0ifKCMj2rJt2fqb95xbVmaSLhC7EGQYPQcAxHv71Vkyw1LZAbUDdBkgBtpyobgHA+IiOsfrRJUbfKo6oQJuKrsu1BBJgTC4BI6172t3ev2hDoXBMhxgK2SQVBJggDPqfpUCI9pmJZ1hASmd21xO09RzPz5oTsmUWtmQ9rPca2qXGc7QQqFgQGOCU5O0wDg1S7LYXCLXlVmaApIAAnMMx5+tWrmqCqp3NcUtu2P8AhulAGG8gHkGYkeVaGnTA3jcEBQZjoR7QcDMUMqK8M2Q0SWCpt3fEYpvnYUVXDQQJOVkcgkGRnNZntK4yuAygs0sNvGeSRx9Peimmf9293cAGOQo3bQTyVk7RuhTwSCYmKr+VnbxPMUUMwmAR+JlOeMdeB7VmtpnY6ng+hT0bsCC1sG3jBJWekCCIz9ak1Wluful8SfEKMCGna3AEcyoMRiprxlwxuW0UfAu4F2JOJC8dOcUxtR4ind4Z/wDTgiNw2yS0iBBH3rU4L3sqdo2UtHwluMyg5DIJttOxy6jAzPMnbt4qQasxsSFuExuH4xmZ6H195qn/AINrZFxVDDqvlYGZ5gwRHpRIdntbTxAZJ4kGbYOYz06A0FSaJUt21ZS9orEQ0wreYD4PmTxin2LyjxWABJdczAnJIjg8Ae1VLiF3XO0BpLOYAlsY9OcVavXbbWSWOCQYHEqWgA8ZzmlaIcXVlAPct3S1whRumOY5Ksh+p49/nUGrvR4iMSxYTJMiJBBHsVorZVLygkMQAQsmDbwODmQfeckVX1+nGwKsg7UQsRDEK3QehIH2oKT33Irms8W3bUDwymAAJBEACTz+EcUtc4ttuB/Cu4REkSY+U7ftVQag+J7LIg5A2gic4yRVXU6o3H+GNzcDrMDH2oZrGO/GwT0usbxQ7MADucgkRtALAE9TAigl55MhR74OD6UU1tm2FXaSIDACZkDcAd3rg0LLDrzQi4R22CVvVFgQ24BHB58yyTtxHA9P0quLwLltxncQBwpzjHEz096i7R8lxwAB6x0M5g+kgx9Kr25dgGk8cck4j6/OrM1Fclq5b3mS0SJiBJPOPc/OqzoMQ0/ORBHqOPrmj+i0Nq4jG45tbU3IQrObtxZhZWNpMfL39Rl3TiXO7ocgRHU4PWhMdlJEK5GQCCf9f+dWRBB3ciJzGDAAFR+IJHBBxtyDhTE/OpWtlmbJAgAAxmCNoJjoB0oG/mQSpkAyOOIJnI+op9y0kCCfTHHpkdDxTDp/NCmT1HDL6k+3uKsrpzJlSVGRtIOfSc5/0oE2NSV25BABGemWkfpVhiqwUuDBmG3DoMAxGM+lVUdQYBxIknHqZ+0j60tY4gETBAJmMmJMY4zx70Cq2WdNdEyZmDnpMEjNFNS6KV2jyjrySJlWIj0McdDQbRHBBHPtx0k49DVqzdPXP/TmevAoInQdua7yBQxZYgAkEBTkQf75+VUFuNDQeSM++Zj6RVdGDY68DMAj69aIabYhI5G6QOCMDqR70q9HFOVOjWDtG0+n2qjIUCopXaLe/EsAZLOTIM46zQ/V3/KoDW13biFVpuABoAYdJxgHrQk6sC5FwA7JiDEjpHQQfvNQ6pWKXLgI3Al43LKgndCxO4TnpUSj7OjHHU0kXk7YtI4W+m9QByYhXcliGBHmGcNjNO7H7XuXtRsG8rcIKoTu2SzwA/QcCeIHzrCXL295JmJA98mJ+9dF/ZgP3l1+QlpU+HJ3MzEhvmBiPQ9KJpaTtx4N0kzf6bstbdtRc/eXRnMnaSIYK3pE8zV7IHlQJ9OgzjMcxn8qzHZ12/cvPcuPsQB1UkfES0CR02gdP5jxxVY2u0FuHc4NpFLG4WkMqjdHhxj069M1zJ+j1I4dKo22mvow3EAgEgMQOIHB9JP3Brn3fzspbNz/ABSIdrEhgST+8MkFV4iFyKs6HvD/AIpIwZ/lnoVMHGBj/TrQ3v8A9ol7OnEBd25yGO5hAEEAcZ6+n1rTHJ6qOXqcS0NmS1aEqQEWSSx843K3UATHTiP1ofaYqxwIC89TIHHSJ6fOiqdtFjaBt+WV3TEMwOT5YKjFE9Va0jXN/gm2NsFbd0wTM7oYGD0/ua1ba8HnxpbSdArQEi28AHeAsCRtgyc9SYXr9qlOoLO4QAEW8THmbIaf91oz6TV9+z/FZfDVkBFxhuO4CCxEkADOKq2eyb7g3LSyQMJgllIliMz7H2pSW9m+OV42vnsA7mkRAJO65BnjaIiI6k81V04RWkzBBwDBEdTV/QqXO4HaymCJYNOZMxA+VOs9nsNztwxKFcDEDZH15+VaWYXWzJ9N2mok7QZUgqBwOhn1x+dXuytUHBZ8DyKegBOEWhOv7NZE3KYCqMAjzAx6feptEUTahctue2wMgqGgQY5xU7NEygkibtlUBZGVt4fzAiPLGBM/KMVBsLaWdwBDMQvzwCPsam1hR7hIypLLuJz5RA+vWh5QjbbDAqT/AGPb1oS2GmyK3rY2KMKIEzknqZq/pbT3mnxEXaY8xMkeggZ9aEO0GAOv9au6BFFzdcJCKcARJY9M/WhluKqz3VwGjBLckegMCP8AnVHbtaPeM9Pf86JanXLum3bG0gQTkiGhp/Pj1qvq9OWAcsADEn5sBgD7x7Gki4Saq0Vy78MPKJI+859fiqWxeRFAMTz1xPSq4stubJYTAaCAfQgfb71cvdnhCBcuqhgQpDE7YgExgHHFNopySezIPDJYu+QF+LBB6DHy69MU57KAFkY7ozBGB7Y+n0p13s5g20TGAPaak1vZ5VfLgyT7rEgjH95pa4+weKfFEdu85RU8QhQsgbp2ncXBC+vm4HrRbtTTWDat39OxO5vDu23Ks3ibZDrCzDQ3Q/Tihum7PJEnnzdOoipdZphFs27ex1RhcYOSXYkndB4xjFGuNh2Z1dD7JUWL+4acEm2YIPimGMraYGAMjd/s1DpblrbDKUbBwRsiMgggmTjrTv8As/pnIA+RGJqC5pGDQMiBnpiR+gpqcWKWGaW54bn8ThSBI4mAR6Yo3ou1Eu27Vu6qW7afG9tQtxuJJYzuMDj2+lBb+nZRLDdjaR6ehBHFXtD2XcuhLdtALjHyySDOfiJwAB+VDnGhLFJ7UBdUm0sVlxuOT1HSfX1+1RWwXK7iAFET+mKMaLTnw38u5920EZAg5+c9PlUv/ZJKktIMQY6fWk8kUXHHN8IoPbIQGSeB0x0yORxUdnUEGOI+0ZkfnRjsuxFwhpzIBjBEcNRB+w7YyEieg4+1J5op0EeknNMCafUqDIWDAlgfMfWOg69PariXEMEhjkkkxJB/P35qbsrsseLDKCozBGOa03+Etf8ApW/sT/WpfURW1GT/AGZOe90ZPtC3bEeG9x7pKnICoFKSwnksGgTMQKO93NJbu6e74lsGJlhsMCOQeQY4ORxV99HaIjwrc9CFgj5H6VPoxbt7iNPZlviO0gtmfNBE5qJZlJVudeDo54mrpnLdZbVbrqgIVWIAJ3HGMmOa6L+y2+VN601qQ3LEAQQphTPI5McirT6PSTJ0WnJ54f8A/qiHZWotC8m3TW1Yk+ZS8rPxNls4H5D0qnmi1Rp2JKVoI9j612EXVm4CzbcZUsdhj3WCfcmgfenX3HuIhQKwjMFSATgEEkEE4xBGJxVrvCviE3LcgoABHJA/5UC0MOwLMWY4QEySfrxWK9nZq08lUaJk8NLc/vLihlU/gEySOomMdYPpVXvrqmuahlLxbtxbtrjaAAN0R1ndn5ela5NNa0xe6zG5d2FUGQlsNHEZkYzzk8ViLWpW8Chtke8bmnpH1/61ri5s8zq8ylSjx5AmquFVCxA6sOYIMj5Zpun1T8yTAjJn5fpWku9lraVbl9NwOVAePICJOMiSY+lD9T2lbk7LNtQRhCJIEGCXPmPzrZM5rvahuj7Rue7D4dstABxAgitJ2V3qGlAtlSSD5GxG09GAzgjB9/asjpB+8QTHmBgA/wB+1aPs/sJL10+IGLNJQAxAXgt9p+UetRNJ8m+JuCte6B3eDXEanUbQEm6+FXbMuxn6/wDPrQ7QuzP5icsOT8z19hVTUA7z4kltzE4AliTM+uTRTTacIEbylt0mWj0BAg/3FaPZHPKt35Zcu3QUjw+YSZ48w835mrGk11mVR7fwIZPlADCBJO3n0+dC9dqkIuWwN0xBiOBEbehxUfZt62XBuQMKOJzuift1pURTodq2AcIAI3AgDoSDP6/lVLW3N3wYKs32JwaV191wFj+LoAOuMD2qPUKPEdR/MYx16CfSqLSGAHDHB9/9KJ6mypuW7e6PKWMZMkTP2AqFrJ8OX56Y5GZJ6zQ7UXmL7uOOCcAAKM/SkPlhK9aC2LbDqW6/U0tDceNkBkYSVyT080dCDxVZmPhFf5bmP95Zj8qVrU3AhYNtB8jQANw9Diih8xouX0LOhV4K8AiMgzO4CBmo72rVoYKxJEsTvktJkmDE8VFasXHEKsg/LE1XdXUlR0MHPXrTEknybptGCZiqt3SkmTR0pTDbmvP1Ht6AQunxUNzT0aNuonszRqDSBQle+FRF9NTfCiqsnSVUs1M1iRVlLdTJbpNj0lUh/DFufIrFgIGCeTPNM/w+I6UQ216bdTqK0lLSabaZq8UmpESvQtS2UlRBbsgEmphTtteqKBjlWvYAyYA9TxVTtLtBLCb36mFA5YxNYXtTtu5dMliF6KDA+1b48LnvwjDLmWPblmv1/blm3w28+i8ferHdzvSHsX02bbgIZtskm0YAPrCtgxjziub+MTUui1ty1cW7bMOhkdQQRBBHVSJBHoa6ezBLY5e/JytnRLusUqIbOftwaB+PD7p2gK+eIGxpb6CTUmka1qybiMLYUeZGZdwcg/CxIBQwAC0ExBqPtDs21bRkN3w5HmJAdzH4WghUHWBPzNZ6K5N3k1oj7M1rMt1SxP7tmX7czVHsLtW2Lu68JUKxAGNzfhUj096E6DtFrQKgAzPpMMIYTzGBTyqMTsESerdPnH51pHHTZ504J+Aouvu6g3FUZaSq+XnOPfgYHtQEE+Is/FifsQa3eh0NvS2nvB0dow4IkMVXciQcnI4zBzWJJi4DHMzjiZkR6/604tb0TB78f7CHZz7RvcliA0bcsMGMH7VtO0O0LWn0iXrVwNduIEDjAXMXCi8yWBk+wrFaWVtljABJE4BAiCI6k0r1wmyhbhYCY4yS5+8c1Dpy3NZwelV4tj7a2XcveugTB2jcenLNGSf7NTO1kgpbznG0FiZgcUAuNuNX9Kp2hVUl+SRz0P8ApWj2MdFljX9lXhldPeVAMsLdzPpJ2xRHux2Y73SXtsEt7SxZWjzHywIzminZRbYN3xR/fFFtIPKJ+s/Os3lo1jitUZjW93by3AXXGWkxkKRx/wC4fehdzROLjhliDEYPU8GujNorb5ZFJ9SomhHZXYpS67MAyknkD1xj++KSyqin07b5MdfcKJwYHQ+sg/lQ8oC2M+sesY/OK6d2h2OtxrflACtJgcj0NBe8fZaJbRLaDe7mCBmACx/KnHImyXhcbAKpcS26Pbg77dxQQZZSLiT8oU8etUg6KXwwGSASIj0Aj3BrpnZvZll7dtzb82xRuJaY5iZxknHzqS73b0jDNlP75pd1WOOC1ZzBARbN0MAVKyPdmwBiOKr2HJEweTXT37taYrt8PGMS0Y4xPvWb1/YllbjKliVECc+gn86fdTKWGuTVEU0ilXs1wnrEZWvClPr2mBA1uo2t1bK1G4oFRELdPRKlIpKtAUM21KqU0CplFJjQzZSVakAryKQzzbTWWn1V1+qFtC7dP16U4pt0hSaStmL756ndfW30tp/xNk/ltrLzVrWag3Lj3GOWM/39KqE16cY6YpHlTlqk2TKacTUamnFqskaQDyKYyU6nqJHvQIYBivFcivZphpAX9NeLJtJ8qsxA6S6iZ+ewflT71w+UzDCVb6cRH94qPsgp4irckIzAMRyBPIn0Oa1p7safjxLv1Cf6VlNqL3NIQck6Ar3ANOEJHMgcsSWB5+tULzkhU/ln0jP5zWtfu/ZIWbl0heB5MflVVu71mf4l3/g/0qFOJpLFJoy1jTO4JQTBzmKsWwVP4l+tFxo7enuo4Zyu7zzBwcHAiYBmKudpizeU3baMqAwQfiwPK3lwoYzirc0zB45Re4J0PajJcBuMdsfYnH1rY6DVqeuCKyen0Nv+Vv8A3Gi9lVEYYfWsZ6WdEISRq7d8RU1u4KzSXhMy3yqZNUBHOKikaaWaRnqN0UkMRkSB7TE/oKDrrh6mvRqh/NSoNLD9hVUbRxz9yTT3agX+OHr+lenX+5ooWlhlxVK/dCmMceoqjc7Tj8XPr8qC9o3ULzM4Gc01Ezk2g+DXoNOvad0jepWeJqINWJ3Wemng1Hup1A7HE14RTZr3dQFjxXops0lNAxwFSCol5qUGpYI9imxXrUpoGeGodTaV1KOJUiCKe15RyRUb3wfhDN8gTQrsTqjEdq903Vi1oh09GIVl/oR74rO6zRvaMOu0njIPHuK7ENKWsbmVlJZsERgAAVzrvnY23EHs3/1rvxTlLZnnZYRVtGcFOFNr0V0GIjTUeDNPpjCkIc4EyP8ApTLlLcQMVd7O0BvXBbBjEk84wDA9c0NjSsr6dCWCqCScAAST9K6Jo2bw08QQ4UA5njFaDuP3S0zWC5B3b2UsWIZgApEweM8CtMO6WlHIJ/3n/wBa58ty4OjFUOTnjPULPXQr/YOgX4iB87hH/wBqovo+zQYA3H2Lt/yrHRXk2134OadqmRQZbzAbZMEyRODHEiur6tuzlH8Ec9Sg49ixx9KB6rX6PIXSWh6GSf8A4gfrVppEyi2ZbTXaJI9e6rtWQfD09oegW2D/APJj+lU7Vy4ZZwq8QogR8wABORSaGmX1anhqqK55g/b+tP8AEqaKsthqduqoLlSB6mh2WCa8mog9LfRQWK6k0OukyaIM9QbaaJlFPk6B2n2otyww8sypAEY8x6gelZoXc/lU+n0bXEVrandJX8JWJwxBMk9Peiyd07jGd2DIgEJE5mEOfkSaiKZrJoCuzABtrbTw0GD0weKj8cjcIYwTJgwMTzxGPpWmXucxB85HQEYgbYyZz9qtHukCoVhKifKHALTElvLBOBk5wKrQ/ROtezFHWY3HyjMMSADH9TTrOq3mFhswAp3N9VGRXQND3eVD/Ctr9nPz3FAfpIoynZ6xBHz9KaxtkvIkcz09i84BFtgJiTA/ImYq6eyLwEsbaj1Lj+ldDt9noogKIqVNEg/CPtVrEyXmRg7Xd67gm4g44k8+9THu5cJw/wBxH25rcrbQegpxZf7FPtLyLvPwZC13XEeZmJ+cD8qt2+7Vofhn5yaO3NdbXllHzYCqV3vFYX8YPyBP6U9ONBryPwR2+wbQ4RR8gKsp2Uo4H9Ko3O9NvlQx+gH6mhes77ogzsX/ADXBP2p/h8Etz8ui93jK21ALQIJgLvY/JY/OuK98ryXGVlYnJ5TZ/X1FdZXtL/E2fFBwSy+XfB2mOOuZrmHevTElySuAWwiqTDAZIAnmqh+Yzn+Uxw4pUlr0CugxEK8YV6KVAiOjfdM/+IQeqsP0P6Cgrii3d1J1FpZI3SJEz8J4jNRLhlR5R0vtjtS5o7VvwwwRy2QxAkBYyAckE4/2TWU1PejUOODH+0Wb8yQK3HaHY1r/AAbou5DCsSWUHysrEmJbgHJH2rG2uyrZwoNw+gDN14Iz85pY8cZK2jLqOolCVJga72vd/EwHsIH6CrXYeoF27tuuQu0+Y9Mj1gUfsd2r5+DTOBJyYTngnjPrVbtvu1es29123aG8hQPMxB5LSBjj15rV44VWxnDqJt20zUaHsrQj4zcufIqAcTjYZ/Ojmm0ugHw2VBEZKljj3INc+7N7tXLro40i7VtgEB9oY7TBExP9z0qQd2dUltR4OoDByWNu8DKQMDz8+mOk1l8OvDRt8Z7izp6avS/CNq+g2x/SvXGlfk2yePwzxXNL+ivo12f8cihT4Xke5LYx1+k9JqqNZdU2g2odWY/vPEtAbDuAHKg+2fnQ8EvDQLrcflNHT/8AsPSOI2WziJgSfqKpt3L0xGBt/wApj8jIrn69rXYusL9lhbIgFSC43bQRBHpGOtXE7Y1KmyB4LG6Nw2uyxnM+bOPb1FS+nl6/qWutxe2vqjV3u4lo7iHOf5oaPrg0OvdwGztu/wDCQR+ZoXa7yaoeITbYi0fNtvH1PAIzjNWl733xs3Wr43/BGxpzGc+4PyqXgkvDNF1WN/xIiudytQgMbXxg7iD9oiqr91dTP8NgOssp6ciKKp35ZSysboZJLA2pgDmSvTjNT2v2hWyJLqMkAslwAkZInipeJ+n9i1ni+GvuAk7qarqo+/8Ay+dRt3Z1Mn92efY/1rW2u/do8va6fjA5HoauJ3wtET+7/wD2pScP+opTvivuaZNIiiFVF+QAqRUUdfzJrn+r76Mokm0g9yCfsWobc77sxMXXOY8lvr6TAA+c002+IidLmSOpG4vzqK5rUXkgfNgK47qO+BM5c4mXuAQJjgEn8qH3+81wmJQDco4ZviHyUdKtRyPhGTyYV5v6HZb3eGwnLr9Jb9BVNu9tr8O4/wC6B+pri7ds33EqXPlnyIo/GB6Mfzp1y65+ItlmHnuRjZI8u4T8op9qflkS6nGuE2dY1HfRRwAP8zgfXihl7v0hBh7c/wCwGuE5jpiua2tu4Hcg/h/CpJyDOSBj60xHBA/iNgdAv/mfWq+Hb5bM/jGuIo2t/vy+Ruu/RVt9Y5Yiql7vVcJiek+a4TGY4AI/OssLbdLQPQSTn94IEAj2q8ugvsWIUJE8IJ+KYG4AkxJgHOapdPHyZS63J7SL9zt66d20rI5225/EF5J/pUN/XXXCbrjT1ki3+IjpB6fpVh+w7zBi9zC7jcXefIu8MpK8ZGR7DoSKht9jWl2F7o8+VIE7RuLTcEyJmIjknmM6LDBcIwl1U5cyYP1Dgrl1OOpZzwT7j161AziIG8wOi7RwtaPR6awJFu21xwQqrDMriD5ztEiQTC+w+pjTdk3WI8LQvtAG3xdqsrR8ZLETiPLxiq0pGam3wmy93atxobWCJN0xIn+K/JrmvfXUk3dg4Bz+USf6V2LTaW5b06W7sb1U7oMgksxkkckggn3JrmWn7O3X7191DqtxggYiNxyXbEECQBM8ewrmS/Gz2MGOWVRivX2Mppuw9TcUNbsXGU5B2GD8iRB+lV9Vor1r+JadP86Mv6jNdPvBz5mcKuORLHBxHr7Z+VS6MnaV8QuOqttI+RX4T/1raj0/3WuFLc5ETXk10PtbujauS1r90/oASh/3eV+kj2oCO5OpmJtAfzb5H2A3flSo48nRZYOqv6GaJ9KOdh2wtzS3Jw1x0aYgMAvHttuJ9Zo5pu5mn4e+7t1CBUA/924nkdBzU17sq3prIZHLquos3VDASPiRwHUxDBkPw/8Alj1FJrYmXSZox1NbI6n2aNyAEkiMgqu1h6QFIj60VTToohVA+lAuyHuMJLKpj4UQbB6BmY5PyijasT0+3+tRA5si3se0UP14Rh5/hA+8mMjrRAWHPShXb3Z+qhDYVHgnerEKSCBG0nHrVT4IjyWtLfG4DaQMj65NX3QGstpbF60C72roPO0jeqkFZygPMnPHlrS6W8HRWHUVMHtuD5HeGKQtKBUsU3bWgqKrdnWjM20M5MquT74qle7uaRjJ09qRwRbUHBkQQPWi7ClFAtK9GbfuXoyCBajdztd1mDImGznNV7ncax5Nr3l2fBFwnbmcTPp9sVrTSFPU/ZLxQfgw+q7n7PEuLqLwLKd07Gn5SAARwKzjdkq6LaTUnDkqHsgmTMCd0EST+ldYv2lcQwkelYztXQpba0Lewt4gDhfM3xkyT0iIjpmq1y9mbwwW9A9+6GpN4XidO8ADaVZcQczBzJ+2KD/9yNWCf/D6dpJOLjACegG3iuuBQIjgV7R3JAsEVwfOLWgFYlwPIh8imeg48ozPrVhhb34FxovH0UAT6Q3lFaS92Vp7YVSwZmhCyn+EoJ8xHO7HwnjaRzxYsXNOLihLfiorAttU7zcDSAPRcDGQQWnOBppObvekYy1YML+7A8hwxJ4cnORj6UUt6O/uChVSShPkUGFViSWjiATM8Ka1mm0upbNvRuygDwkuDYEEQRJiSTz0PJHAohb7ta57fhk2kVjL72LOZJJEqD1g4PM+tJ6Vyx3klwjFr3bulf3j7QwKjc0BmL4HXmJniIPUVN/3dtpc8O5cCP8AGZ+ED4cmcN+WPUxW80ncpoAu6t2UfCqKFC+m0sWz7wKJWO5mjXm21z/O7t+UgflUucSliyvl0c6safRoGMnepC21YiLhEwx2jAJ6E9InJi7b0nieH4GluvH8SbbFW8znajngSTnnCnpXTNJ2bZt/wrVtMfhRQYHvFXc0u56RS6W+ZHO7PYmuYttsW7StwHdfJnlNsmTzMcgc1bTuXfZUW5qECp8IVCxXphiROPUHp6VuQDTiKWuRpHpYIylnuPYGbly7dPJlgsmeu0A+3NE9L3d0lv4bFufVhvPM8tNF9tKKnU2aLFBcIbbtqohQAPQAAfYVKKaopwFI0AvbLQHPGDGOsVznstfEsI7Rufc+JgF2LCI6AQB7Vt+2+1NMlx1uahbbD8JBJWRzHyIrI9nWwtpFVg4CKA6ghWEDzAHIBqIPdnsfs2H4236G/wCDO4u1w8zA9M8k+xORHPtVMdp6fcCmptqMCJAED58+meOkUS1rRbc+it+hrG9uBfB0mFnwxLFB/JbiOv1q26OrrM7wVpV2anQm0x8l4PBJI3h4DAjoeOPz9aR7PhQGusMRAMDgSOfafWZz0rP9zhNy4ZE7AJAI/F7gHp61Y75jFmFkzcOWOP4dOxR6pPB3Gv5WGU7NQMGDMSDMz88E/Wrmm7Lt33TTs+zxCdpOSWQG4AJ/yflWJ7M195LYVSAqloAjk+aBJM5JPFXbXbN1L1u6UVntPKEkD4lRWGDJUh8/TjrOpGOXroSxNJU2v1Ok9n6bUrduW7m0W7ZO24Cyyn4fIpUbiIJJrVaK4CM/STM+v9+9cf7Y77vfVRctrbIyzW3YSAqOV3Z8sk8TzRbQ/tBuBlJtAWjcNpSGkIwAjf1YZ6bfhPM4z4Z5dalXk6e98DgE1FcvMRjFYy73/tW7jWrlq6biMqsUVY8w3A7S2MEdTT7P7QdE0fxRJPKDoAcwx9a0TRlKLTpmsuuQhM5Aqh2c214zDevUgRPtgflQi7330NxGUXSGYEKDbfJx1iOvrTtB3m0RKk6hMdDIgx7ipfIvBqiJpsVjO8H7Q9PZlLZNwm2St1QHto5kIGG4FhMTt6Vc7G73JfYIuy4Tct2wbTQxJt7rl17Lw9u2rAiPMf62I05Fe1U0PaNq8qtbuBgy7gMqxXcV3bTDRIImKu7aAGqK8Jp0UielADImgOis6ZLhRntm6HkYAaOAHPU4mj4WuW9qdgagahtqsdzllYGI80g/ShsTOnuteA0zRoy20DmWCgE+pjNSkGmAG0/dnR2srp0J9Wlz6/jJ60WtJtwqBR7QPpAqZRS+dK2JRS4B3a2q8KzcZriWjsbazMohtp2/FgmYrO92u+1u/ZtArdu3mA3i1ZuMqtP4njaOk5rSansPTXLgu3LFp7gEBnQMRBnE4n35rn+jttZ7K7TsKShsXruwqSDs3I6EEZ6EfQ0FUEe+t/UtrLens6lbCtYa81xmuKLYts+9pVgCNqj4hGKB9zfEXtC9bXXvqVGkuOLqkld2+2IUOWU7T1gjJpa9muvpVVSz3exrgQASWc2b3lAHUnoKC/s3S5a1Opt3EZHXR32KupVhu8JgNpyOAfrQM23cftzVa3R3Xe+wum4tq0wS0NreGrFtuyCBLMQZ8q9DVvvPavvqtDpbesvW963fFdCiO6qm7cdoCyCgGF/Ga5b3X7c1GlOkvb9unGoZHAEA/u7KuX6E+Gw2z/Kx9a6L3y01292rorNm+1h/Aut4qjcQDukASJnYB9aBFrtDtS12QFR31uqfUbyC7rdKm2Bu/lKiHBwDxQP9nPfYC1a01y3fuXXubRdgMgDNC7nZpAUD0Na7U6S5pOztT4l+5fdbV5xcuTuE2j5RLNAx69ag/ZbbjsvTdJ8U/Q3rhj7UAB7nffX3Lj3NHolvaUO1tW83iF1VTuYBvKp3CAV4jNbXsW/euWVe/bS1cMzbVt2wdAx/m9QOOK5p3n0VzRaq7/2VdcO9p7mosJDLaQf+YpJhTkwvIzGCBXQu6FuyNHZOnUhHQPlizFmy5ZpMtumTMemKADQpGvQK8NAHLO+SquovkgeIYiRyCoC59NsVZHZ7WIssQzIqqSvBO0GR7ZrRd6+63+KIe2VV4IfdMMIEZHBERQs9h6izYuXtTdttsG4wI220WD8KgQAFhQOBzWcFpkz1+k6qEWrdbV+hTa0GBBGCCD9azd7sfSG8thkedhZfO+1QMY82OOg6Ufuu1y0x07oWK+Vp3LPTiajN9LaI1+4iuqwzEhZMZgf0rQ9HJonWpL6vdFfsbsmxa3PZJIbBO8sPKTgZ9ZrztrsJNSULMy7N0bdud0TMg+lUV7xW1sXm0tvdbsBCxjas3LgQACJySxn296p6Hv4hMXrRQfzKZj5qQD9poMPiOm09ttV8uAgex7VpUUJvUTJPJbiTEZgxR3uj2BpL9zUh7YYWjZUAPcEMUl8qwn4bY/8Ax/Oq1jtbT3FlL1sj3YAj5qYIrVdxrKC3duW9hV7gllg7mUeaSOYn9anTvZx9bigo64NVtt/givfs/wBCVO2ywaDH726MwoGdx/kX7VmLndHVtc2m2sM24klSgIhJY9ZSBxOK6jNKKTimefDK4XRzrsr9nSE3G1D3Q3iqybLiwQg91J29ADnFWR+zPTIAFv6kAbuWtGZEZi2Pb7VuyKcRTSoiUm3Zz0/sxsqo26i95RwRbIJkkEwo6kfYUNT9mw3LbGpcSXIY2lacKM+Yfy/nXUNSPIfp+tUtL/EXr/0pPkV7HMu2f2cX7Kh7V1rqgeYJbIuA4gi2HO4fIyPQ9BNnuNqnBZLV3cMqWTwWk8mWufF75rvBFNK1QHEhp+1dMUW9pbl+1vtDYyrd8tppRVuISywSYnAn0rtgpRXtAjyKaVp8UooAYFphSpiK920BRDtryKmIpu2mFDYpUqVADqwnanYlxB2u0Hw79nevoHW1mPcndP8AlFKlSAHaXu5rNQNBqtLet2PD0Nu3vK72BYHdttldvBImaLdk9yLtrUXdTc1h1F27Ze0d1vYDvCgEkE4AXiKVKgAVZ/Zo40V3SG5aLXLtu6lyHi2yDa0Kc5WRz+I+lXO1Ozu0rV/S3bFq3qLtvTGy91n2oDI87KSpkjMAnrSpUAXRoe1L1i/a1R0w8S0yKtskjexEE+UEALunzNM9Ip9ju3qbfZa6K1eVLyiDcG5RtN1nYKRkSDEj3pUqYAztD9nMLabSXjbvKvh3WPlW5bcbbhKoB5yDPvABOJrcdk9npp7Nuwk7baKgJ5O0RJ9zyfnSpUgLgFeFaVKgBVDrdKt23ctP8FxGRv8AK6lT+RpUqAPljU2jbd06qzKYxlSQf0qBgKVKgqzqPcjskXOw9f5QWueIRjJ8G2r2x9HBj3NcuNKlQJCRZNfRf7N9EbXZtgHlw1z6OxK/8O2lSoA1AFe0qVAjxq9ilSoARAIg5BptuwimQPlzSpUMZOKVKlQA2K8ilSoA9FKlSoARFKlSoAVNpUqAP//Z');
INSERT INTO `album` (`album_id`, `album_title`, `genre_id`, `img_path`) VALUES
(35, 'Meteora', 4, 'data:image/jpeg;base64,/9j/4AAQSkZJRgABAQAAAQABAAD/2wCEAAkGBxIQEBUREBIQFRIQDw0QEBAQEA8VFhIXFREWFhURFRUYHSggGBolGxUWITEhJSkrLi4wFx8zODMsNygwLisBCgoKDg0OGhAQGy0lHyUtLS0tLS0tLS0tLS0tLS0tLS0tLS0tLS0tLS0tLS0tLS0tLS0tLS0tLS0tLS0tLS0tLf/AABEIANwA3AMBIgACEQEDEQH/xAAcAAAABwEBAAAAAAAAAAAAAAAAAgMEBQYHAQj/xABNEAACAQIEAgYECgYIBAYDAAABAgMAEQQSITEFQQYTIlFhcRSBkbEHGCMyQmWhpNHjFVJicpLBCDM0Q0Sy4fBTgpPxJHN0g4TiFyVj/8QAGgEAAgMBAQAAAAAAAAAAAAAAAAMBAgQFBv/EADYRAAEDAgQCCAUDBQEBAAAAAAEAAhEDIQQSMUFRgQUTcZGhscHwFCJh0eEyM1IVQmLS8VMj/9oADAMBAAIRAxEAPwDcRRTXa8xjg8qC8bGRf+HIxDDXZXHuNMp086zYjEtoxO/1j35L05QrzKkYJynMrc0csD6tdR411sJ5+1vxrQMJOh996xnpNoMFvj+F6ZoV5jbC/vfxN+NJthPP+JvxqTgncfBSOk2HZeoKFeWzgwe/+JvxptJw797+JvxqnwjlcdIsOoXq6hXkeTh3738TfjSYwVu/+Jvxqnw7k4YymV67oV5Ogw3738TfjUhHhAd7+pmv5gg6VduFcUp3SDGm4XqAV2vNeGEiaEmRfEkOPXfteupKPhMOJ7WuddnVikiew++9BwpA1ulf1RuaMtuIM/ZegqFYAMFPD89WxEf68dxKo72UHteYp/g8NFMuaJswG9ma6+DKTcHzFQMOOKD0i7Zk8/wtvrtYk3CvP2tSD8K8/a341Pw31Vf6m7/z8Vul65WDtws+Ptb8ajuMYA5Mmt5SE3bYaud+Q09dBwpG6G9KyYLD2zovRVdrzU2CGwuALWGZuWg591c9E8/a341b4M8fBH9WZ/HxXpWhXmWTB+f8TfjUP0khyQA3IJlFu02vZN9L+VUfhi1skp1LpBtR4aBqvWdCvEXXN3t7W/Gh1zd7e1vxrMuivblCsr+ArDdXHiBrquCJuSdSjkn7a1QUVBlMJdJ4qNzBCsSii0Hr99bbWOQroPX7604Y68lg6RbOXn6JrPgkkFnUEa2vuPEHcHypjNwp0F4/lF/UbRx5HZvLepsLSqrWsOI0XMNMEQqnHle4Hzh85WBDL5qdfWKK0FWfiPDEnXtXVwDklW2de435jwN6r0sGIw/9oUSRjbEwqbeciDVD4jSmtqjR3fss1TDOF292/LY9ibdRQOHqQjjDjMhDKdipBFdGHPdTxCy53CyiXwlIPhPCp5sPSUkIG9vsqC0FXbXcFCph6dRRU86keH2UZY6A2EOrSixRU8gwlyCLhhswNj7f5UWFKksPahypTGZyd4WZ1/rVLD/iRjUeLL/MU5k4PDOetQ5ZB/fQEK/k42YeBFEhanCxKTmF1YfTQ2b1nYjwN6yuYF1KZMQbpDq54v61BMg/voFs48Xh5+JUnypxhUjmXPEyso3I+jbcMDYqfMCnMWKdfnjOv/EQWYfvJz8x7KUxHDYMRZ3jR9u1qM1uT2IzDwN6UbLQ1s6dyhXnDkrhkEzDQve0KfvSbE+C3PjUK+BdsTIJJc7xqiKmUIFuLsUTcrqBfc1eZbRp2VACiyIAAL7AADQCq/NwsdpiqSliGbrLiQH/APnONVAOwOlXYd0mvTtHHh7nuUJLgSDa1IyYQjlU2uYNlBZjyhmypN/yP82YeRBo1lkvY9pb5kIKsvgVOo91aA9YOoGyrZw99KrfSzDZsMZvoicRRdxABzOPMj7K0DFYAlGCEK7KVVjsL8/DS4vyvVV6fyqOHpH1ZjeOaNcm6kBD2kcaEE66660nEmWW4LVgGFtZs8Vl9dG9cpWBbkeY94rlL1Er038E0OVZ/FcJ9iN+NaDVR6AwZBKP2cKPZGat9OxH7h97LHgBGHbz8yuVkUa6f77612snjXT2++rUN0vHD9PP0RLUdBRslGjWtIK5+66oomPxy4dMzb/RXv8ACj4jELEpdjoL+uorhuGbEydfL8xT8mh99qkDcqj3aNbqU3g6PyYgmcyHDM+wgQa32LrsaSm4TjIL9ZLnjG00SE2H7cYuR5i4q6pSqioDy0+iuaDXNynvgSqFiFnWIypJFKoB+bf2eB86Q4NgRPH1slyTy7vCrrxThMciOwGRyp7cdlvp9IDRh5j11BdG8OUw12F1zHtLc21tcjcbVoFSVkfQynL5cLphJwaPkCPImm0nDwuzMPWatRiBFxYjvqvcWmzN1cep52pjTOyRVa5sQVHZ7Gwl9RpzFipBs0beB0peLABBqBfn/wB6VXhuZWfImVNXJZVIFr3sSDa1SSBrolNBJgDwSvDuLK5yMMri2h2PkamYpaovG+Jw4LFdV6OXlVV+a7sGJUEhZFYKoAIBsra3HKpjgfSfD4hhGHVZSmYx5tL3AEaObZ2sSbDuNr1mFVhdC6XUVWNDiDHvVWyOWlFbmpKt+sLfaDoajEmpws4G/KrFiG1QnXpDuxV8nYtqhbtEi9yCNLDlc70V6RErXCoF6yTO3bzZQABcm2u9h66Qkx2UhZlMTHYtrG/7rjQ+RsaqApL7X70tPErrldQy9zD7RzB8RrUfiMMRbeQL80M1pY/COXcj9lrinLT23028vUaTeamAJL3NKbriGAJIMir84hbSp/5kXO3etxVW+EmVXwKMjBlOIGoP7B0I5Hwq0Svcg3IZdmBsR5H+W1U34SwrYdHyIJDOA8q3XNdCQGUaX533pdYEMKZg3A1mhZoKeYVe0v7yf5hTZRT/AAQ7aD9uP/MK5jV6V2hXq3omljL/AOx/lNWKq70Va7z9wMIHqU3+2rFVsR+srPhP2WoVlUe3trVayqM6D1++mYfdIx39vP0R648gVSzEADUnyoFwBcmwFySffVellbGyZFuIEPab9a3IVqAXMe+AlYVbGy5jcQodP2rVZ4lAAAAAA0FMoQqAKosqjQUeXGJGpeRgqL85j46AAbkk6ADUmpddRTaG9qkU9wJPq3JJ0A8TVf4p02ghOWJTOwJBcHLECOQexL28AB4mqR0p6atO3VJmTDK2V7EZmPIvY62NjlGg8d6q/wCkOrZ4yQUcBkbUhWtow71I9/hakGo0Lc2i9wkD6rRcV00xLKWORF/ViiB32uz3Prppgelcyr8k5EdyexkNtbm4INjfcVm+D4nJG7EXJbslWJIOvPXWkcZKxJuV1N2VNFv420Jo+IAFgp/p7i75ndh/E+q1eXpESC14mYgghXWJtRuQpyuRuLhT50v0Qf0h3RVRprB0yyLmdDe5yuQdNDcXBB7xasaWU35eoAe6pLgnGJMHiosTGTnhbNe+97hhrtcMRbxoOLOwspHRjYuZ+sX+3etP6Q8ZWANlUsBFd5Y3U9U2YAxsoNwdxuATsQATWdSdKZ8xs7ZCT2GII3387d9xcmoziGJSSSR1UgSOzqCfmXYkgW0I1Ipx+k3gXqsO5RdDIyEfKtY3zG1yguQFOmhNrk0h9VzzK0UcFSYNJTXHY+Sd80jMxACrmJOUDZR3DwFWfo3xHDRut8quuQhkjQhnQ3ViX0GvMAc96pddqjXlpkJ1Sg2o3LoPottwfFY5lzwvnTOVBsRtY2IO2hB9dOFxN7D2+qs96AY23Wwk72lQHnluHHnYg+qrX6RfQbsQB69z7K69GoKjMxXlcXRdQrFg01E8NVaOFS3zSn6ZCJ4IpNj6zc+oU+lkDAqwBU7hgCD5g1X4+IqoCjZQAPULCj/pQVQtJMpza7WtiU4mwGX+paw/4TklP+U7r9oqOkxBU5WBVuSuf8rbEUt+lBSeJ4jGyHrAGQAsQR3C5t3HxFXa4hJf1b/0m6TMulzoBvflYXqr9OsQr8PhIYFnxLyNa+l0sF7tABt31IwTdgK+obMxUknKpN1TvtYjeoPppKWgijzkoJOyhA7PZ5He1uVUxJmnO0J3R7cuIAN767bqmItqeYVe2o5l4wPWwpvImUXDX2spGtPcFE5dGIyBWQ5m2F2GtjufCuYCvTPIyr1J0P061RsvU2/hOvrqy1SPg5kQnElM7a4fNNJe8hyttfkOWg3q71av+4UjAmaDfe6FZSo09utatWHYvEviW6iA9kf1snhfYGm4bUrP0i6A3n6ImMmbFv1MRIiU/KScj4CpjDYZY0CILAfb4mj4TCLEgRBoOfeebGlgNySAACWYmwUAXLEnYAAknuFalzWs4pnjsQkMbSysFjQZmb3KBzJ2A5+2sm6QdK5MVJoLRrmEUe9riwY97c79/hSvTrpScbL1cRIw0RIjGxkOxlYd55DkAB31VAbVjrVibBdbC4QNGZ+vkuE0L0Z3JNza/kP5Urg8I80ixRIzyOwVEQEsxOwAG9IW9N70CamuJ9H5cMp63LmGW4R0cKSCSjMDYONDl3sb7bwtBBGqq1wcJC5TllbJmIOXMVD+IAJW/kQbUgBUrgMZlikiNyJFPZuLFhYhiLHUAGx089TQBKHEjRR0EzIwZTYjUGiMxJudyST66svTThceGkgWNMgbBYdpGBYh5LEO4uTY3A0FvIXpjxHgbwRLK0kDBiFZI5kZ0YqSAyjwG4uBtvUlpBIVW1GuAdxUPS8eEdluoJ8qdcEwJxM8cA0zuASANFPz217lBPqrRcJwSOFMpGclQrORa4AAsByvYG+5+yr06L6htzWbF41mHAnUqi9EWIxS2A2bdQ2ynn9Hzq6QP2yDbRQFv9Ine3qqPh4SIZnOHYKoADRsLgm17BuVr7U7Lg9l1se47eYNb8PTLGkHVcjGVW1n5m6RzHJPC1EaSkA7LpqV8T2h5HnRwwOx8xzHmOVNXPyRfUIdaaa46e5WPk3bf91ToPWbeynBFR47RLfrnTwUaAe+qG9k+i0Tm4efu/JKLITrzP8AsCoPpVNpGvcxY+zQee9TNwASdgCT6hUH0hj7EIPz5Wd28AbAD2UvEn5IW/BNHXA+9PRRmFwjm0gIzXJAI9Qp5hHCuDOGzBgVZtU3GwG32+qnOHj0A8rU9ijvoQCNNCNPZWFjZK11MRrIt4x2rZ/gixXW+ktcEXw1iCCDo+xFaPWUfAdhkQ4wooGY4O4G2gk2Gw3NatRVJLzK04QNbRaGzH1QrJOGYNYYwi+s95vuTWt1k8L3A8b++nYbfl6rPj4+WfqnNUH4UekXVp6DEe26q+KYHZT2kg9ejN/yjvFW3jPFkweHfEPY9WAEU/3khvkj8iQSfAGsHxuKeaRpZGLPIzO7HdmY3JPrNWrPgZVXB0szs50GibmhQpfBYZpZEjQXaSRI0HezMAB7SKyLqJ1wnhcuJcpEtyBmYm+VRcC7HYC5Gp0q9cOjGFkXB8LUST4kSxT8UkUWCi6SnCAHsxLc/KXJYg20AqPj4kBCMJh8oQGaJil7u18gxEo5hg5AB2BA5Uzk44iekRmOR3kiiwqKXsIurQKxDJuue5EagDQXvzdkaIMrEX1HkgDsB7dT5wmnGOKq6lBJK2RnhRRZU6pI1VXtcgs7C7c+yNdasHAuBg4dJMq2ZFaxUa3Gt71S54mUGN1IMJk6z510YnLkIJsNQBp38617gMP/AOsw77Xw62PkSP5VQG8oxFOWABVnivRvDTYWSdE6qWCKVyIj2XyWNip20vqLeus3BrTZpnTC4sWuPR5B/EQpPkA1/VWaqbbbnT2ggj7ah+tlOCcTTvK1PplAZMJh30ORsOTe1rzYVQGJOgsyDU6ai9VfhuBzzLnXsqSzl1NhoTsdySNAN7VpvEJoZmfDGMDLCsc0dmAdVCpcaWBBAII207qh8H0dhiUpmndPlAqySABQwsQMo7idRbf1U99I1HB7ea5za7aTS0nQmIGxv4KO6C8MjjwiThT1s4kDOTeyiRlCoLaA5ddzpyG8tjpciFrai1h3sdAPbankEKxosaCyRoEQb2A7zzNySTzJJqMxj5pcvKKxP75Gg9QrdTZlaG+5XNxNQVapeZi55bBNY4sq2OpJJY97E3J/l6qTkHI2IpeU0gxp8QkBxJk6psyFfmm4/Vb+R5UmSCeasPUfUdiKcGkXF9xeqFtlpa7iiyOxGUga2Gcd3O45G3d30EXS/ft5DakcSWjQupBVFJZHvsP1W5HuFEwPFYptFNm/UawPq5EeVKkB0HxTjTdkzNFt4Rp0zMkX67Zn/cXU+2ovpGuZo5O93Ve7Kvd5kk0+w+LRszK6mSVupgQHUKDYsQNgTc69wpt0mXL1CjYZwPUBrWasQ5pI+n4WqhmZVa02sfK/p3JOBdBTuIUhhxp7KdRiqUxCXUdcrVvgS/xfnhPdJWo1l/wJj+1+eE90lahSKv6yuvg/2GotYfhs8FrXePu5rryrcOVYg80hhcQMizGJhE0hIVSTYsTyNibX0van4W2ayxdJiSwTBvfhoqH8I/SAYmYQRG8WHuDv25TbOx7wLZR5E86pZp7xLBSYeVoplyyIQHW6ncAjUEgixvp30yrM9xJkrqUmBjA0f9U50Y4H6ZI/WSCLD4eF8RipyL9XGpAsov2nYkKq7kmrfg8JBny4Xo/jZliWI9c2KxonOdRJFKxiHVxsVZWACkVE9ClM+A4lgornETxYLEQxC15lwsrPLEovdmytmCi5OQ1asJ0swSyYZpJ8HNDDLwqcI68Ujnw8seHw8E0g6uMRyBRFmAYkEAjnYwrpl0d6MYdsfger62XA4uXGRWmYpNCyQv1mDmCEZXBOYEEZg21L/Cz0YwnD1w+I4ajRIMRiYZyssr2misY7F2YqdJNRtpUl8Hp6l8Gjlg2O4zicbhoyLXgTBTRekEHVQ7SWFwLhCRpU1xLhC8S/SOAs7Nh+O4DFWH0Y51ijci+wCidvVRKiFGcR6CcOh4LJM2H/APHQYDDTzMZsT2ZJVBN0z5b3vpbkKtXSafhPCY48NNh5erWMGNI5GNlLtoS8oJ1uee9RXGMWs+F6QyLsJ48PqduogjjbyGYMfXSnwqdPm4bjI8OMHh51fCpNmmDEgmSRSo0OgyA+s1CgiVE4bppwOR+zgsSI8kiSKyoQc1gLgTEFcucEeI0PJ1xXo90dw/D04icBPJh5HVR1M2JLLcsoZg0wAF1tvuRWXdLulhx08cww0MHVx9XkgDAN2y2bYa6gc60pOKNB0WwMoYi+IVG7IKsDPMCkinRlIFiDvQPqlwWSQLa24qR6PYvhkuDxfERBifR8LIyqkkjmUKIomdReUhgX1F250lwfpZwbGCTqcLilaNQ1pTYm5sCAJjcXIB8xS3QyWHD8Hx2IwUSyp1ss3ojBmVWEEWeI7krpexGg013qE6L/AAgtjXljHDsJCow7tJJEjBh2gFGi63J0HeL8qbTcc0eqVUp0zSLwBpqQrdicFhOHYdZMZGZ53APVg6A6AgAmwAJAubk39QYYnhOExuEmnwMbQTwBpJYSTZ+yWta5GtjZhzFj4LfCjGWeCYawGNhnHzc17qCeVwTbvt4VzoCpjw+MxLgiHqFAbk3VrIzkd4AIF9tSORrUJ6vrZMz7sucQDiPh8gyR6TM6o/FsHwvCQ4d5sNM5xEWcGKSXkqEk3kW184tbxqM45wbBy8P9PwKyRBJAkkUjMd5AhFiWswJBuDa32T3SXH4eHD4IYnCLiC2HOTMyjq7RxZgLg3vceymHSqRZeDwzYVepg60B8KqpZiZigHZ3tILjvvci9rVY53ym9zrNk6qxnzthtmyABcGOOiY9BOjmGniknxqgx9dDh4QXkQZyQpIKkXJd0UeKmq9x3ghhx74RBvPGsN8xGWYgpruQM1r79k1oHF+AMvD8NgkxMEDxFJpGlbVnUl7gAjTrTmv+yKjvhRwOYYfFpZi1sO7REkMTd4ilj+sHA1+kKtTrE1JnWYGw4KlXDBtGALtg23nVULjUUQRYRFAWnMrQxYr0wSzpESMzOjqsRZkYKtrXFibamtYXgkJZZEXrExBgXCQzuygNIHMpneOzMsWQg5QpbMjaaqZqXDO7yyAzOyF8NJjFSWfqjkOfCYNQT1sxUkNISFW5sRdXZvg2LNhwYmhEeKlwyQyXDRrNhFTD5iwF2ZklJawBbMQANBmquly6WHp5KYHMpLB+jqetiiiOaHEvBJCJ48xgAM8MkUjtY9X2lZTrcA3JIWO43jI5jCYnDayXGzLoLXHLnTrhGFeGPDrIjqyrx2Zo2UhghwixglSLgF0ddRuCKr78OmgaMsgBcHKpK30te45b1UOdkLdkurRpmoKhMOg+XBWHDpoKcolMcLxBNFkvG2mkgsD5NzHnapVF2PI7H8DzrVSg6Li1g5puFpnwLj+1+eF9z1ptZp8DX+K88L7pK0ustf8AcK7WCvQahWB4WXQVvleeYToK04Pce91zumjZkfX0VW+EjD/LxzgaSxBGP7UVl/y5Kp1avxnhgxeHMNwrBhJEx2DAEENYE2I5juHlWd8W4LPhWtLGQOTgEo3irbGl4mmWuJ2Wvo3EtqUQwn5ht5JTguEmus0BKsuJw8EUiSiNkmlDmMg7gfJtrpa29Xj9IcRkYh+G8KnxJSKU4lsHA0snXXIlsrCNyupYlezlJa1jVF4bxeTDoyIsZV5IZh1kasVeLMEkQnYjOwtsb6jSnQ6W4wKVEtgziS6IisrBY1urKARcRR3ANjl8TfOuip6CXicWMTirtFiJVadllllRkbJhpJD2VZSEKByoFgSpA2tUzwvpDxbD4qbiEUeCZ+IRRPLEes6tLYYTxADODnZBYDM2rZTYkCqM/SrFHMA0ahocRAUSGFV6uYAOgULYDsgi3zbC1qLB0oxkbBkmZWWPCxKyhbqkATq0XTQfJoSB84qL3oQrfw7E8UXDYjDRR4WYcTb0ifVjKpliimNjnVR2JUY/OCi9yLVYsD8KXGMRIsUMXDHeSTGogVcRlb0aISOwYy2IKk2PO1Z7wbpniYsRG7yN1YkjzrGqKUjEaxMsJA+TPVooFrDsLe9qc8QjxvD3jmVVjVpMXNBiQsPVsmKiABVVuigxi6gAEXNhpRCguAN1YumeL4nxbDRyY1cDBDC0MiMrSrf0iGN1z3ZwoCSIdcu5GpouNwvEzw1OGFcA8OGxiQJ1LyNK85kUmHOCYwQcSoJIUC++hqoY3pni8RFJFOYZFlJJLYeG6EgDMhABBsAB3WFrVJdHelOJnxkSSmNuv4pDimbqkDrJJLFneNgAUv1aaDu86EHSVa+iOO4rwyGSLBrwyWGSQzxzPLI6zOYnDRwyB1BKjCyXDAWtvZlvZcH8JeKtCMUmFhbEYY4pG7TIY+rZ73DmxsuqnUXGmtKnGssfVIIkhsy+jxwokOVg4ZDEBlKt1jkgg3JB3AtSemmI657CdM+HjxOWGR1yJ10CxGOMAAxDIikLcqCOVzTzh3NE2XP+Np1DlEj6j2Vc+j3HMbHAOr9GngYnIGlRgpIziBWU3BKkEIQSBppa1J8X4rjeIRBD1KQOmcLGxCyAKSQTqzFcpuoGhy3vcVmHAelWMjCmNYWWFIoTEsaq5VLhHFho4LMQw1LMSQ1SsHThVZcjARZJo7YiEMImkCZs3VkMyMEsSCSMgI5rVm1m/qLRPH14JT8PUH/zDiR2+Btp5q3cWxeJxixLKIAkAxaRunWAWiUFy17ki0ZtYAmzaUeDieLihOE6vDPHhJ4ZDnzkhzOJEIIcZgHIJ00W97WqCwnSKd2kw8mSJxECiQHNC0TKbSwNckEiR7kG5zm5uCA5HF51YsH1Z87jKtpG6sR3cEWfQbG+pJ3N61NGdlhae4rBUqdVVOYmdD2beid8ehxeMmM+Ijizo0eGIUqAlpGUWBJOXOT2r/SHKuz8WxsODTBJHh2yssqGUsQoEhkQB0cHMrRSdkAmy6UyHGZowp6wARZmUlFNgRJcHQ3W0ri2oFxbYWruI4tjcRiFXCgTIrSyBFSJg7Ph+pksLgn5NrWB3Ykaml1/kZBi2i04GKteWlx4k8khhuESHL1WDwJLvlULiOJKWBnEOexlFh1hAsbNztbWpDB8DxkzhWTDLAFgwRgDTSJIHkaVCescujBpSc11ZMwFhcgqcH4r1EXyjBSvXJJE2HkKRgT9a0bIQQCHsbm5F7Xqeh4tiSwKNooWyBVyjWPIxBJLEZI7MSSLDWkU6IcJkdkrRisc6k4sykXN41jcJD9FtGjmKKBFeNXmmSSV3dAAUDyTMXCkqAq2UMygWJAqndKf62Dym94qyy8ZQrkbEQkFYozeWItaF2ZAxJJuCzak7WGwFVzpQvysH7s32kWIpz8opkCNtO1YKZccQ1zg7R13dh0S8UYZbMARpcMAR9tFjwCrrEzxm+ym6+tTSsA0FOFFWDAQkmq5pIB99i0b4Fi//iw4TQ4SzJftaSakHatPrNvgd/xXnhfc9aTWKsIeV38GZoNKBrzxh1NhXoivFiY/EfRkn9TvV6Fbq5sk47BnEAQYifFavDfxqSwTsNAxAO5uQNNSx5WABJ8BWOrxPGDaTEe2Slv0ljiCC+JIZWUgmSxBBBBHPQmtJxjTsuc3ol7T+sLvS3jhxuLaUkmNfk4VN9I1Jyi3Im5Y+LGmmFMNu0R5MrE+oio+1AVhzEmSu91Yy5RbsSuIC5uzsbkDXTwpChUrwThZxEyx8mWRhbnlUmw8bi1REqXODRJ2Vy6M9DpJcFDikiwjs7Y8umJkcCSOyRxC1tGEiSkMCNxc2qI4zwbGiKOKbqRFBn6tUkTKC5uzEi9ybDc6AAC1XvhfSaGLCrhJWEM+GjWK2RwkiqLLIhIsSb6g6Frkb6U/jOOE8hHakGrfKg5dTsACbacwb91PIYGa34LnOxNTrIAtrMTZE4R8HzzIHfEIgZEYBY5HN2zdk7C4AU6E6OKmeFdAlw88cxxRYwyRyBFgIzFWBALFtBpvY6VX/wBO4hLKuKmVTdl1DXzdo+AuSdtNfM0Z+LY6/wDaJ9L7xxnbfXaoa6iNQffNRUfiTo4D7dx81oeLxOUE8+Q8TtWftH1eMm6x1vKjSM1zdW60EXGmp08LMDSLcQxhtfES6aj5KuDiGLuT17XIFycOt9Nrm17U1+IY6LEe+1ZKOHdTzfMDI/y/1SXHMUgcMsYBEoKMEI0U3IuTYjXnfeo70ZpRM8MTmMNfMB8250BG3MmwuR9tSr8Uxh09IJFjo0I5ixFiCLGkv0pjRoswAGwWKNbeoKADSC5jjc+A+63UnOYyBl5uP+qsnRPg8UMPWYyZIWjSX5MzBJCJBZRlANgTuSRqANzopNxHDRxZo5pJliRRJ2D1gOYJck2Daka3HOojDSSy4WeSVmZx1SXyfREisALAAn5xtyGt6jMPLlWU5sqnrVLAm4uyAEWF7Am+2ovVaeLLXkN008NUzEYBrqbXPMkmTGmux4cFc0xGEaNMQkojIxZMoheUKoKGwnDEsXbIxsjEAKbanRnDPg4MZBNFLHdI1ecksLsxUqY8x3Cqtrm2pJsdKp+FxEgw0qdhoziI3bMmbthZACDcEaFtCLajmBTPEOWmGbLe0Qsqi1goAFu+1vXVXPDxlPNOpYZ1Nwe0xwNvtdWTiGPVppQt7TCeMsSLZnzKkjEE2BvYmleP8faGRoVCAocNYlGzXCjOCwcDKCLgEa3HdeongcaucWrbNGwF+R60FT5gi/tpU8LkxJWSWfDow+RPXLNcsg0LZIze6kEMfbVqTerZDd1OLrjE1prR8oNo/lB9LphgI0nxADXSIteRY8+bKPnZS2axPrAvextarXxeGKe8kSupjZ5FBlaQZbAODmRcpsARYW0NNk4MuGhDnqncyKoljMtjmb5tmAG3hejofkZQN+ont5lNOVNazLY8JXOxGJzuBZpMTzulYNh5UutUtJcWo0aS37x/GlBi8aPpSa+Pqq7cS3cJLujiTZ7VvnwO/wCK88L7nrSax3+j5PM4xvXliQcFlzcria9vVathrPUdmcXLq4Zhp0g037F2vIGDhGUarz/V769f15Pw3DmVLyOyIM1pDicOmYXJBETgEki2gJNKJCtVpueIajQQC9yAfC9vcKkIIVFjl1BvrqDqdLeVh36UyXh0xXMuKMdlZlGKRYlcWuFVgWDMeQtrTDq8WxB9IANtLM6872Nl76dTeNgubWwrgfmeB3qWxXA4pdWJDH6YUBvIi/aH2+NMuJ8CjhwNgmfEDFEtMpY/IdWLErslm3J7xrREXHj/ABI9cjH3il8LLj4mz+kGwYk2nZSNLEg8rgkW9tWqCW2aVfDOcxwDqgLeF/Cyp7Dy/wBk1aOhOMZTIugVUaS5tcElVIv3EcvAU0k4BJmYhUYMxK2e1rm9u7bSk14HiF+ara75ZV1Hj4UtmazgtWJdSe11NzgNtvuprjHFomWzduxOhuRfuJG3dyqAnnT+4MqkjUK1w2mptcEDfTWlP0JMP7qW1+WU+3vqa41gepSOKDCsZEiV555EDGR3AYqADZQo001JHrI7O65SqLKNIQx081VGlIspLZRbl43JAOxqS4ZxBY9LkgkkoV3JNgAb2HLWwpVYGkUMEezDQrhVIOupBL663pJOENe9px/8VfsBeqgFPeabxldHYpqDEq26Ze+7oNr3sL3Plz76kxwtj2gkjDQg9W5GouNbbVVV4Pf53pIH/pV7/wDzKu2H6TToqIj4oJHHHHGnUtZVRQAL5iTYAbmnsJ/uXLr02CCw9tj6pg+BAHbKp823WLILgk2IGUkgkHUdxpLAwLOxTD5Z2UFmWGCZioBALEFQbXIF/EUvxniEmIJdnYv1SRKXhnWyhmJBsG07R11Op2pl0VmkwkkkiyIDJGUOVJm3kDG4MdtwKiSXRCltIdW4kmduKufC+DS+gyxlnw59IDEGPI1lykgo2lm2uN7bEXBofBSsZZ5WSNJEm6vPIt/6wEgBbmwyka72tzq0N0nnVZWujyZI0iDYfFHOGJEgOTKq2FiCRc3NUbiOEdlULFJdc9yUcDVjY2I0FvE7jakuaGPlo57cl0KDW1KBbUdba8Hn9UrwzBvJHMkUZdnkQqUZCMoJJ0uCdxry9dLfox4X6+VhEhyJcgOyMCNMq3vsQLjY0n0eJw00byIxCEk5Y3bQkX2HcTzpXj7rLGVjDk9a73aGUaG1rG2+hves4zirEW9/VbKlQPpgB3jdMOBY+ONps5y9YLIMpNznvY92laNhOAiaJJJQqGISwtnJVg0TG0cgtfQm3fY91ZIMM4NyrDUbq3f3Wq3Y7pOxmeRJZGSSWWUqwkj7Tm79hbrvzvrauhSqBtnLmYvDZ3ZqevbawhWHpVEi4ePK6OxkVnZM1tXQC5IFybE3tzqHwsTOroqsS8boqi5JJW1gBqSb7Co3i3SnrF6tIyQCtnJ+dla4IUg2B00JNNMF0mlidXRVJjYFQ8d8xFgC4v366c6l9RpqTtELNTwVbq7gAzPkpE8CmG8E/wD05Pw0pKbhTILskig6XdXUeVyAL06//I2ODXywhdewuHjXlYHNYnx35UjL8IXEWJ+UsrAAosMFtrHUxnf+dJhi1ChW3IWo/AJDk9N31OCOp/ZkrXLVkfwC8UbE+mF4oUKegreGLq8+k3acDQmwGwFa5VNNFupNIYA5drxEI2IuFNu+x99e3a8SpNZcuUXN+1dufhe32UK6LFIyEFSQeRHnuDTpcfMT2ZHHdeS32kilMORYBiAQpHLYm/Pn5U5VI+eS/eQv4VEpL3tGrUlBicU2iy7d86KPO5YClUxmKUn5WRja3YfMuoIsWGh05C9LqidyfwL+FLLLyzGwtYLb3VaTxWc1m7MHcmWH68pkzuoW5VgzcxohA1INvVXJcDirXLkrblKW9RsTrUmMUB9J+fIV1cQL3SR1OxaM5SbjmNj66IjdHxTjqOcT3qLXC4rS0rC+wzy/hVkxkGJxOHjkjeUS4eJY54BJIGlCkhJoxzBBsx7wee8e+KlOhxL25WjjB/iGt/GuRTtGwdHbrBftlmLHvBJ3B7tqDOyBX/lysfWEygwvEEAVDMqjZVlIA56ANpSoHEte3N3G83frzapI4hJdTeNzvqcjeOmopSThsoXMEzpp2kfN7jVmuBFj4pb6jxdzWxxhQ1uIj6U3/U/1pFo+IHc4g/8AuN+NTpw7pF10nYjNgDcDysD5cu6iniUfVBUzMzEF5G5AbBRzNWJA3KqKj9QxvcoYDiAFr4i3dmc+Pqrjen3v8t9tSCy32vexJIv6iaMJmAuMx32zfzqARxKOuP8ABvcosyY/vn1t+vROuxgOvXad6k/yqVGJbnnv4+/auNiO9h4Xt/u9VkcSpFb/AAaon0nGd82u/ZajjFY0c5tP2W9u1SKux+mf4v8ASjnMOfr/AJ3oBJUms3+DVGrxPG/rT/wmu+nY463m/hYfyp405vbMNr/9yKHXE+zxNGc8SjrB/Bvd+Ey9Kxx+nN/ER/OiK+NN7PL4/KEe3Wn5kJ7x5f61xZDbmfO1RnUirGjW9yZCPGn6cv8A1v8A7UVsNjObSeub8Wp+0vgPaa4JMo7hroP9aMwVviH8B3flar/R3ikUY7rDck4G12Dcpr7E94rZLVkXwASZvTd9GwW/7sla9UStjCS0ErteJIMn0s3kK9tV4eoV1KDIbAKD5/jTiJVP0QKh43Kmn0OLFtaqQkvYYgSpFB3ADx0pRFIOo05EU1TEKdj9tLLJbnQsb2uGqM6ZvnEeFHERUaWNu6k1lub228q5JjUXc2/34VNlXK/QI7Zm5Ci9WQNVrqTqTvv/ADpTr17zQIUHMLR5psxW/wA03PdegI7fN6xe/K5X7BpSkrqedIZyPpVBTmF2ose1S0ytPh4xct1BIysb28SDztUTLiLGxTUWGm/srmaUHMjgHutofA7g0rgpZGkXOqHXcVGgTAybk/8AVNYPAxonWyta+gBPhsO+oifHo7lUzWF9fLyrnF5DJJlLGyj5oNM+qANgAD7/ADqBJvPZ+VbJTa2NTx+ycmTx+37KL1g8P9+dI5bHauso7qsqZAEdp9rWodZc629p+wcqTbL3UXs9woVg0cE4aYbaDUbWB0NcGIudLn201YjmNBzoolB0BNEKeqBT4y+B9tFzgnmKRRLd9GK6UKmQBEixJZrWIHeSdPE8qXd2+jlv+1Sdr0UqKFYhpIWzf0eJWb04Na4bA7barLt7K2SsZ/o6j+3/AL2A/wAstbNarBaW2Fl2vDte4q8O0KyFdBrlChCMGtSxxbd9IGuUKIT18axAG3jpXEjQ7tc00rgFEKMsaKSWwGjbba0TrTz122tTZbWrsbgHX3GohRlTiaQMOYpqJSOZ9tGeUHl30nmHdUqQIRzMTzNL4TFlGB3sQT/PemlctRZTlBVjx8CzKJEbXkR7jzGvsqElLgjNe45+vvG9JxTsnzSRen2DxAN+sv3g208aroltZkEdyShbNuxHhSzsBoG18/HxpJ8jHsm3+97U1n33v41OqsWSl2nPf391FXEG+p+ym1CphTlCfekAjU29tIdaL3FI1wGgBTEJ4uLpXrLjemCvajpORUQq5Ec4h1Nr+0UT0lu+hJLfekqkK0LdP6Nj3GPJ78B7p622sR/o0/Nx372A909bdQpQrDvi+fWX3L86txoUIWHfF9+svuX51D4vn1l9x/OrcaFCFh3xfPrL7j+dQ+L59Zfcvzq3GhQhYd8X36y+4/nUPi+fWX3H86txoUIWHfF8+svuP51D4vn1l9x/OrcaFCFh3xffrL7j+dQ+L59Zfcfzq3GhQhYd8Xz6y+4/nUPi+/WX3H86txoUIWHfF++svuP51LyfAOSLfpLT/wBCP5S1tVChRCw74vn1l9x/OofF8+svuP51bjQoUrDvi+fWX3H86h8Xz6y+5fnVuNChCw74vv1l9y/OofF8+svuP51bjQoQsO+L59ZfcfzqHxfPrL7l+dW40KELDvi+fWX3L86h8Xz6y+4/nVuNChCo/wAGvQH9DCcek9f6QcOf6jqsnVh/22vfP4WtV4oUKEL/2Q=='),
(36, 'Hybrid Theory', 4, 'data:image/jpeg;base64,/9j/4AAQSkZJRgABAQAAAQABAAD/2wCEAAoHCBQVFBcVFRUXFxcZGiMaGRoaHB0dIh0aICIgISAdGhoaISwjGiArIRodJDYkKi0vMzMzHSI4PjgyPSwyMy8BCwsLDw4PHRISHTIgICkyMjIyMjIyMjIyMjIyMjIyMjIzMjIyMjIyMjIyMjIyMjIyMjIyMjIyMjIyMjIyMjIzMv/AABEIAOEA4QMBIgACEQEDEQH/xAAbAAABBQEBAAAAAAAAAAAAAAAFAgMEBgcAAf/EAEQQAAIBAgQDBQUFBQcDBAMAAAECEQADBBIhMQVBUQYTImFxMoGRobEHQlLB8BQjgtHhJGJyc5Ky8RUzU0NjosIWJdL/xAAZAQEBAQEBAQAAAAAAAAAAAAABAAIDBAX/xAAhEQEBAQACAwEAAwEBAAAAAAAAARECIQMxQRIEUXEyYf/aAAwDAQACEQMRAD8Akvh3a4hkZAB7QzAaNJMnXYakH5aiMfxbI2TOzqAQMoCAswMbH2Zyj3+lErt+4WBmQVXYcxmkSSTzHOneHcLUXEuumaRLSB4SNRo866CCKxnWlAw2IvKym7KqzAHc+FR4s2Uxn1VZIO1WrCYcMmuqtb8QMka/d+lNre8QAURJ2HXxa+8gmn7DNJjQdBpWdKdhkACzCAACOQ8galsg5EEdRQgIdzS0DAaEielIT8RhxkYDTNv+fyqJZs6uGBEgkD3a8qWj3JAMkc9KIlNtjpUgjG8OW5bVGnxWmWekhTIPURNUnAK129edSEKqiQAPDcUEOviUkDwjbetM7sZRpsNPLqKoXGMEuZmFsq7o5ud2qk6ZfFJZZccjrudKZSZS1lv3FOs2d9Ns77wAJ8VCVvC1bwrGct9bAgcrqm2QT/iSdf8A2xVmwOHABlMrAwfCBvBgQW01Bid5p02FhRlECIECBG0DlSgfit0my5e5bEKWKiVOgmJFzX3gjyo1ZuKyhlIZTqCDII6gjeoqtbSEyt01RtpAkmIiSNanJbjYUIljAqvcV4/atnuw0sdNPOhXbLtFlJs2zr94jlVFVyWzEkneTWe69PDhJZr3HXCzux5saYrjXAVqC90c7NYHPcBjQVp+DtZRVa7H4BlQErv1/XpVwROVc53da89zJPhD7TUHGe17hRLIahY+34vhW3mLwjBUJOwMn4Ck28ajk5TMc/5Upbc2nHr9KFcFtN4weRgfBSfmTWpOhb2Y7QXiLbgAan6EVIUl0sE7llJ+FQ+0Nlisid4j1IonatlUtcwpWT6UfELX7U229D9Kg8PxTE93kEBd56UZYDIdtRUHB4aLkx900FG/a7n/AIT/AKhXUU7rzr2pEYbC82loUxPI/E/Wqb2f4biMVZF79qu28xP7stcIV1OpXxiFO0EECSNYq/YVdKE8Qwa4XB3u5BQJbuXFli0NlLTLEncVSg/htW3nQ7fn1gaVOw9vU89Kw/A8VvtiLZN65rcXMA7AGWAIgGIjSK13tFd/seLZGhlttBU6g6cxsarMq0aW3JqbZt8okVhHZbil5sbhla9cKm9bBBdzOo3GaDPOjf2j4+8nEHW3duovdocquy7jkFI1JArWDWyW4gqfdS+6PnWdY7ijpwiz+8bvbmGZw2Y5oRQS2beZZBPnQz7KOK3rvEHD3HKdyxyF3ZRDWxIFxm11OszqfSjE0zjd1rdvSAWbKNSOROnU6RFAb9hnur7X/aLQpiGYrHMAxB3rFsTxjFZrn9ovGGMfvLmmp19qP+atf2lcYui9atpcdGS3LlGKyWMAHKdYCk/xU4mjrhDlOjTOx1I25yZ67869bCHw+E7fPSqj2Os3P+lYy+925Ny3cKMzsxVLaMAwk6HNn2/CKpfBcXedrTtjHEXUXuy1wsRmXUxoQcxEmem1WLWtnDEvEg6x7Q0129gTttJp/HYMi2xBIIEgjqNff6VQ/tIxV23joS66juM8K5XZrhmD4SYERzj0org+KlOC2s7u1y6l9c2aWhFvuWDHWQLYAPmKLDKym+zXLjGCWZifiaJ3eCNbw7X2ZSCVRApmS3nz0VqKfZZYzY5Q2oNp2+ERv50b+01GU2bPhJd83hGUeEADQkx7Z50WY9HDntyTugfBuy4u2TcO+UmKtfD+xFhcrFZMT1+Rqk4DFXEFxC7KozCc5GXceEayxICjTny3o/xbiGIw95Ie7bVvFbbxQUgCY1BXbkfvbyKz+LfdXPz3epjQcJwsKAAABTwwnjOnIfnQ3B8dD8PXEXYRiQj6aZs0AwCNDoSNI1FVKzx1nXEXO8bKAMrksBq6jSNJMHbz8ydTi4Xla0H9lofxPCkyF0MCD50nsDizdw7ZizFLkSxmQyI4MknTxzWZcT4pc7+6FuXNHdQA7E+0VGVZ3k6AdOdWDWoYCwxtNnUKZjQyDoNRUfAYQKzab6/QflWc47iWJt3gBcvIXS21vxsoMqgzQxyRoZnzMirpguKG/wAKxF5yVu2w1typgyuU5gy6CVYajSZjStTqCn+JYUH0DT86IYdAVA3EbRpWV8M4tcN60Hd2AYAgMTmA1BImCeX8ImTrUnivaBxiHe2xyAwFJYABfCZCtrJBO4OtGLVy41gb9tLl1bxW2kuUBMlR91SdAT18/KifArpbC2r1yMzoCY212g86XhLHe4JLV1mLXLf7wmZ8WpWfKYnyohYsoqKiyQggZiWPvZtSfM1nSh9434RXU7kX+9/qb+ddSiMHiCw8MTOs6ac40pntM+XC4gjfubkH+BqVwrC5QNSfdSe0Z/smKMf+jc/2NR9TEeF6XrXQ3EgnyYfr3eVaj2kvEWMYoMKbbGPhWT4AkXbZG4dY/wBQrTOMXy2GxBYGTaOpPPmNP1rXS+wpHZJ4x2FP/vW/9wo59qDTj7jaaW7Y3E7HYbkabjQaTyoD2VWMbhdQZvJtuPF8KNfaYB/1BwSAO7TUjNy/R91QJu8W71UtqfDY4cU/jIDN9VH8NEPsbaMc/L+zvr/Hbqr9n7TEYlhqFwzk84BKqPiTtVk+xs/29/8AIb/fbqqUrERLiJOYmddgTPlqT/8AHlrRPtLee/jr5AJJusijXkcij5D40JxQ8T6/eb60Q46WTHXzJRhfcyNx4yQ3nvNKbhjcEMPwu7aWP3WEuLsDJFtpJGxkyffWFcGY99Z0kd8k+uYdP+K3biWPF3hl2+v/AKmEe4PIm2THuOlYLwo/2iz/AJtv/cKzCvf2pui41e8RnU2FAg5dQbmoaDsWU/DQzQe3xAPbw1kSRawuKaQfvumIYhl1k5QnPSTvRj7Vrp/bVWRBsKSp8muaroQG5T+VVXgllne6QDK2cS76QAvdOoiP7zRECNOujPQHfsnP/wCwjabTnpG3LbnRftgTf4rZt7hEU/ElvploN9lrM3EQWJZmtOSSTOsbk79ffRzhuW9xfEv+B8i/wAJ/9a5+T09P8ad7fii420e+dNBmuMBoTHiPLy1B6airn9o91HGFC3EzW7UOBJIIyiJXnv4d4E1ROL3D394HYXX5beIzrv8AOtAxv2fYjEXe9F20lt4YaMzQYPiUgAnT8UaDzrbz0Ox19RwWygOlzEtPnlRj7vFAoPgc/wCx4gwSBdsgakgmLvImN0G2s0e+0XAJhbODwtsHLbW4xkA5mdkBY6EDUvHTSNqF4DE2/wDpF9WaHe+ot2wTmYJkLZZnbvZNMS6fZPiFZsTbTUDu33GphlYgKqhV8CwImN6zDjLRibwDQe9uEHxeFhcaAYGp00I5sNRrF0+x7iCftroEKl7TSc0ghTbKiDrIhzM65hoKo/Gb0YnEjUg3bgjrLmJ9NxM6jaj6hntVjkuG0nea2rKz4NMzBIUyddJOYA7gRuRYezllhwLGuwgOWKn8QVbayJP4lYeoqrdq8E1lrF1WnvrSPH4WVUGny19avHDuNXMXwLFNc1e2Gt5tBmUBGUkAAAgNHumn4mb8KvZL1u4NkY6nrBIqX2bstiMVZtGCGYF55osu0xvIBE+dC8E83VzCd9IA+6RoBp0O1TuyeLNnG2HGwcK0H7rSrH0AJPuqDenGg05jp+VcUiTzry8pGXXmKSzNl5/CubQdD/iH+mvKcj9aV1Ke4V/D05fr4U1xsKcLfVpg2rgMRPsEGJMT796VZvqdjrMQeX6FD8Njkxa3bcELLW3O3KGEjWYYxUmUfseHRgVa82VhuiDbX8dW9cWl6xfVhcRRaktCnQxOUZtSJFEsb2TwxZRlY6ZR4yCABpIUDpvUuz2bw1s3LYDRcthbksdQNgvStbBijdl8Nhf2vDlXvyLyZcyW8uaZAJFyRJHKjvbvBYR8ewu3b1t+6TKERXDNHhUeKQT1IAHWj2B7KYS1cS4qvnRgwJcnVTI0O40FSOLdnsJibhu3Vc3CAJVyui7CBVqxWuA8Lw6cNxt1Wu5LsWizqkgJqSmViCCWHP7tL+zTDYe3jH7q5cZjZb21QKVzpJDKxO8Dbr0qxY7A2bWDGGVSLUkRmM+Ilj4jrvSODcGsYY95bD58hTxOzAKSGMA7agGrVjNbmAwWdg16+OZK20cAnlo8yJAI3FWHt9wiwuKa7ca8ouBCSi2yoYrl+84bXuyTp1qwv2QwTZpR/EIPjO0zoYlfdy02qfxbhVjEsjXULFFKqZiAY+em/KrVhngItHht/CrcZhbt3ELNkUhLiFwR4ssQ8gkgdYg1n+F4ThLd61Ny+DnUqGS3+LScrnKCwK9fKNa0HB8Jsot1FNwi7b7t8zsfDDDQnY+NtfOmcB2fw9tldFeUMrLk8/PWNBp5VJA+0Thtl8Ql27duW4ti2CqoR7THUswjc/DzFReyvCcOmGx13PcKmw9osRbJVSmZ8mRyCYynUjly1qw8T4XaxFxWuhmIERmMQGDarsdQNxUgYO0tt7IQLbuZsygAA5xDQAIFKVLsPhbGHxecG7mW05Iui2hyRJJUOXHkSuo8qLfZlgZS5iXHjuuSDyiTMe+ah8d4Rh8NZxGItoyu1s2gAdALkJlVdgINWPg02cPbtos5FVYmOmZpjfc+dY5Ta6ceX542f2yzieGwhvXWZ7wJuXMwCoMpDH8TAamQNZ0O1bzgoFu3GvgXfTSBvVNudmsEbned2Q0kyGYancx1MmrDaxQChRsAAPQaU2sYp/2g2LFzGWzcu3bbJbATu0WAzMxz586kEe1H9wdajYbsTZbBJet4p1S21xw2VATnCKzTnhYVR5++KuF3s5hsS73rqEyAGIMExAABiRpoYOoMVPThVlcO2EVSLRkEAydWzZVbeZMz/SbRjO+xnDMLZx1l0vXS8soVkC51YMqtAacpEttpl1jWKtxjBYdsXdUPdnvLhbwKNSx0Gsk5tNfLka17D9jsIly3cAuNctsrLLloZIj19kaeUnWTQbiXYTBG5cZlcl2znxnQkkn5k1asVztVhsM9vBm9cvKRaUJlRTIIUlnLMApABJk/mQS7LYbDnhOOS291rZchiVXNJW3oiqxDcomKs6dl8Pftr3neRbQ2lCuVm2Qsq0e1sD6gHepnDOy+FsWLuHtq4t3TLy5JJ02PL2RVPSYvw/h9jv0Vbl3PmgK6BSG1lWEyIIIPnUS5gsKCyu94QSPCls7bffBjzirzxPs/hrTm5ZFzvFeQzOxkloJM77nXzpCdm8JdhnZmaOTn5CYFOpdeEYgX8PZuAnVQdYBmIJIBIHXepV1XGsgqZmTt0gRr8R76G8FwtrDYcpbDFUzPlLZvMgE9SJ99PYDii37IuqsAlhEzsxAPLeJrJIz/AKivKj/tS/qK8qT3AkloMRMjzHn1IAj31VrXC+IWrlxbJthWuF5YySWO8FTA2FWXCIoKiS0LE8zA3MbnTbzovhrQGumtWrAO47xbLGGB10J8Ua/Pl50uyxzE9Vj50bfefyFcltWnMmbTlvv8fdRKgouetNtiI21NGr/DFfmywIAB+fmNfWhOJwLWztI/ENq2AnjTt3Yn8Q+hqb3kKPNR8YofxozbH+L8jRG2AVX0H0oMP94a8Nyk0i4aC9tuYpNzFLbTM7hFG5YgD4mlLoKoim7xDFoxRv2VHkSIUqOZJ9otA01gGKlIt1zjlhbgR7ioxUEZpUEHYhmEH41OdyYI11mgvazh63cNcJAzW1LoeYK6kehAI+HSqt2R7Siz+6vMe7PstvkPQxrlPyNR/OzpbO0TF2w9r8d5SR1W2C5+gowjmKAm8t3G2iviS3Ya6G87pCj/AOImjsVKlM5paMWIA500RpRHh2HOtyNoygicxPL0/p70CwaAqLoANCfurzdvM8vXzpxNIgR0B5DqxHsz8TtpFMKkAn2mPiPmeTeajkOe45VLtIIMSZOp6nz6H/ioHUEbRy1208o2HlQbjFwi4TGmWd/yijA9/wCvSgPH76o5k6ldh6UUp/BHY2ySI8WmvKB6GahcUxzFiinwjQxzPOffXvZjFM6sDAg8vcNZoe7knWNCdRzkzr1pgVrHl2uZRIWSTpuQdtOX86n20UZAFA1EwN6U7jOw5jX4k86UzQbZn74oTzieAx7M/wCz3bVu0VACOJzH7wY5CVBE7GfTep2CwvcYVbbFMwHIzuSYBIBaBzgTE0riOONu0WBAg6yB7M670C4ji2uA3LZMaEaDQAdaZNG4cyn9RXVC/aT0+ddTi0cwjurqr5QpJygGdh8+Z99GFvwV2jlQFWBdWOaV1G0ajaJ3ipP7TOXoJP0rJFncNBnfXapWDPjiB7Mz11E/l8aGYDYTzJjWdOXvgfWiuCteLQwcvL1G9H1JTGOQOu23vHnrSXYaz89Pef5jQ0+1toMRv0/rUK+lw6C0GHXMFA6GNT56a10Ct9oeEl1GRo19mNNASYjXzjXTUSNlraZQoI+6COYI6gjQj0qbxHDs4VVN1WGozQM3LdTmCgkHkeczUjDqSQmQlFSCjRJI2CmYb5HbWKKYGBa57MkUbscJV1lCdT7JO3QBuvkfiaYt4RgfFMzqCIihBgwvwqrdmcSbVy5gWBJtMSjb/uyQQG6HxD4+VaOuDrPe2WCfC3L2JtYtEe4VJslUztAC+EtJMCTEUNcZvQ9j0K22ICExs5yr55jB0is14wbDvkRu+vXGVe8UZLa6wFtovtRtJmhWP4rfvf8AduvcA2BOn+kaVO7H4bvMbZBEhW7w+iAvr/pFTpOOCt/tD+y4vEZbYf2Lay0BRbERoDOtFeA8adlW7iboUXX7uzaVdzIBbQFjqQNT16is/wAXeL3Hc/fYt/qJP50e7EW+8x2HU7JmI57KzCB6xSvzMrUO6O1WBLJJ2gAQPIczHU7R008w0toBxIMeQ1HmPOitt00UMNdQOZjy0iP5VOJpLZH18/Kep0k+gGwr1Om55j6Hy2/UU85ImQB5/wA/P5VExOJFpZ1JJ08z69KkkEdfQx+pqjY5TcuMxOkST0H65VZkS7cI7wlFOwECfL/monEcGmbLHhAGgkSep6mik32UYRcPLQ69POhucgk1L4Tilt95AzKW0E9Np8qiLTPQoXecgtqZ+PM/0qBfg3A6OVKmRAmYGxHMloHoKmvGdjzk0lbsNMVIL4qrXTNx/EohECHXMdCDMQdDPu5U+S1u33aq0HSWKCdDtDdYMUvFgBSRptBgdaZtYkRopYnc/wBTrToM93c6NXU7mP4D8a6rVic2IGsMAKesXwRuP6UIUHqIny/UU4JjejBqy8IuSx5qY0/Pfaef86suAEO0/h+Oo1rPLWIdBo7DLJEDY+nP0q18G4klzwucrxvyLT92dvQ9aM7MqzveADGNhMUNuOtyS6tAnQJJA11LN5dAKXicXAZSPEFLDLrI6idx8f5i3x73AUCkSJ01nTmu+01qLSzdGhKgIdpytAkZcwIJHIb1NDuX0UbRlJkEwGkSNIHTTXnUThOCQDO2V50ExAOoMbnz360Tw2ByvnGnlMjWJy/h2GgpR7CXCdfZMEk+0NI+994QRuAd+lO23NwHwgH7pJ3AnWYn3Gn0wymNxGke+YPXXWaqnbrtN+yI1tUe21xf3d7JnTPuVeGDBokzB3nWCKLTJtxJv8dFu/btXDbC3cy27gJI71CJQ8gSGEeYI6Vn3a/ga4v+1YG3mUZxeCwCHU6kyZYnXQcoqh9+2UpmOQtnKzpm1E684JE1rH2R2bi4e6zpFt7gZGP39IaB0EDXnJ6Vmu+TjNZCKsfZTwJjb8x3eGZVP9+4Qi/nUTjOFD426lhPC111tqOcMdFnz2HoKn9pOALhEt6sXuAZhI8OxIIG+vu0ovKenTjx2VWRV3+ynh5uYxrn3bVsz/ifQD4BvhVLtKpYBmyqSAWgnKOZgamN4rbeynZ5sLhD+zXbVy7dIud4yMUdY8KjKwKiOesSdNaWOVyDPGuIWcMguXnyIWCTE6tMecbn0BqaltZS5vGsqdx+YrKOIdluL37p7xUuK1zvWOdRbLQFgiQ0ZQFiNB6mtRwFq6ti2t3uxcCwwtAhBGwQHUACB7qXHlxk+irXQQSoJ89tfOagYXCBWZ28T7z0PRRyqDdx5tXFQMJuSEUzDMNYH96NY8j0ovhEbKATmbmepqZJRZEsoB6chr8Kr/aHFBXKj2io9w60Qx/FIlbZ1/F/KqnxFj3nUkTJrNJ7BHwN6n6ClI+lN4AQjx+I/MCnErUZoXeUTcY6RJk9Ad6GcSuDurgDAkDUA67ii9xiGaOp+cignEkYW7kjQZjmnfMRAjfn8hVCi3MDbFuQ7hsoPtE+1sY9fpTmAxhNsA6kGJ6jl76au8OulNHkEAQAJyrqvnzOlTuC2FK5hqsAA+YJB09dffWg970/hrqLRXUEHRDz504E+tNIxnYb6fr404yP1+RpYLkD4/X/AJqXhQHJUnlqP+fKoaJJEmpGFteIkEyRHzoK4ftiW0i2GdQ2UZ9DtMgjl86j2Vt58wJRuTbj+IRv5ivAB3QE655j+GmGGhrOtYm4XEXEYgKHWJDJ4oM7leRM+VE7fElBEhttuXvB1qrW21nXTpRS3iWIGZiR56/WlLZhsWrqSOQ2qrds8dhltd3jMwt3TlzBSwVtwZGqsNwY5GonaLjX7NYnuXu55XKAQoEeIuwEqIrJTx2/3d20pPc3SSbbS4XUEFS2oIga0Wuvj8ds/VDLqgMwU5lBIB2kToY8xV97D9qWRbOFuMqWs9wd4xiFKkqoJMA5zuesVns1deJ9n1ThVu8CC+cO5HRxET5StFdZl3WlWOzGGFi1byK/dHOjt7WYnMWkRqTrWdfaRxHCXbimyFa4Z7y4JBlfDDddvlV+7CcSF3BWZPjVe7OupyeGfhFZ19puCt28ZKCDcXO4HXr6nnR1sHDZbqnVqv2VcW/cvadicj+EdFYT8JBrKqfw+KuWwwR2TMIbKSJHurVl+NZLLK1Hg/apV4rfsg5rN91AI1i6qKpYeRykH0WrV2i4+mEa2bgPdvbuwRv3iBWVR/iGceoFYn2XxyWMVbvXASiEtAEknKQAJ8yKm9se1L464pK93bSQiTO+7MebHQeUVMXxzZfi+9vccf2NbttMwZrbqxMFNmR185gb8zVuS9euG2xXKhIML+fOsk4PiHx4wmAgpat+K40klgPoNYA138q2Nf3YlRKDdZ9nzU8x5/oUvbHk4/mSK6aHY4eL3Vcr+Dt3Bm2PUfn1NVLj2CdC+p20Ijpt5UVzN4A+C5/iP0FLs17hVGRvMn6CvbKRWp6ZoPj3IFyP73u3odjGNwG2uYTbPtKyicyRuNee3Wi+JtTnHWRTIszcVidACp95XX5UExZYi4VnQW0085YE/IfCk8JwrWwVJ0kkCdAJ320JnWpdzDZb1wgyICj+EsZn+Km3dlYNusR5/rSrUlV1I7wdRXVJBA69a9aOhIrzpqAo9rSPnMAU94ddqWTJP4QB8Py1qXw3MT08PTzFQRiUnLnWekj6VK4dfXP7XLz6ipD6HSku4MjMP725ieemtN4e9IMciRXX20rP1onDoNRMjrt7+tKxWdUJt6EannpziaRgz9KZ4ljQoyalmHwHU1oIHbPjNxsIyIIViAx55JiNucj51VuyWIUuthiiK753ZolgBC21kHcn4Va8TwovbZLhdA4OhGnMg6+lVuz2eu2Lq3EC3DbOZVbSSNRI6g6/w0co9Xi5T85uLHjOwuHdYtyjdRr8R0pjFouD4bcwt8qWYEW8snM2bMDBHhg+vzikYPj2It2WxeIJYE5bdpYUcxmYbxIIHpUPgvFG4hjrSXrVu5byuMh+6pXVp5kaflrrWf8ADlnu7Iros4vBYi2GV7VwEFQdmDRMfdYGYPwNEvtGxXeY0/3Lar74zf8A2q/cZw1zB4O5kH7Stsk2i8F8OCpAKkgm5lJ8iFPOKxzFYl7jl7jFmO7Hc8tac7PHlLxM11dXlKe0d4P2WxGJQPaAKzBM7etA4MTVn7J9rmwQKZDcRmkiQI0g5dDrzo5bnTXHJ7mtM7H9lkwa5jBuEeJz7tBOwmrQ4g6adPLyI/CfrUC7jRew1u6uzwemhkwZ9PlSsJjlIFtiZOg03P8AOrjMjzeTleXLs4qlZKmDzHQz/t89vrUDiF1S5DDLpz/nyohhrjOASNNTKkH3/wBBNDeK2gWI5QPT+npuPSmsQ1gMOl22SsA5jlaIDaDQjl5HnUE2iGIIgzBnl60W4S4FtkIlAcsREaCB/Ll0M6VNvYRbgGY67K//ANW60wVS8SkO2uzH360Av4i5cvmyrZFiSwHiMbwT56e41YeIYdkdlYagn0Ou/pQBuFNCMj5Lw1YySPEZbQ8pJ9akcs27lu/at94zJdJBLCSp0AMjqWUV4LpW5dV3JUEBBAnNMELG+unuqPdxN1HUXcgJUi267ZwVZcw3GqinsFaLX2dgJRdYP/q3CXYx6NAPQmpHs7/+O7/8P/7rqIzXULFXuYidZMbH6RpQ65xREMNbueQ8P86VZxTZnzK8AgCBPIHUDU01iL4uPbiI1BBHTUAjSNa2yXhMULjZkUgA895AnlI51Y+D3AX13gz8armAQr7UKc2sdD8/rU63j1tvIBYSFJEwJIG8a71JdMIujEfiP6+FO3zpTWFYwfCam4bBtdltQsxPXyXr+VZwmMHbLGFBJI0AqZiLCW2VriK7rAUBZGum8GSTPUnkKLYK0tsZbYBfmd/gTvvqToPlXj2xBJkzMRMmd8s6x1bc+Q0OkruHe5cc5zCqcsmIAU8z9TJ39KJXuF24LOxQQdyBMjUlT7O/r11pa4MpEQvMRHIch7+c+kkk9kmYUzBBPOOYJOp30qSgdp+zTs6m2dWGx0BHIgDb0qP2fwKYJ+/xUiCBaZZPiIaZHMRp76veKLW0fwmFUlAAJBgzAOyRBj15QKrvErJfAXFdYIUsJ5QZB9YrHLj078PLbZL/AIEdou0j3sMlwDu3Z3tsySM9rkGE6/lrESao80Z4z4LOHt7eA3CPN9dfdUDhvD3vvkSJ86OPU2u3P3JEQmnrbKAZ1PSrlhOwhMZ7hidYG48pq08I4dh8ITbRoLjNldgZj7yg+6Yq3ROc49zusgZpr2zaLsqjmQK2XiPB8NdU95aQ6e0BBHvFZ9xtbeFdO5WHiQx1BXbnudPnTbcHHlOXLtce0eGxD4K1bslyVjRDGoIIYHlBBE+Y2ANGuFd5mw4uRn8OeNs8CY8pmmeG4wXLaONioIipmEP7636j608fUefyf9XRTg+JAHdkwZ8Pn/Wu4n7RPlv6frnQlWgyNwZFTMXjxnXMIzKDPLnpWaE7AJFszESdY2BjRhzH686fClZgf4genXzHnuOc8kcKQBWI+88np7KjToNKf7uBzga/4fTy8uVagoBj7S3Jnqcp6Gdj1Hn/AM1UMfhrlq93gQv4cjqIkRqGE71csUhDsRvJkcjrt0B+Xxodj0zCQDpzjbqp+vlQVUdbl65bJtm3btnN44lm5QBtFFbQpZt15aFQKiupUV1SUW2DNyCPaH0FRWshLy6zmVjA0ho+BFdg8TluOGMZz4dNyNI09BTWIznEKYOVTlUkeX/NbZSwWBnn50b7M2jlU76T8TUMYQXCUB1HtGdgQOmtWfshw5FXIbgIVSzudBAInTykUalj4ZgC+raLyjdjzjoBzNFbt0KpAIAGhYTC9AgGvw1PzAxr9tbjC25a4TlgsfDEyqrICaA6eRkbmi9hgbasMsH2Y2MmBB5z1359BWWicMmXwhRqNF0kjq3IKOg+dPhY11JImfLpHIa7U5atgevPly6dPKvSOVINZOW/8umvMU3duJbBJIGsepjekcSxgtqAD4zsN/eaBYi49wqCZLRBnefPlrpp0rSEMffCBky+Juf4VPLzJgz+dB7lsOjKw0YEEeR0NOcZxPdzcue1OQgcyDy9xqJ+2KbbXAdApPwrN9Ge2Y9pLubEXI2U5B6KI/Kp/YRUOKGb2spKHz5/In50N4zgXtOM+9xFuf6hJB9DIqJgsS1u4txd1Mj+X5Vn49lnbUe1PGO4twhAuMJX0BEn501w2/Z4hhwLqguujAaFW/Ep3APw5VQuP8VbE3M+wAAUdBz+c01wjilzD3BcQ/4hyYcwas+j8STJ7/tcOzfFDbv3cJcdnCMwRm1hVnc8tBVO4pjBcW2Jnu8yg/3ZGX5UvEcR/f37iDS7nAncK5+sae+hYFUizv8A9aP2D4gGtZOaGI8uVXHDf961/iH1ql9jOG92M53YCaumHUm5ajk4n0q41x80zkTUfijDMn+Wv1NKsXZHnzpPFd0/yx+dNc1g7OXM1o6zDFfkPyNEswmJ100nWOsUC7HPNlhzzT8QP5UviOKi6GXdRHv1/nSCcSsM3TMfdr9Py06VWbt/GpdS1Ngm4GYGH+7uDrr5UUTiBzMHJZZPqNetQMTiFONw4D6C3c8ugG9BRsf3li012/3ZgmBbkDWMq+LUEmai8Pe8Za4EUEaKsyD/AHid6I9sNbdpD7LXkDemu38qaWoFTXV5lrqkqvBcAVUI6kGT4o5AmDJ61L4pgVFs5fbXUE6ksvi35bVI4lxK3ZQOxmdgOdRX4oqugujuy65hO0xsTyiYq7oQDhsQ6o9o5Wz57iZo8WhCk8xAAiedX3hXDH7uDC3DZuSAxHicrAJ/BprNVUs2qgnxkEEchB1n+H6VYUxjy1wd4EaWUCZBFrYerFYHVetVUe41GsJea8f+5dJtQ2rOzEqANxpqecA0fxmIUW1QEAmNB90DUachtpVfN4Xbkr3nd25UZi25gyJPiHLpvRDG+2fQf7RUlrs7DWdBrOh0/XyoJieMsdFUL5zPwqBYxNwKUDNl6V5ctkGCCCNwaSU1hXD3W1eV1PvEfroaXcxC5rE7IPH56nT3aHzk1xYd3E6lpI9B4fq1QMVfVILaAmJqRjjKNfNwg+02ZQREAcpobiMI6YZrZMm6yoANYDEAx7po5bWYI2qJixN6wknQtcPoAQPmRRyvTXCd7/XYB9oGCm3bugex4T/hO3z+tUOK2biGEW7bZCJBEVkGMwxt3HQ/dYr8KJ1cenxXYjmvQs17FSMPamR5U2468eP6uI+SrF2f4EXYOw05VXcQCNQYo5wPGXWtXCbj5gyIhzsMpclc2m8aGD0q5S2dOfPyThcztpWBw+RQKIYNv3if4hWYoMeSQcY6t3r2UBkZmRcwIPINsPOnsDZxzuU/bnR17uRDtluXcxCHLtECTsJ8qZxx5Ly26vwsCZGmtJ4run+WPzrPFbGm0X/bXzhHuZPFqttirQ40+7p1kUq/bxmcpcxzAg27ak5jLXLYuKNPZHiiarBq/cMJFvQkemnKnyKyvhWIxN13w5xb2mGYAeI5soYtqu0BT605YsYorbNvF3DbZLrK3jACpMgydM2XSacGr+x8TetDMQv9qtf5TfUVUymJD20GLfO4HJ4VMpcnNs0AbCl/2nVv2x+77sXA8MZBbJGQagg1YdW3jHeNblSWZHW4oOviUzz9/rTlrHWrhm024lkggoeakHzqn91i8zA4totsRcIJ8ChM4Y+REj1EVGx3GLy2rTpcuJ3qtnGcmSjQDJ1HXSjFq/11Zh/1/Ef+W5/r/pXVYtGcYRdcW2BIs27mYajUQFj1GU1M4v40vTrFpCu2h8RMdNQKTj7KLiQzNCXlNtjOzQI9Jil9oSO7AQw7wgWfaBPTy1M+tQecGdzaULAEHLOui79DqT8KsmEukraCxrLEHp4Zjzlh86FYe0iIlorOVdN9Y0Ou+snTpNH8LbAUHnqPpRfaOhQSGI1AIHkDE/QVKxM5jmidNvQR8q7B4N7hIQDQayY3o9b4OpYtcM7eEHoI1Pr0qSvWN6eaJ10/nTuICC64tr4RIA1OsanedDPlpTJ5+tJehdKj37QYQRImafY14DNSMosR0qPhhmxFxvwIEHvMn6CpZFReDjws5++5Pu2H0rN9xvj1LU8VmXaLhNwXrrx4Sc0+vKtNNRsTYDbirlL7jXi5/m9sfRan4IlZMco/4on2g4R3bF1HhJ1A5edQcOsAiOXppv8ATWsW7H0uGWbEDFXg5hpWAdYP8tqf4HeVbN0llDK9q4FLAFghZmyzuY0jzpF/wt5jWtC4S6hFzKslQdYnlOh9a3OWdPH/ACPHf+rVExPaLPlzZzlxRvLLTFvSEGukQfKpHCu0qW7uIuMLsXby3VyMAYRnbI5O6kMAR0rRhk/8Y+A/lSXS2CWCW1YjKSUDAgTAYaEjxH410eNm3/5KO7NsqwQ2rqFARkz3GZ1YLt4cwE76U7e7RWXcs1t4z2rigFR4rVpUhieRInTlVobheMuYm2Xe1+zrDEW1yhiJ8OUyxJ8zEeelWDieGth1bIoJtKCYGwLR9T8aLYmQ8M4jkxJvMpPtkhY3dWXSeQLVMwPaDu7du348qpdRwDAY3JymJ1iedX3HcJwlxIvZEAfNOYJPkTpIMn40wOxuDY5wrlTDLDMRlygBQSScvOd+W2lWxYpjceTvLdz96cgCshYZYyFCUHJtZ+NJPHVVclrvFAti2jSA0h85YkbTqIFWHFdjLAVlRmDZvCzGYGukCARz1103qDc7EjMMt4hecrJ8yIMe6rYuwfEcVVziMiuDfyADQeIETMHnr8aVxXBOLFhYk20cvBByy2YT7qttjgaKEQhWRDmEqeupIJILE8+kgChmO7MC62YsqOzFnKjQjoqzqfP1q2JScvmP17q6tE//ABmx1f411OxYkX8PbdWDZCDuNOVeYfhVq2wZU1A0JJMc+dMLi7agzcUSebfz39akNxW1MC4nIjxDWsXUk2LYJzn0HlvqPiRRLDtCgeZ/KhtnFK48DBtYMGY9Yp1r6qFzMATO+k+z/Os/UtHA+IKhyFfbb2unLXqP60dxbOLd0nbKcuWZ1HP0OtVDs0O8uqRqqGSRtI2n3xV1v31UeKANZnkvP13AjzrUSq4Bwi3PxtC6j7vOPOY3pIUa+dLuurlm5sxMdBy16+nSm3akvTz1rxa4iht/HXAxAtEIBOclN9fuFwwHuqSVjWi258tPU7fOl4S3lRV6CkW4uIMwn1Ea9QJOlSlozs71j0CvSK4GvM2vlUg/illcpzbVn5AW4R0mD5bR57/StNxNgXFKb6cuka1WzwBASCJk6enLWuXKZXs8Hl48Z2o2JGp5/rzq9cPe04tkLLICA34ZgEepj5VGfsyh5VPsYBbSKqxv/Ktcdti/keThy49D6JGv6/pSMbbDWyI1GoP5Ux+1SEObnr7txSsRigCVBmV09T/SusleK2G+HGQfI6U/xT2k/wAsfU1HwnhVddWbUeX6FP8AFfaT/LH1NHJQJbgGFus1y5aDNsTLDSOgMUQ4dw+3ZTJbDBZmC7N8MxMDyFKw/sN7/pSrYhs2uoCn3Ekf7jRPRRHXVvU0zkEmpFzdvU00ySIqBJ2poIJnSRMU6VppBuPKakVNe15rXtIVbEeyPSk2dvfXV1aCT2f5+76U32o3tf4W+orq6sT2vi3/AGUf9q9/jH0qxdofaHoPq1dXVowHw3te7+VLPKurqFCudQ1/7bfrkK6uqiSMP7I9KeHKurqmnppD8q6uqDsP7Yrrm59/1rq6s8jxNcj61Hx+w9a6up4e1z9IK/r4U4u/u/Kurq7OYld3T1H0ruK+0n+Wv511dXKtwjD+yf1yp5dq6uohQ7vtN6mmE2rq6pONMp7VdXVRH66urqg//9k='),
(37, 'By The Way', 6, 'data:image/jpeg;base64,/9j/4AAQSkZJRgABAQAAAQABAAD/2wCEAAoHCBUVFBcVFRUYFxcaGyIbHBsbGyIeHhwhHCAbICEgICAbICwkICIpISEeJjYlKS4wMzMzHCI5PjkxPSwyMzABCwsLEA4QHhISHTMpICkyMjIyMjIyMjIyNDIyMjIyNDIyMjIyMjIyMjIyMjIyMjIyMjIyMjIyMjIyMjIyMjIyMv/AABEIAOEA4QMBIgACEQEDEQH/xAAbAAACAgMBAAAAAAAAAAAAAAAFBgAEAgMHAf/EAEMQAAIBAgQCCAMGBQIGAAcAAAECEQADBBIhMQVBBhMiUWFxgZEyobEHFELB0fAjUmJy4TOSFTSCorLxJENjc5PC4v/EABkBAAMBAQEAAAAAAAAAAAAAAAACAwEEBf/EACcRAAICAgIBAwQDAQAAAAAAAAABAhEDIRIxQQRRcRMiMmEjgZEz/9oADAMBAAIRAxEAPwDrANasbfyW2YCSBoO88vnWYNL32gXCOHYkzHYA92UVjGguUkjLE8Ww2H6oPfthrZm5DSVDK0khZMFiPer/AAzpHhMQctnEW3b+UGG/2tBrmXRLonaxODF9rtxS7lHUBYX+IACJG8ZTr31r6X9BWwSi/YusyKROYgXEYkAEFYnWNgCPGkcpJXWjqjgxyfFSd+NHZpryaGcAxzXsNZuN8T21Zv7oGaPWaJVROzklFxbTMqxNCr/SDDJca091FddwxiOe5olacMMwIIOoI2oMMjXgrFjXs0AeOagrysqAPSa8rE1BQB6Fr2oDXjGgDwqDoaEcQwkqVS5BmQTqy8oBjunfwqzjsYEVpMBRLEeW3iTWGGwpuKGuBrZOyh9R3ZoG/hqB41RRilbOSeXJKTjiS12318AbEcVNm2vWIXZJnmconK8j5+tG+F30e2uUzK6986TIOu5obxrh1w2jasuq3GGRLlzVl5kjTtdnN+c1Xu8P+6XDfQs1skFkUSZJjsxyn8NK0l0VxSm0+aqjbxbCILhcAZx8QnlEBiO4ajbnSnw3o995uJcFyGzFiwAkdqCp02y6Cm7HKj3M0DrMhK5uSsRK6HQnx/lPdV3o3gEt2uyACxlj9BPcNqJR4uhsWRTja6tly7g1No2tQhQppvBEe9cn6V9F0sWy4uO3aA1jcsPD96V1nH4y3ZttcuNlRRJPdXKen3FDduWbYjI1yTvrl1H78KUoOvRO0LeHX1P5flWGKQsWND8dxc4TD4fKod7jKgTXUNqx07gRRRWDHffQD2oNaaVlqwkIKxdND+lWctYsNKDDR1Hl7VK3T+4qUAHgKXun6zw7E+CT7MppgLUv9OpPD8TlBJybD+5ZrJdFMf5L5OW9FOI49LDph0z4dXl4QMVJyk/1bQau38VjsZpiLwFlX1YqqosfiOVQTvpJO9EuiFm5b4ViiiEs7nnGgRQTPhQvo3jfu1u31hDWr8gqBJUjsy3mRttFIo8o7Z05PUPDNuKVo63wnDpbs2ranMioqq3eABr670P6Z4s28HcZTBMKDrz8qo9BMWCt6yqgLaaVImIct2Tm2ZcuoGmopgx2Et3UyXFDLMwfCnVVo5JXdvt7/wBOEjEZ7ga6WZx4DXLPxE86610FxDPhgDlyrAXKCN5ka7xpt40tv0Bm8EN0ZDnfRfhWVAUSd9T7U88F4f8Ad7S2s2YKTGkaE6CtFCEVDXtVMVi1TSRmOoWd/E9w/StSvoxuiwFr2hdzGFl0Zp55QB6CRoPnQzEcWNuDc61EJgMdVPLUrMc94qqwSYjyIZTUkTEiYmgeOxZt4drnWMyFVywQHzEqAAYggzB+VAbPFEZy924BcBhltjRSORaCCfWmx+ncrCWVIfQKxNBcDxdCyoHmR+IRPkdqNqwIkGalPHKDpjRkpLQtvjA+JNsmMl9AQdNGtl0IncFxp4rFMGRpkEeOlKPTzh1wdVi7SybRHWqACxtqwcOo/mtkEiNe0e6iHRjpph8YsZhbujdGMEiYBUncHTynWpuW9jwwcYtx97YedGJHwwOX+Yqjibio2VrgDNBCbzrHPblyqcaxTdWOpdTczKAAQSZMd9LXTdvuuCLAxfusFlZknViF5jSdqHJR2b9J5Hwur0B+JcduDE3jYw1y8gi3nWckqBMECCwYuN+dNnQ7pBbxVplCNbuWjluI24mdR4bjWCCKIcHwAtYaxa/ktqPXKJ+c0sdHQG4pxF1+CUUkbFhMj5Urbu/cpGEFjcEulp+/yHOP4/D9XkvFMrsFUOJBfddPMT6Vy7pQhbGWV5yTHdm0HrTb0zXPi8FaU6hmvN4BMpX3OYUsXEDcTs527KkMT3KoLH5CtT2xZQpR92GbyC9xTT/SwduCOWZgf1H/AOMUTazcS5buzo5yhO5Tzqr9n1o3bV7EuIOJvswG/YU6D/dmH/TTDxJ1W4pbRbatcc9yoJ+gNEerCbt0vGjPA44Xbl20LV0dWB/EZYtuSNQhnWPT9bLaA1T6O8UOJw1vEFOrzluzmzaKzKDMDQxO1EurLDStQslToq9Z5VKtfc276laKV+k/SS3g7ctrcYHIveR3nlSLZ+0e4rr1qKbbElgNwumniRt6UwfaLgestI62TddWyiC2k+C1ynjmFhrji2yW5jLqcvZBKljrpQB2/B3Xe3la1bt2nSVyNBhv6coAMHkaXMD0HtI9sdYxVXltRmOX4PLlNauk9knBYFhduKVa2M6BixDW23CcpUE+VGujGDuW7t1btw3QqqyOwIJzgTv3BQPDXvqjUVqjijPLPfJd+RqAA2AH5+dYgmvS1YqamdpWsjNeuN/Kip6mWPyK1bmqOAeQ7fzXG9gco/8AGriUAa8dierts8SQNBMZidAPU0Bw2FNxjeuO0FYEaAxuwA132HIDxM3OkF7S2nNngTy0OvtI9RSbx/pHcVLqOBatL/DtkCWcCQY8402jv5114YUrXbITduvATxSi2rE40aTlkyY00IJ1OwPf4VW4X0iUZ7dxkuJylsyldZ0Os+lcxTFAHMTJ3k6/WtzcaA0yz8q7KjxqTI7vSOzWcZYvqbfWATtlYSCpBEA7bUsWW6u4zPaXIbjZSVbtMGIzw3ZBaZ0376Q7HEwWDIcrAyO/Suh8K4pcxeHAKi5dTxysNPjWBGbcaxypVFR3F2jW2+0F7dpbqheyrASpUCOeoidtt+dZ8PxBQrclgfhdJMMOZjvG8+FCnxJ7LQylSNCd9Y7tY76IXtbZZTDFtxyII7u8GlyxqOwg7ehvgESDII9wa5/0k+zK3fuG7h7vUMxlkyZkJ71AIKknU7jypu6P38yMm+RoHkf8zRJtq8yUVdHbCcltOjn3RP7Nkw91L9+6brocy28uVVOwLSWLEbjblvTVx/glnFtaW6GItt1ggxrtr4eHhRQGqr3ALjeCgT561lI1yk3bZsxFxtcoloJA2E8pPIUp/Z3wu5asXHvoyXbtxncNE84Prqd6bT4V6BRQKTSaEa5hXfiWJuujrbtW0tW2IIVswVmyzvEnakbpMzHEFbZOd26tdP5gq6e8ad9di423YjlSd0RwVq7iLty5bD9WZSROVi+jDxEb8qK0bz2m/A3cK4cuHt2bCxFu3BPeRufUyfWlbpnxHJhbrL8eJcWLY5lfxEeB29R30Z4/xPK7W1nMwVZ/lBMn1NLdn/4viti1kPVYS3nOefj7LZhBj48n+2sfVGwf3W/Gx24XghZsWrI/Air6ga/OaIKoUaV4y6itOJcDflTE3s35q9of95XxqUATHcXtWlkupbkuYAmIkCeetacIlt7mIDBSrFDBgiCgE6+Vcp4v0fu3LjOLhIklVeSRMwJOh5D0ojgcHjS5a4f4bW+rZc8Fl1y+WWdKT6kfcDqGHeB1a6AFgI0gSdB6ULwfEmbEi20ZG6wIRuTbKggyT3sdI2rVwsqbFkXLjLctxmO+dgrKSTGoM5vQd1DLfB8Kl1bi3LvWKWYMWYiWBBkEQZk6eNdHNNaa6PLjxjJvJFt26/S8DaOI2862+sXM+bKJ3yEBvaasveUKWnRQSfTeuV3OGXHdLhbNkLEZYj+ISTufE0V4c99Lb2jcZ1ZSvagxMydNzr8qhyj7nqpDnwpSLNudyoY+ban61eSgdjjJP/ytuQeY/wC2rdriobs5SpO06/QVjyRXkwAcX4i33xyuvU2tB3tcn6KJ/wCoVy/pVeNzE3O0Sob3MQTr4zArsycBAF0rcGe5JLFZK6QNCeXjSjf+zy1mL3ccZJk9gCZ5/Fzrqj6vDFLZFwlZzi3giRqJ00g0OZCNCCPOus4joTaX/SxSkf1/kRvQnE9DbpMLdtHlGU/matLPhnG7ESkn0I3D0BbXaKeeh3FxYLLEqxyksY0bx8wvzrNfs/uECL1tSd+wY9Iq9gugd+1cRvvaEKytBtn8JnvpH6nCo1Y3CTYW4lZKTlMK7DKczOdpMBjCjlp3VOi1s2ibTsWFxi3a1IJAy6+Me7UTx3DusdGlezqB3GI29z61rbhrCO0JUjXly+hroXqMU4cXJEnCSd0XeGk28SUOguL80J/Imjl86GKA3kQm0+cBkbPM67yRvt+tE1xysJ1AnXYgb8686c4N6Z0wtLZZt8qrqJNzxaPavRjrY3n2qumKtgESZLT8J5+ndS8kNZbtzse6sy3796H4jiSDk58cug960Hi6swGRo3zaEfIzWhaNfSW5Fv0Job0AsxZd4+Jv8/nXnSq5Nsn+iflNEOitnJhEPm3z/wAUGmV3AJcbO0yz8vCRNUbV1reICWzKzDHworib4tW1k9rkOexoZwnCFrnWHYH3NAFzinEWWOrIJDgH15VZuuSdaDm0Wx+XXIP4keIWPzoy6a0AV9Klb+r8KlAA/FMlu3oVzHnE+NCDiTMEb9y0pcKxbqxz5ikzuDG+wOw8KIPitQRnHqo//auJemk5UzW9aQ4JcRURmDnODoAY0MERFbsMLdyTbJBG4IMgeWhoNxQMMNhpYr2SzGR+KDrJ135VQ4PiV+82nS4WDdiCV7UggwAxJA325V2/R3xaVe/k8v7nGWRN2m9eNDFhsfhbRyreRSCRBtvoZ1599ZPj7JmL9sH+wj8zSj0g4fOLuNnABIJBneN/330I4pge2Gtmddcv/sH6Vy5PSyUmjvwZlkgpJdo6ImMtDtG5aMd8r9FM1d4fi7Vx4LoT/QTPzUVxywt5HHZdlBk5hIPnrt4U09HOOm3iM/VggjLEbGdNfLT0oh6WUnpDudHQ8ZcsxGdhsJBY7ydYPnVR0sHcEsDpqSde8SJ9aFcb6WCyiH7sjLcJPanSDB7IEmNaCp07KPPV2kGwAtMx/wBwuAR5Crr0EnuxJZooZgqFmDW4TQqTy0GgE99YXLVrOhQkMukhisidZ5HeqWG6VJcXP93IeIUoSoYnQ9kk6TzMxOtB8N0wtNd/irfQLpldVYzGs6Dn8opH6bJHwZzi/I9tdLFYYADQ6A/kYrZfw6kg52EbwAAfTLSnhOkdtiTe6y0jPCkIy6ab6d/nVm5xXAfCb12RyDGT7jnU3hlfRqnH3Ga3k2EGPCtj27fJh6DTypcwfGsEGhbl0t3MQPaY3q7Y4pZYTLRMfECAfPatj6WUk77GeRIIqluYzifSq+Ja2vx3VQdzAVLDp2kAZipI8t/D5+FCeK4RrhdktZ3GUFY2n000g99TnglF0k/8GU7Rau4yxyxFv2/xVW9igYC3EbwUf/zVSzgrgGa5hxl7iZnu1Uaete27dqWmy9vbVVY6+lJ9OZto2tiEUtmiYInfbzqvg+IqzRkyjWNN/lQzil5Uf+HmzDWGG1aP+JlVLkZtjHjJH512wjpWIl5CfHsWptsuYT8Me1NuBsFbCIIH8Mb7DvpI4pY0tKAJe4kjxJE10Q2wVykSIiO8bRTsY5nxLpfhLdwAu188zbgr/vYj5T6UZ4L09wNxlt9uyTAUOBlPkysR/uiln7JeH2rovtctJcK5ArOoYjMGkDN5Cr/2j9HcJbwxv27a2rgZV7HZV8xggrsTGsjXT0pLdWdCjC+LX92OtuDeu3P5VCD6mrJYRNKv2e32fh9svJOZ1DHchWIHtt/00xvTkGqdGeepWGWpQYc1wqI2aLiaHXWNBW9sMCfiGkwJ/wAxtXOruHKiQWAGmv8AjlWeGZywyP2gZBzbEa/vyoA7FxbB3Hs4cASUUSBJ5DkO6q3DOGrh2bEXiq5JyCdBIjMe46kAUsYXpZjFhWNtztJWCf8AYQPlVXiOLxV4nrbnZB0CgBQdhA/Mya6eeNU9tnjL0/q5J43Si27adun4SL3FekFt7jkrKnSRrpy0+ccqrWeJ2n3YKB4RQNeHEiDo55aST5D6mt+G4Wx7EEOO46Vzyk5O2erixrHFRXSVDYqElSjLl5hjH151vOEINtky6XFJMjQZhm89BStcwz211uMk97Ez7142MZbloM7FesQjUaww37xt86F2Oxo+1GEt4YAnNnZiZ3kH8zSBdxWUQxllWFEd/wBIro32k4XrMPauD4lcqR4HMNPIj51z5uxdLXFnMn1j/NdzlUU12c6ipPZrwWHxTuHQXO1sSrRG+nePKnL/AIk6WLWMaxaXEF+qh01CwxzkGDm0EHuajeA4mLlhDbw5OUQLZdlkDYg7HT61M9xkythLwI1GW+rD/v0PkaFF9s555ldVXyCeL9KFxKLbZFQL3Hn4CNPegGGbPdI1GuUfsUe4j0at5utuubAYEsSVzSeRRZGv9JjwFDOj1j+J1gMoCSpO5jYnxillSKJJqx8XAJZw23buMqzttvtrWixhXUMklhy5yIG/KiV2wXw9u4RLK+YexG1YXkKvbZTpEnvKsIPtp7VXFJKFLvZslsr8GxF2XDSGGm+2uhnujUUd4HdzrcaSZaJOswq/rHpQ/GJkfrARDodO85ZHzrZwS71dt159bAHg8R8qlnalG0UxqnQWx3wKO8ipeYDXwrDGntWx4z7VMav8N/7T9DXEdBzbGYnrLl195J27qtYPBh7cc5X/AMj+VZ8K4Y1zRVPmZA3HOmvA8GW2GLHMQPQRPL1oAD3UDYmwn/1J/wBomnUNqKUsEJxq/wBKMfchR+dNIbWgDhnAMDjeuxFrA3eqNtiHBfKGCs6jcEEiPnTKvQfHYtUOPxrADXqh2yOW4IQNGmaG9an2eCOIY9T8WZoHfF15+o966QG0FKlopOTbsr4Hh9u1bS1bUKiKFUDw/M6knvNesmlWADHOsHUAammJlfOe6pWWYd/yqUAcJe+7hT1eo7lgc+79K3JgmYyLltD3FX08NV1/OmplBWCBPlOnyqrfssIyhCx0JC6rt40AAsRaZCpzDMsTqQG/t7P72q1dum4kKADH90nz0A0076M8Vti20G7/AAwPiaABp/UNdfrWfC8OjiZV0KGAIILAaHXSijOWrF/AW8ROirMaSeW+ncYo8iYgJnKWy4EeZkajWhp4hdQhQtpipIIDBc3jEGI/OrF3iF1wEdbaTtluNPuoFBprxV7MkukkmGAMARr5iRVZBZIBe2WZSCI1A57kcomqy8McyQWkzrnKz7g+VaUwt60VchyBqQGMAeMiPGhAdP4zY63hywCWyFgNiSGPd4gGuUYkHsg7EaH9a6fgOJ5sHYZ1ytnyMD3MWX2+E+tDk4FbxJu20CqQquEPItKlg2sdoHSIrsjJOOyHTAPRvpObRFq4+W0BqcmcgjWBrsdtjTVgunOHBCswKkaTadfmR9KSMR0TuBiC+WDBzISNOQIOvtXmB6J3HYDrFMGB4+Q3FOk6oWSj2NePXC3C56u5mYyCbjEA94BMDyivOF4EllRVkkgAeZojgujDLl7Yk7iJiP6ppt4Jw21bXssruNyCDHtSzcV12c8ITlLfSLGJRRb6vmVgDv2H50Adyot5xAUawJkE60w41gSsDVTM923+KDvdV2tswgkajzk+o1iO+jCdEz0ocqmcwQiD/TO089PrQwXWXErZjMVYt5gKSv8A5R6UcwxU27igghSwnuoWjqcVZuRqyMjeYkfpRNWmjY6aCpBa6gPIT8v80QKaUOsmbxPcPrFXsRdyJmPKK4joNVqyFMAQD9azxf8Apt5VHaVB57/Kq+OvDqye+gAPwRJvXXjZVX3LH9KPMKEdH00uN3v9AB+tF3cKCW2UFifAamgATgej+Hs3nxKIRduFpJY65ypIA23E+porlgiedczwSpiLYv4mzj7124S4NtbhRFb4Vt5SBCjY+dHugeMxTLdtYhL4toQbVy+jI7KSYU5viIABkTE77UqZSUddjitaMQdq9S5p3VpxLhQW/elMTPcnnUoX/wAZt/1V5QBzS1xi1LQlwRvrMnwBMRVvh3F1u37dkW3UswWSTpPMg0opbHJ9RtMKDHjtR/oXiHfHWUKjckkDUAK2ojxgetalbEnLjFsYek+FuW7gtpYuXwUzSAco12naee9edELN13cPaeyyKGnIVnUjTQA+lW+nHSe/gbyIioyukjNOjAxyI0jlVn7Puld3GG6t5UGRQwZQROYnQgk929V4xur2cH18yhypV73+/Y57e4pbVnKyNdu4g8gfH6VXXjDO2oJEzpE/Khl5Ablydi7f+RqzhLZB8PnUT0V0F7eLjVXfyO4PvV3A8RY6MMx74jlvrQ6wqk7jxn9eVELYIEhgojX9xqKDRqt3c+FefwuQB4lVuKdP/tsPWtfD8WF4kUMFL9u5bWDzgus92ub3WsuBqrWr7NqqIrxv8JYf+LN70qYnFG29q4BrbuI3n2F+R1q0XolJbLnSzit6xinVXORLiOUgZT2RIgjxIrTh+nTB3IsWF/k7LHJ4khhJPptWXT5CbiXSNLtsEEcyN/qPelfifD2s5QfxLm/7mX8p9apFvpg6Y13ulNy72XuFgNohVB/pQaH1mnPofx5bltrBhLm6EAAOI1Gg1Nck4amvj4mPrXQOhdqLi3NJBiI3BB+tY2lszi2qGrDYxxcvKzEgsoHgCo+f6VuxAh7czynyOo+VZ4rDIrB1+JiA0RGgMeO30rC+SUTssdO0QJKlRyjlPprVoSUd/JJq0bsbiVsuwgfx4VR/Uez7ayTyg0LxHYt9YkZ0YlOY0De/aAoLjeNZ8Q5YQyhbdsnZQ3+o/nMRTDwrD2xbt5s0vmZQeSKcsaD4iTMedO48I2/IXfQR4bczs7jYhY9dfzqcYxK9hT4tHfl5e9U+ijA23UEEJcK+gCx8qu8UnK/eQAO4ASxP78K8+Sp0dSdoxw2JIVWbXMCzH+UchHy9Kx4pdGSJHeKHYnFZEK5TkyBZ7p1I+dYcQvl7aFQPh5mlNC/A1Asqf5pb3NXXsqyup2YFT3wwIP1pdxfECgS2uyqJPpRzDNKJO5EmgBJ4TieIYJRhfu33lEkW7iOF7PINO0fLx3p04e9xratdQW7hHaVWzBde+BXNMHi+IHDtjkvIwUsXslNAFYhtR3DXeY8aeejnFWxCC7GUOoOX+WeXjrzpYsrki0FLmmvyqtiLmhB7vrW645350Oxd05DNMSA/WDv+VShM+IqUActZyTvRToxxb7rird8gkKSGA3KsCD5kTMc4oRWSVqdCyipJp+Rq6ccdTHYgNbkW0XKpbQtMFjHLXT0rzojx9sDddgouK65WEgERsdjPl41X4N0UxOIti4iqts7O7ZAeWmknXnXnFOj+IwrA3EiT2XU5lOm0jn5it3fIio4uP07/AKKpwxLs3NmLQBpqSY8N69TD5t5B8OX51mi3QJPa0128+6aIWGDN2gsxy09N6U6Cth+yACMxnQEa/Pei2GfNpEcip7/IVnh+HLcBILLJ5gGPfeiOF4PlADZT47Ee1AFnA4tbSdsqqXbhtuAJORbVxiY8GKfKlfiFqVdcxBVwJPIQ0RHPai13A5wWa4qIqlUXn25zMx0Ex3HaNq33MBZu3HNy71aFF25ssAEAxp89a6ow4q2Sk9nvGXS/bCxItrauJy0cAOnh+Ex4UH45Y6+7mIyiBoNdhtv3kmjNjhKCIuCDbKCDvuynUydQParXD+FWrmU/eLQY8iSD7EUSd9GR0J7pEBl22NNvRIR28+UqRA7496K8Q4XYBUZWu6xKKY1HeI+dZvfs27ir1bWlI0LgLmOnMnl5c61O1RjdMNW7xe4s6x2yNuRAnz/Ks8PiGRmMEADkOZ3+nyqlg1IzuDJuGSZ/CBCj0A95rXxXiK22YEmCJAGsgiQfKrRj4JOV9GnjPCrdy51ywomHA1kE6NrsRWGL6Q2rHV2b2ZMykh1E5Nf5fOTI10rJ+JW3sMwB7AVj3EjYaf1Cfbvpa6Y8GvXbltLaMxRFDGNMzakT5mjJairNhtjbwW6LTG6txLlq4e26fCp5Mw/D3GeUHlRrFuHOQgFWXU+dcdwz4rB3VObtc1JBDDYo3Iin7gPEkuA5BlUnRZ+BokrrsPzmuWceW/JaLrRs4tw64XfK5VSVMcsoGuvmKrYF/wCGZaQrkegmjt7+LYDQQWBBB0Inf5ClzFqLdgqBBjXzJj3NQKlJsVmuFpnWT5E074S7Nu2fCuc4UmHJ7h9BT5wtv4NvXkKAOccKsYq9hnsqyJhnuuHYSXPaEqByBj5mug9H7KpbCKIVQFHgAIFLfB8C2HtLad0Z8zu2QkiWPiAdvCmvgg7JNYkPN2wiFBFC+KrFst70VdxEbH9+FCeMn+E3PStEFv75Z/lFSg0rUoA53RLo/guuxNq0fhZwG/tGr/8AaGoeoo30SudXjLDtooYKTy7YK+X4q1dizbUW17FrpLxU4q6YbLaUxbQbKAIB8yJM+MUX6JjrbGIwTHMrJnQfykHcTpvBgfmaWsbgOousjiGRiO6RrlPjIg+tNHRAFBcxDQtpFIkiMx0JE7GIHqaZW2c+TgsWv1XyAUwwPxyCD2def61YTh9w/DJk6mRt51Yw9nrJaY1MAAiM0+HI0TskplAJPjz+X60h1FrB2SimWM9wg/lBrHiHE0tWiJZrrA6H4VVhrp3msb+MZQWB0EmO/wAPWlLGYhiSzakyfeujFDXInN7o2YfiP8O6SSX5TqO3I+Qn3qG6StpFJDFViPGR+lBi5BijqJlfDkQewvvmf/FdUdom+w5g8Ygx1q1IOW5btDfSCqnbTeaOHpmqlkNsHKSuoJGhjlQDgmGDYoXSsLbZrzkCP9MNcjzJA96piyzEtHabUjXcmozq9DqNrYzr0puXGhMlsd3L2In50J4w9zEPm+NuRGm3KCZFVrFpphVCeJB/fyq99z7M9Z1h7lJke1RcnfYyhFeBbxWFuIYdCp8d6NcJa5ct5Scy2xCTqVDkSs/y7mOWtS4s6HMWGkMTPz1ol0etbrAWdDA8jr86viyb2JkhrRb4ZhSRb/CDdVXHeCynn60ycNtO5uW2QlAzE3CYzMWbbwA05TQdb0W2DOBkYa7SRPz0ojwDjy3HbDAsbqTmL8zm/C3OJ9h4U85ckiPQjdM8F1WIWG7LjsknYgxr4bVjwrFtbvEIYzETHjzq39ofD5vW2LliLYPcIMnQfvlS/hL+W4keEe0c6k77KLo65w69mLMdFhSonaRNLnScgW2AEAECPX/FbeCYhnu5Sewqhx4ExofMMTr31U4+pdco/E5/7QTXNONOi0XaBWEQdUr6y7keginVXyWCRytlh6A0pJay27C+BPuaaschFi53C23r2WpR12cqsNhRYUWy33wAZerDZi3tlIjf1rsPAiwspnADZQW84E/Ok3oraAw9ohQGK7wJOvfTslwIoU+QrEjZu21+zc5BoTxx4st5UQe6NBsaAdK8UBbRT+No9BrPyrRRP6yvKs/w6lAHP1BrfZYid/QVpQ1mt0g6GOVADhhemxVAt2wl1kEK7qM0eOh2qpjulj3iAQFUH4VEA0Gwz5v/AFv41eXD29Mw08qbk3oisEFK0graRDrABbcak/WraEAb+XlQork+HtaaVQxYutuY79ZjfkKUsHsU/wDBeNswGh9aAOJdfEfWruHBXCkEzN5pP/Rb28I+tVHOsjkK9HCksLIz/I3Y7hbfd1ui2RlbKW7wZjTzA96lhgWtoSRAAkeM6j3psu8btrws6hrlwlFQb2wupY+ZAjz86UHdrVxCvZYW0IMbSgMiedLC6B9j6iC1hcmUdbcUrcI2VWiQJ/EQIPdqKD27oDawRGneSOXtOtY2OIE2lHxGCT3kmaGKLjFsokgEn86i43djou8T4nbgdWCQdQT3SdCJ0OlEOj9lL3xOFM6AED3mhuAw7Jbvl7MKbeXM/ZKsQxGUE5td5iNIqp0dCm7DEAAFiT4Rt4+tbHHaf6MctjXxPDWrDEhXZtNY095ma2dH+Jo5IjKZ85gT71lxS8SmVLiG2NARDeehk0B4WGt3DswESeY25+tJF1s17DPFAxS6ubL8Z0AgwCRv+XfW77PEm7ducrjKwJ3+G4SPPMIoVxzEFVU94M+u31op9n2JRLj2/wAIVHUjlIUMD/1Cr8riSa2Y/aAM1xIGyBSf5udc7UkXB++Y/Ka6X07PaQzowPvrP1rnV9IuKfH9aZx+yxYPbR0fo+jW0Zjzgz3gKoH51Es9blPLKx9zH0Fb8FC4cMN8h18s0flVvA2wiJOnYj8/zrin+TOiHRTx+FB6ogRDAelXuKcQSxYe7cnKo27ydANe8wKr4N82aRIzAr+tCun+He5hQLYLZHV2Uc1AcERz1IMeFTZSKTaTAlnjd62BdLYUAdrqc8NHdmBjN4RTJw7jS4rI6SBEFWiVbmDH1pQ4dxDhgdc9lcxIXKbZOUnvnTfupuwmFt27hFtFRSx0UQO6sQ0q9tlvE3ytxfAfXSgnGn6zELbO1tJI8WMfQUa4nbgg94/f1oZdwwDm5Mm4R6QIA/ffTEyj9xTur2jH3WpQBxarnCb1pLgN60byfyhyh85AMx3VXW2x5Vcw+FIOo8ZoMatUPXA7uBcXerwQXJaa4DcbMTHLnp40L/49YIZWwVpNNw23iITX5V70TeUxTxGW1l88xP6UMLJGwjn31Rt0jlx4k5yTvVeWabnEtJCtPr9TVS5iMwMOF7xOvsBWzG3lC5VWAfEzVG3A7h4nepnWNeFw6rgrcDtFnJPfyG/kKq4DB5szHRVgkxsN59BNFuFW+swNu2olu249XXf/AKQdPOhWOum0ptCe0Bng7xrtt/7ruxL+NojL8ihjCMjMnwlsgJ0JjtEn1y1qxN8tcYzIHZB37KgKPkBWGJvSEQTlUbd5Jlj9B6CsEblMTVUvAv7DPDcWgkOSDsIojh8V1UvqSNVB2nx7wO7yoNwrChnUk9nMJ+v+PWmBv4t1wIWbcEc5EQR6TU8iSeho9AziHHLmIV+suMc7hspOi5RAA7hzgQNaG5dNK8a1luENOhINbI7NUx/boyWy7hr2VI/90S4ZeOZ7bczlnxgDXwn60GRtPCtj3SryukRr7amo5I29DJjn0k4a0W0j/UAC6fy6H12rT0Vy2MclpwYe2VIIiCYI8xpIPj4UHfpJeZUVjPVtmTwnlT3w0pdxYYoAerVgN4OsweQM/OpO0kbpmrpVhFAIZFbsnI2zL2hGvyI8a5dj1ysB3NHzrq3S74VbkR/mua46xLzymruXGHyJjjyY8YJ//gxzlABPjFEMeD1fZ3WCPLY/KgWCcrhraE/iUfT9KM3nnSuOfZWPRtzwug7voKE9IOI9VZa4QSBGkxMmiOWfypb6fmMKQO9Z/wBw/OlStjx72acLisYU+8JgLdxRrlmbuWOXZn2E+FHlvEi3cZShYZip3WSTB8RRjo80WQQNMoPymh/GLQC2mHNNfr+dDBs24ps6SOWtCmaSo7jVzAPK9/pVTEoFePI1hhd+8/v9ipWGTxqUAchXxIArJ7mXX2qs8nnXnV95oAZ+BY5EsYpGbtXLYCDkSC0jw3Hzpeuu6yDFbFcRA3/fdrVW/cJO9a3aSEjBRk5LyYlp1Jk715vOmtYzWy0xEmawcfejqL90s24LXHa7I7lErB+fvVjieEH3JdjENPOQBObxzSKD9FkIttcLMO1AMmRLco2+H50Zx0XEFvrAM7ZoO7nU78jI19K7MUuKtnPlg5NU+mJdyzpm5GtYSKYBw97bQ6EqdDy+dasVwd7faSSh1mPqJp1kVjcStwcObii2uZgZA7/DWmdMBds3rZuoVJETuBMRqJGmopYwaXOsXKAGBB9jT4nGRcCpczKVGxHPnr3Vmabro2EUL/HuDlYvqZDkz3aR9ZoDdSK6ZgGS7a6toaFMg9066elKHSPhBw7DN8DlgrcpU7HxiCO+lxT8MJIAo0UZ/wCFO5FsKcomWjd+6Z5bf+6FHCknTemXgwvZQLbdosRlb6yfX2q1xvZGalX2guxw17l9EggncDfs6GPaaeOjONQ4k20uK9wIY11gFFmY1jX5d9ZdHuG27VxnuOvWKgbNAOXMSvPQGdddTS30AtD/AIrdZZKolyDG+Z0UT5yT6VCdSdlY2lsbumC5bNqe4fIa0gW2BYA6SdPWn/7RZFi0I3Zv8CkHCoGyaa5pBonL+JfJTCvuYdsNpZU94PsP1NFS2/PWh2FWWteC/wCPyq5dcAaneufJ2auiyWgb0H4+9vKetjqwBObUe3nyq8LsrSj0vt3LgUqjXAryyrJJEQNBr3+U0g0Um9jJwvpbYNoqqXlt/AtzqyUmIAJWYHLX5UTxd/rAB+FRlH79KXMH0ysi2LNyzcw8wBK9gDTuAIAHhTTjkQW1yEFTqCPxAjQzzmtaa7NkVMMmVS1U8SZafCjfDoZCDFCuI2sjADYj86wU25vGpVfMKlAHIUMb7VYJB0mqqnx8q9do7qAPGPnWuoTUoA9iskaNY1rGtmw2GtADf0eu5sK4MCHJnyEj61Vw5PWI0wcwjSdzyB0rVwu6Rhsu0lqsYa2CBm2AmeYgV6Xp8bliZCcqkjp2Awq4glVILQSwYCIkwYnnrsamJ4Pbto5JUACSA07CdATPdWfRK0FtXb6HOchCxrMaLEb/AA/OljDcQvBXyggPMiCdSFWdp2FcjRQy6PYQoXxJXW3CqD+NnJjfSABqaZeL421eQFE15yoBB5gnkRHzoXiMWVspbK3AAoC5YkER47zr40Bt2Lt11yFgCdST56iI08BWybl2YlRaxl26gJtjsMSJGsTuD9fSgePW9fENcBAGgY9wjTTQwB506Pwe8iys3AdW23ga980A4qWK5TbVT/MQR8pgmthKgasU7WKa3odQPl5UWwnFyCCcxTnET7/qaqXOHXW+EBj4f5NUlsOr5dVf5/KulOMuye0PlnjFt7d0QRnyLq0lchaNNt25Ve6A2VGLulRAdQ5jvB2Pufala1wy/wBSLjaqxyxHaEETPhTp9n9uFZyDnBgnbTM8z5afuKlkikrTHTNP2lY7N1duYyAkr4nY+00nYBWJGXca0Y6btOKZy0hhoPADegvD7kXbcfzr8mBqb3CkPB8XbGc2zbuIDyQd/ME/nVXF3ZZB3Ve4xdDXAVP4N/T9IoLcPb8oqMu2bHoJJIUnuoZfwF+4uaxe6tweYBVp79CQR5d9Xrrwp8Yqzgh2RSDJ0BL/AEd4pilW3fv2haGswvLuCIpJ8CQKcBw8Jh0sqZFtFQM3PKAJPdNTDYoarPlVtlJ8q1uzLKuBUoGDD1qpxXUr5Vdc8qG8SPw1gFKBUqRUoA5Iu9S5UqUAYmvRUqUAbRzqXdl8j9alSgA5hf8ARX1+tEsP8B/tP0qVK9r0f/N/By5fyR0/7Of+WHl+tVsbsvmfzqVK82XZZGzD/C3mfoKBYf8A1T/d+lSpSs0duHf6Z/fdS5x34n/t/KpUrEAoW/ioc/8Arj98qlSqwMZ03C/8vb8rn/hW7oZ8F/8AvP0FSpQ/xYvkTemnxW/I/Wlzh/8AzNn+6pUrI/iOxrxv4f7T9RVFPiNSpUcn5MaPRZufCKu2tl8vzqVKQ09tfF60ctcv7TUqUAVmqjjth515UoAq1KlSgD//2Q==');
INSERT INTO `album` (`album_id`, `album_title`, `genre_id`, `img_path`) VALUES
(38, 'Californication', 6, 'data:image/jpeg;base64,/9j/4AAQSkZJRgABAQAAAQABAAD/2wCEAAkGBxMTEhUTExMVFhUXFx0XFhcXGBgZHhggHhgaGBgYIBceHiggGBolGxUaITEhJSkrLi4uFx8zODMtNygtLisBCgoKDg0OGxAQGy8mICUtLS0vLS0tMC0vLS0tLS0tLS0tLy8tLS8tLS0tLS0tLS0vLS0tLS0tLS0tLS0tLS0tLf/AABEIAOEA4QMBIgACEQEDEQH/xAAcAAACAgMBAQAAAAAAAAAAAAADBAIFAAEGBwj/xABKEAABAwIDBAYFCAYIBgMAAAABAgMRACEEEjEFQVFhBhMicYGRMqGxwdEUIzNCUnKS8AeCorLC4RUWQ1NiY3OTFzRU0tPxJIPi/8QAGwEAAgMBAQEAAAAAAAAAAAAAAQIAAwQFBgf/xAA6EQABAwEEBwYGAQQBBQAAAAABAAIRAwQhMUESUWFxkaHwBROBscHRFBUiMuHxQiNSU5LiBjOCwtL/2gAMAwEAAhEDEQA/AGMDjVuEBJJJkADPJMTAnWwmnEqxRMdS9a3oqVcbqq9lBth1L6FSpucsuyO0kpJIWqJhe+r5XSskCW09k2JVlzSnIYVmAuOFeqqh+l/TaCNuvUvE0W2Qj+q9wPWqdqrxicQVEBtZIVlNsp0KgmCZmAfKmUHEGPmHj2ZHzcyDvnhQz0kxLa1qQ0TmKSQL2SgtpF7xBBnWU1W4npi84FANBOZKwsLUJJWlKFKyFQKTAEAiOVDQqnBjY39Z3K5lmsTrw89cU+lpyAtLSykzeJHZknluPlRVsKSM5bIB1ISTrpcDfNVmzdvOsoQAgFSEFKV3zBJzWICspIKyZjcAaLiumjzicq2W1IMEklYskghXZMTKZi80S2tpXNEb7446kfhLIW/9x07rp6y5p9ZcgkNvKgwYbWYNuyQE2N/ZWjh3jCupenT0N+4aSO6qY/pFdQVFOVMul1QtKpKZTe4QY3Qain9Iz5WlxKUNpSpSo9IOZsogqVcCUg9kgSLzU7q0DBg47FaOzLMWyXP68OPirpbLx/sXSdPQVqNbxSWMaKEZ3WylMxLidDwvSrXTt/IEKDSlJzwtXpAqCkxuSISqAIiwtSW3+lhxbRYdS2ApYXOeSkgzYkwgTrGt7UzWVw4AtETeQctYSns6yQYe6ccuucbUy3tBMaojcBYevXwqScemb6eYFcgp1lNgocTOZfrzJqKn2hMGJ+stapF7xrkt41s7obVR8vBwDuH5XWHaaNOubk6Ak6d1GG029y2p39q/trlcItpKSRp9t4iAOQN1SaG+40TAQ6lJv2WW0pPPQGN81O6G1I6xt0ovjd7DzK6l3EokHsX0IHvkie+mWsQSLLHgZrignDrMJbfMXJFh47/OmW30olLaXgBuCiO/UR66BpDDrzRfYroEztAHqTyXV4lbguCk95+JtSyMY5bsoBOkkGO/ITJ7qrm9ouAQlpZ3nOr3miI2itJzOgARqYQgcs6z2vAUugs/ckC+OInzuTw2kkz804sDUlvKnmBnj31n9YikQjDOBE6hAtz1jypZvbKCbKEaTIyef50oy9qshPbcgcoTProGmJvbPFEMc24tPP0AHirLZ2McfSstJJSkSv5txCRxJVH5g04OtTYpgykCM9ysSgXFyRpakNn9KsN1ZbIQ6k9oZu3lOUoOkAylREHjVurpUh0gqYS4QpKgoI0LZUps24ZyBWZ4qA3Mu37t3pkrxQs2jNRzmnVBu8dGEqpnEkgFtcESnJmUSBEn6MAC486G404gAqaXlKc05Vm1r2H+Ibt4q3c6QBUEtiQEAAlQ9BQWjSDIUAYuKYb6VKzdtsXtmTJ+zIiLzkFU6dePsHFO2l2fP3u4D2XNhoDMoMuJyDMtSm1pyi9yopgeifKp4nC4kqlDTmUEBXzajHC5MEwfXXRYvaqXRdpCiDIC5GUkEGyZmRa9CXtJ3P1iupBzJVMqElGfLYk7nCPAaUW1ambRO0zqVgoWEGdNx3x7KmZeKcqupfgpzDsLiJAzbhEqHmKEjEYVx1Y6xWcEoUghfZKdREiCDVu30o6vNdBUYzwCcxAQmSMxAlLaRFhrVQ5tlJUtSEJSVqK1HUXMqPr3mnYKhklsePuOtiL/AIemP6ZJO0fgSt/0fhftr/Cn4Vuq7+sLX97hvJr/AMlZV/dv1nj+Fm+IPQPurpfR865ezxBSB3RE7hQBs9Q4gnSRMDupx7baNCpJg3kmw4UdG1mFntH8+FZw6qB9QWQhpukgbf17qsSxzEbzcE+XxqbiTACkiBxM/tEz7asM2FJmVKHERb1Sb0VWIwe8xGqpI/PjUNQ/2ngkFKcHt49dZBc+91N8yWwf8IHuuar3WmoJ6xCSTZXuuYFXb+zsKsqh10TN0LFp3wZBI1qZ2VhVSXEl0bisIURy9Gwq4VQNfBM2G4P5/gqgThsOpMLdbcE/XS3bkAKXxGx2VHKEgmJgBxBHPsyBr/7rp2Nn4Jsk9lJ0m6LcOyANaZGGYSD1aygnUgqJPiqTU7+DcHcFaKhZe1+2JA8oXK/1aROhJ1JUXF79RJF/CtOdG21GVApB+tlTffK5FrzXQDZ7KpSpx9RO/O7A/CEgUi/0cbUMpclI3Rr96TPnTCqNZHgi2tVzqEc/P9bVUq6ONiS2tgkEATmTJOknKr2UFvYawT2MMOYLiyf2LCukTsXDwnMcyh6Kb5e7KIHhRFrQgwMo3QnKmPM1O+OGO8JXWl5FzietcnmuNR0dcKpUvCpPNbqiNI9NMJ3/AM6aT0aVqp4KMXCc6vKcgjuArp2sKZJyrv8A5qj6tKBnSkmSoXuCT7xT9852B8kfjK2vlPNUjnR1WWA8hPDMg2veZN7TpSbmwHpCQ5mnVQUYF+G8Ryrpn8I2v022liBFsw7p0qf9HkCIQlPBASPd7KHekYnyRZbamzgPTHcueY6MuSC452QbwtZnu0j+VMO7CQdXFcJIt4SfXrVshnqx2UzrqrTjHCrBO0QpsILcW9NIk+aoHqNK6q/EX8AoLTUdeXxqu5XTC5T+q4UYDxAG4COeu+nT0cCL9a4s2stZA8gKtmXW1GTnsLqO/wDWiD51MqkENISZ1BMT4jf30DVfrSPtFV1xPXLz3KjfwHHIP1c0eBy+uhK2aExL7nOArL5XgeNWjTDylSpAAF+0pPqAbmts7Kf7RcdQCYypQCAB3+kT5U3eRi4dcUWOfr8uRg9YXqpDagbKbsbFwoAPhkz1Yhx5Iyg4blZZ9UW76fweHQknrFKXlFwkATwOYCeO+lFstKUTLok8J8NDO7yoac5ckrodfPAHndzUzjHSI+bXH1Wjp5kTQOueUJSkAaEaa30vR2uqCgAFqOp+aie85MvjTKnFEkgui9khbR3zOsx30uBuHp5qB2vnPXBUhw7k3bQLTJvH6ugNEawxPaCCo8QBHDeatMNinZUCT5iwnWYFEViiRO8aTf8AI8aJe7YoanXRSv8ARrv92f2K1R/lx4N/jPwrKX69nXil02o+JQ2AIbeA+0W5HmYvVc9gsO5ubMXt2fOIFXq9T2UwOKonzmtoCMxJRfSYCgPEWFVtqQLp4ohxmQY3GPQda1UL2e2pEBc7ikBZnwCsxFuEULFbJGT0bpOgQhUfZIGeQavCpAmC2DutHhEmlziXBZKZneIA9ZFEVH5c0wq6O3n43+4XMYjZbyFdh1/hlShM/iJIPl50cpeQmCcUtR3gIkcohPnV2cQJAcQfBKjPG4NQOJSDkQlwDgCmPKZHjV4quzE8EtSt3h0iBwHnCokuui/WYjLMdtorV5TYX4U51yiYUtIPjN9Ji9WD6CRKc6eEkfxBdRw78akEjWQSefoiDUc+b4VYcD+gPRV7zV/nX3UDcELKAO8kRSeI2xhE265wnd1ags+wir58OKSS262OIUCPDlpSYRiAAPmT7PUPGixwz849EQGi93AED0KpVBCzIexQk6OMLM/dIiO+Iph/ZriRLYSR/mZye8ibfhq0cdUNUpKhO63IzEAUBKF6k31yIWCByByU/eHLrkn758Y3eHpHNc+r5chRgNpH+U2e15kXqywz+N7JzG5NltKkHjqU0xiWCqDKk8AT7Shy/dFHwiUp0KOEoBPuN+c1HPBF4E7k7rQNEQG8PVbaXi0pHWKZPMJUkz3ZT3a0m43jCICWVXmCp32lu1WofsQIUR3+5FqA9tBWkNqJ3FUfwe6qxOQCqDyTMX9deyqXUbQFylXHK1lO7eVUijaDye0WMdJVF2zBt3RXSIfeicjKRvgqPsAobm1AkQVpHERB1tqTVjXnCAdyubWDjAYPD8SqrAbYcKsqmcQD/mS37gKt2sM4SVZEZVboEiO5Ha8VUpi9uRPYcXyQ24Z3RJypnupjB7U64R8nxAMQStMDzC+VB04gR1vCR4/kGR1tNyaafUZlokC2pEc50HdUnFz/AGbn4595pbDYZQV2DCRM9hU8hmOvnTD+zlrgpfWkj6iVIAPmhRv31UdEH9qs4wPVHZSmAChaecjxgamt4x1pKfScSe8e+q5/COCIClWN+unSNyzr3cKMtp0pgJbUmJKVKzAeG/8AFQgTjz/aOiMTHLynzUurSsEh9ZGsBQA7swmT40u+60VQp85pgID6jH6gsPGlluYhMjqUZRrBIHCwRNPMvLtlSlBmT2Sq3x76ctIz5o6Oju2Eei0vCIIADq+E55HkBIoSsG0VEKlRjUHN7IPhU8bh+s9JLajmsCMxnccoitdQsz29Ps2PdlXY1AdqYOj7euCB8iR/dD8B+NZQcp/vnPwMVlWaJ18yppbfP2Vi5g2we03PAlKz8fOty2P8O6EOZb880UkcECrMXHe4u9jykT3VMrWkXKyTcEt5wnlAt+1SkbVWCYud4GfJHacE2WoqF466fUBajM4tQuG3AN5HVif2ppFD5mCRYR6LaYnd6RiaIcIF8weKyfIXHqoEDNAgDEx1thNrxiFDKVQJ0zQb9xoS8g9EeIkz4itpYQoaJhNx2QfcYNBAUJ7SuYKRHhQAAwQuOZ8fxsWnQsGbbohZB/a91QQ+QIKsvcsgHvjWolpK1AqUAR9UnxGoHqomIwloChpoFx5j1U8DAqzSA+k9c71JzM5I7BHdPhF70riVPo9FjrOORsD2rrY2YqbOOJA17cbuXtPCjKYV9Va4/wAaiufOT66n0joofSLgRG2ecKvGPe1KHMxMC6kE+CkGItQ9oJxK4g4hu8zLZSLfqK9tHOPxMkBkyDZXWBAN7Xur1Uxh+tJhaI4kPk/wTPd50+GQ5e6vcdAhwa2d4PKfRUqtnPIMuOvLtmHVwAeROs8hxFCzpUBG/wCqesJHhnGTyrpupUPqhR4lflHZuarMS4lSoWywlSbjrACvWxEiPbTNfpXe3kFY20OeZjVgQNmA9Bcq4PvCwWQNPRTJ7vnY8aOyFJIPWt5RAhtCAsk6AkSKslYMuJ+cS0sHQdWi3mk+qkWNhoBJDZVPEAZfuhK0+yppCP0iKtMzpx4AGeIEJhTDhTLiSsE6HJHLVSvdSRw7qVHLg0REgtpbHjnKrnuplezkBJCW8QB3TfkSqwojGzShMXA0HVtCT+uSamlHXsUnesyIN+YI8ndawlsGHR2luZVEWT1iEge2POn8BilFR7ZVbQutr8oM0i5sdYPWNLKTvS6de8Em1MjDYjL/AGQ0PzZ9nY9VqBLTqUqBjjILb9hEeCPiWHFGVzbchbhEdwtPjQ9n4UkkFppCInMUqKzwHpqNTewjpvnJAG9JF94hJEnfM+FQ/pCFDXuLLp3ayCAB30oJ0YB80n1RAg7pjkmUbPSskKK0JGhQSj2CiNpUkEBQy/VPWq/i0PwqsfeYUoFS0g3kLkXG+CTkHhS2Dx6Q7kIYSIMK7QHIfRkkHiN4qFrokymbZ6tQw0SdRBA8wrh9zExKXGjyUQD4nPB8IpNrF4q5U1lH2mwnX7ueb0ZSyppSg/gpG5ecqV3JypjxpNraMm7mHNtUZhyjLmVQa2cBy/ATmjUpmHsE68TyMJgvPEAy6eMrQi2v2PhRldccsJRc3nO5u+0nTvNaTjEC4UQY1MhPl2aC7ikKTEnWIXYEjU5yFgU0HVyVRa4n7Y4+8cgrDK7wb9dZVH1eG/yv91H/AI6ypobDw/KXuNo4f8lfBliwAjnmv3XNRewTUSAqd2cKXHhIpWXSLJaVxyn1D1Uup1wEjq8tuBMe6lDTr5oAOJ+7mOuSYdUhBAAfMncFEfvSBakMStaVjqmnlEmSQtVuRzSRYTMb6YS+/HZSjTWZn92KTXjcQTdKtLdiE+YWqrWtOXmr6Qh18Hx8wI8021tDFZh8y2iRZTjjhJAO4Rc+FDa2m5MOOK7UmE9WNDlOqUkeBoLjizMuJBEaqHfAC0mKaQ6tQIcxiyLGFKQR5hIIP5ilLQMhz9j6KzQpgGRGGEnznlKKNo27N0m/o5zPG/LuoRx7gBKM9wDGVuRbSFrgd1RdV2TkcC+Vyvzgx5UkywtJPaWneQTmvwHYt40wYISMY0yR1ynkmlbQfSjL1TijqSOrTv3ws+VYvHPkShoBWhzqKY/CSK57HNPZsqc8kyPnzl8ZV8IrSWXkjKTM7w8LcjFx66fuhs68VqFlZAvbJ2/8gFYfLsakhPVpA1m658d9Lq2y42SVsuC+sQO65orOHf7I6w5T/myfAkiaaS8UpKVOL4EqcbgmdAIPCjdqHh0UxcwfxadcEg+vqqxG3WCofNLUfvH1Akinm9qpj6J2SZ+cUsJN7aCZrF4wSQXimNQhaf4UA+FONOEpCkuEg/bUtJF7Wt66Jwv9UlQtzYR/5u9oSv8ASTIVmJWgx6PWqjkeY8qk5txokZXLD7eU34gWJFNKxKyQM7YAvJMkH9Qil3XiRK3W/T0laB6yZPlS3Zjn+EgDCb2n/af/AFWYbEqUAoOOZTJzHJ46eh50yvEWEPIjmbk+JrWHxJBEOZgbfNrFhusdPxVMYhwlX0kJkx1gOmp7E2HOlJHUKsgkw1o5X3xqxy9ITuEMGbnjcmDxgqiKmodoEgk6XA9lU7sGFAxHOZ3cTfwoKsAoyUqDdpltaEGd+rX8VDQGtVupZk7Or1ePuEGYPCQI9is1aXlym7kHUE9nvjKZ9dc+dmpy5i6Fr1hbyvaNKXONdFkJaCTvzOOJPK26j3epWNswcIBmNkevoui+WMogIS4okWCGgfKEQKMjEFRgofHOEACeQXNc/ijiZCVLCYiQ2CoJtMjLO7cDRGcW4laQlZUkazqT9YcRQ7sRI9VH2HdN9x/QCvX8OrKQDkJ+sGgI/HN6WZcUOyp3PwllB9gvxtS7mPI0QTvMrQL+JmNOFIYraqioTh5MGM+UAeOcx51GsPUftLTs7nfTAP8ArPP3Vu7tFlA7agDxORE8bC9LPdJWxBSlat2hjzsDVWvaC3BBbSALW6z1EWjvNbSTGbIDGhDQsOGaZ/FTik3NXtsrG/eL993L8J7+sY/6d38LfxrdU/y5f5R/+63R7purn+VZ8Gz+3mVeYxpBF3HUGdZXrzgpmoNpOnXk8io5jyAN6pXukazJlKwo2K7xoN8JNye6ju7dKVKumCAZvxuox3i1cv5vZYP1YbNsXXXjO6br4V/yy0gQAPEj28MYnwJuFpUDdw217Wg7t386h8qSvs5wDoAe1fjGYm1UGO6SOhKC2mZ1VqDYkiBHI+elOo6QQkZlpBI3C07xp7LUWdq2RxjS8TcOYmfBKezbSADoidh54Ec1aFsZYJmBrKwSeMAcaWJv2W80aFZcJ+Jqrxe2jlzEpTmHZGS543Jtu86Vb2ypRUEqUniREcBH1hMiltPa9CgR/KRP0wQN945SraPZlZwJJgznI8h1sV98oUoR8m13yEz4ZqJOWxSUxuAK/Cw9dUeG2kv5QCVZh1fay5rwRKoH1oUdOApjH7dcKMpSG1B5KAUzM5pKSrMZhIIPEmszu3KckNZI3kebTu8CtDeySQATE6gTmRm/ZqGKMjajbUAB2L2ynedJN/CjMY0qKgptQj0Q42BB1iCq5rkn9vOKACwFQuSbgG1kx33nlXp7uFbWC6MNhMiwFIzIPbJQkmRPFd+UcaNTtym0ToT4nZraE/yoPwJBzJg8IPUrn8TtEIMnIk6XU0J8x2fChN7SQRPXN8x1qLb9YgmAedqc6UdC0vk4jDnDobICgBnROYZ20wElJKkqid8DnXLHZjSG+rUWlLJjMm/ak8dBA9VZj/1CAfsu1Xz+vCUfk7Q2Jv3IrrzbqCsLhQURJVPwJM8LAEa1Z4dCCEpKG1WuZGYn7xM61zGHZbLViAqSDfQSYPsHdTqcY2AmSoK07BIuIkZZju4UKPbzmjRrM0jrFx63LRVsZiKbo614q/cSARLSbmBlUr1lJy+GWpLQABLbYJ3SPV2CSe6KpkLbQlRUJBNoUpJn60wb3mjpZDrzCEqcSFBaiC4sRCQU3nj3V0bN2xSrAZOMXSdcYxGcnYudXsTmSb4Ge4ThpEjBNnEqbsOqQOPzqvMdj30RhpSu0FSOPVLy+EwTrxOlNOdHkCB1zit4AeWN99TSG0MGGzJLusEl5y8AqCR4SeNdHvhE3Dxy8QFl0ZgNxO4zx90Vtu8Bbc3+oufKbedM5mxYpWT/AKXxUfdVI7jEhCgOvSpKSR86rcL2KjcaUhgNpFa2wsukf2nb1gDtaSBJmsR7WsoN7uF/G4ZX8VoHZ9odkRwk7vRdT8kEkpaTlOstC/M9rTdUVrUgGEg8YbWAOA1ItFK4vFIZSV50EkwEoWpWlj2LftGmMBjw56KgVlMwtO4Hfe4nfWwWmiX6AeCTlKymjV0S8tOiNYI47NqcQRoDci0LAjnA07qEywU2M6TmK1kG+/timQ0TeSZggogz3JJiPGoOYbhEjULQg68RPvqyVl0hhPn11gppJiwDh5mN/wCd9bKuyrsoTJvJkER93LFKHCOdr50Rr2FAW36Zo8KLhsAoCQpZCgIk7u7L3VLkDoRMjn7xyQFYPQiUmIhLjmTwQLTFbTs5NjlRO/sTrvJWZNPow7gJ0gDhb21iELj0hJO6/uMCppKd6ciFL5B9z8KPjWUL5Kv7Y/a+NZSyf7kmnt5D2XAHBGI0VbLBzAAk3JIkWFTSgTHbnW0iACZveAeFbxbSkIC1AgwBIVFrwLfdmjMFKkFKVBBWkCSob1GJ1NuWk187LjEr32iJhIFwoCkAkZRI3xvIJ58opnIRCr5lAnKRm0mNNEgAnU0/gtlrUlICFKJBCzkdOYbjnIgGItwtQGMFiiCpIKSOxClITIAIUbkRHv0oac4IimTt3KmQVuKyIAUT2iAI09wmnk7HdCVK7AKTdGdMm2oUDlPgZraMP1KgnMjMT2oUFSCPRMHWjK7CcrgQUlZElKsuhkCBBy8uINO5xn6UO7jHrrraLAFTTpIGYBC4zCMxKYIg7vhRcd17nydJb7LUDs31KbmNbAX5Vc7A2Qkusr+U4eL/AEq0tkyCkJyKIKr8OVenM9E1gdrIoH6oVlT+EJuO+aBfnHorBSnExz8l4X8mdCSgkhAWFFBUNUymeE3ULxvr0Xo7t9fUZENsuFppEN9YlCyAtWdMzCQErSZ4J412zfRxQsGmfMD+GuU6YY75KFoQGQ8AAMoSq5iREDQaz5UO8Jy5oilfAN+5MubRL7a0KwLSVKazJh/PC2QTh0SIEmVCRI0rzLFfKHFAnDuCYJIbKTz3XnXx5VbI6T4z+8bH/wBQo39ZsdE9Y3H+kP8AuqFwBvhah2bXcLmnl7rm2sM+EgdQtUSRmSREnXnS7ez3tepcn7qvhXWDpPjD/aI/2f502ztjHKv1iOP0Ou/7VA2hrbyRz9k7ex7S7Bp4t91xrKFggqS5aOzkVv13bqcdfV1jSw25CZnsr36AW5a10q9t46JBbWnf80ZFouM1q0vpFjRqloj/AEz8fzFKa1N1xI68ED2Rah/E8vdQc6RNqR9C6lSSMoQFybgk51AwbW7q53EJbcUpSi4LzcKMeMXMb7aV0SelWJ3pZ8Un41ju23XIzJw8jRQCwR3KB9Whqx1oJEOceJKVvZFpP2s8h6rkAtSYM5yZBBCo5Ai1jXRbFwQxrKglsJxLAKm4t1wEqWzGmZKQCkDmO6zb24UBQxDIU2oZesaWRkm0qTlUSm+7hTnRL9HuLCkYvCY7DrTY5kKcvyMCQRwOlTSDxpN62ZQsdos1Si/ReCDtHlkRtBjJcV8qC1ZCBCrk5TIMzcG2ot3Ct7Ne6glSV3mJEGDEEAm3DwNe7L6DYUjMvC4dazdZSjU7z4mkV9CNnGxwjY7sw9U0G1NAgiRwQNn7wEXEZrx97argIWtRBSOyQQZIMgGYtu/N4L2ySoqBUFG5SBYWAGgiNTrXsKugWzzqxugdtdhw10oX/DbZx/sl6RZxffxq9tsqgRpu4ndjjhtSGxNBnRGEYZYxxXl52zlUC3KezFiLkK7VlCxIMXEUrjdqPPICkLNjBvBB1nhwE7rV6yr9GmBylI64AkE/OTcWBuJFjFLL/RRgyAA5iEgEWCgRbkRUNrqkn6zfjeYN0Xib8OpSiwsBnREjPPXivOcNtRSAlKpVEXBUVcdZiDwMmd1ExO30hBURDhTAiTv+sJEGN969AP6ImMxUnEvidxCCPYKrMT+hsk9jGnvU1JPGTnrQztO0tEd4YiMvaed2Spd2dScdLRE7+sdS8y/pVz7avw1ld/8A8F1/9Yn/AGlf99ZU+YVv8rv9ne6u+FH9g5KWNbwWHScyG5bKUhKWklwTqMrilKtMz+S/idu7NaEl9xw2hCMiTyEISmDPE15vtF/DkhbIWn7QcKVEm8RvI1maOxt51LaEgMmEgJBZbJMHVStTwmub8OCBM9cVu+IcDdA3ADyhdfiumbKWi43gz1Z7KHHFqX2o0JVmRO+JmAa4PCbRfbOfMpIC5JSlM5otAiBrHCJojfzrxWpDZWpVmkoWUncIQgg27+Nek9E+hrq74vCYdtqQQ2MwJ5lGYxrvIPKnhlMXBI51SofqPNeavYltx4uDriVnfk7SjGYSkbzMQJvXY7G/R5isZ1an8+HaSlISFqK3LA+igjsAzME2jfXp2wui+FwkllsBX2zBV3BW4chV2lBPGh3upL3QzVJ0e6J4TBCWWhn3uL7Sz+sfRHIQKucViktJzuKges9wqn270mZwqbELX6k8J4mdwry/b233cSokk5Tu3x37hy9tVucG3uWuy2OraTFMXZnIdaheuj6XdPc6FNsqKEmxIPaPeoewedcIXl8Qq0XE+upMoUL5a2RcymO6sz6mn0F6yx2Blmb9GOZvn9bPNLLtcpHhUkuDcmjrw6Smb/gpdGGJE3igCCFoIe11w8lNHlV3h2s+VIXBnX3H41WYTZ5VB3Tf876ssNgS1dVt8WnkBxrPWc3AG9WNnApvFFpCTKiTMKCR5zupN5bCoT1apm6pOngd+lAaZG8a06wRwqmA3Mnkm0br0jiW0wUhqCd+sDluoDOBPCfGukyJEdnWinDA3TPnS/FaIiOuKUloxCp2MDxSPXWYXC4jCL6/AOKbXqtoiW3ORSbD8wRV2l0jj7a25io3UrLXVY6W9b1mtNBloZoVGyOY3db5Fy6Doj+k1nEK6jFJGGxIMEKshR3Qo6HSx8Ca7t5pKvSA79/nXhu3cKziEw4kyPRUBceO8cqBsHpnj9l5W1//ACMKLQqZSNISrVBHAyN1t3as9pbWEEQdXt7Yryls7MrWb6xe3WMRvA8xduwXtjuzyLpM8jr8KBpYigdFumGEx6ZYdGYek2oQtPh9YcxIq+UlJEET4VeaYyWBtU53qqTHKphIoruz/sKPcfjSLqVJMGRSGW4q5pDsCmfH21FKTMBV9fyKBm5+r+dDcYQogqSCRoYuO5WopZCMFO9Uf8Xka1SsD/F/uOf91ZRkJfqXlOw17DypaGHxeIWdCUKKjbclCoA5CuvR0GwCkhScFkJ1C1qCh4BRE+NdDsjY2HwqcjDSW074Ek8yo9pR7zT08KDqk4JWsjFVGw+jmHwo+ZYQlW9ZOZZ71ETHLSrTq1Hh50dvDk61VdIOkCML2U5VOamTZA4qVu7hf20A0uRLgE/iMQ2wAXlBIM7/AFRvJnQVwnSzp+SC2yMg017R5mPQHIX5iuZ6R9KnH1qJUSZIB0EcED6o56nea5eN++iXBtwW6y9nvqkOqXDVgT7eeq682TmJUsyoyd/LuG6iYLDZlRNViQeNNYPErQZSrzrJUBIJBvXrKBaxoY1sAbldP4UoGpvuN6pQFExT4x4PpSfz308y0gkEFISL9/8AOswcWD6gtB3pdjZEgSSZ8PfTzewNJVCd87u6mkuobEJ7aj+R3Ck8TjHCIsDuy3jv4ms/eVXm4wklxwuRsQtLXYaTB+0dfAVXZSfSk8zrW280ySSeNNNPE2imA0BdxTAQgFA4GptuAbvM0cqv6NDLNDS1oplvFBQiAPGmEOAc6rRhxvNEbZvANVOY3JJohWgWmtdVN9aD8lyib+FAxGOQnswrN4CqgyftvVYE4JnqQTaKTxCRFxNFwWJJOhj2VbKS0pECCPrTx93fRLiw3qOfoHBecY/ZCkrDuFUptYMgJJTB4pUPRrt+h/6X1JIY2ikyLdekX/XR7x5ULGbIMHKTOoB+IrlNrbLDgBcSUnQK/PpV2rLbg8aLjPn+fNcW3dkMrTUs8B2YyPseW7FfReBxrbyEuNLStChKVJMg+NHUARBg99fL+w+kGN2W5LS+wTdCu0254HQ8xBr23oR+kbC4+Gz8ziLS2oiFn/Ar63cYNdKLpF4XmHscxxY8EEZHr9rqHtnJ1SY5H40g80U+kmOBmfXVzWzzqssBTtquGN6ob8q3Vz1CPsDyrVL3Z1p++GpVvXI4K/Ar2xUncU22krUtIAEzOg3VU9ItuobSptN1lPog3vaVH6o9sWnSvPNrbbW4odoEpAAI9BEW7I+srdmPPSYpQBElFjX1HBjBJOQ65roeknTVUZUEoRyBC1jd9xPM37jXn2KxpWbiLyI0G+Z3q50VbS1kmZB1nU1H5IeVUPtDTcF6awdjilFSre7VkN2s7eGtLpTNZ1dMfJVVsYVVUaY1ru6IQ0Mg0w1hBRENkbqZabql1Q60IQywkCY8qCQnhHeKtmWAbG1axLQnLMgVSKt8IaV6QdIiBPOmsC+CIIvUlNQKXRi0JNxFQ/U2AETerDqwdBWktxQnMYFDsqtVe9tBaTuI76rbTe65IAVauOHSk3MXlJmPKhN4xKk8Cda2vD5iNCIvy186dtMN+5GAtrxqSOdEwOJE3mjYPZE3HkaaZ2fCrQocBePGldUpQQEpe3Are1cSUpCACQR6c+oCuZcwyptrXXbYISzlMgnQxMeO6uaU8sRMR+fOjZHfT9P7S0b2omzMSbA2rpWG9Fag8KoHWgoBQ8QBV1ssqy5YkEfk1XaYI0ghVubKt04SwIMDdVXtDYq1HPZQNtIq/wBkrOUpUm+41sLN0xA3jSua2s9jjC5orvY8jV5Lh8VsZJBSQIOoNcbtrowpuVNSpO9O8d32h669UxTgUo5hB50s4wk7jXVs3aFSkZ5Ky02ela2AVW35EYidR9DcuX6GfpYxGGytYmX2RaT9InhCj6YHA3517hsLbrGLa63DupcTvixSeCkm6TXi23+iLb3aRCHOIFj3j31xjTuL2c+FIUtpwaKSTCh7Fp5Gu/Z7VStA+gwdXWK8pa7DVspl17cnD1GI6glfVk1lfPP/ABh2lxY/2v51laNArHpBN43GFcxIB1EyT3kkn195NJJbV5bqSRiFU6xjyNa5NV1Ry99YbJQszYpi84k4nf7C7ZN6ZbaNHDNRaxk8KISo1iJdmtykhqi5QN1DbaVReqNVk34oShqTWwYo6GxW3ECl0kJQQ7NqIlrfNaQiN4qZRQJ1KErbulUePk/V8as1JgzQH7iraR0SoBCo0EzFQyqNhT4aSFSZim2n0RAhJ3GJ/wDdbDUi8BKWTiVWBlYixroNmslQqvZfJcEyRp384oytoKQSjLF9b6VTV0n/AEhHKAujQsNgZiAdw41WrxYSnMlU3NhNVi3FKXmzmd8eqmMThlqEknyF6zCiGkaRxxShkY5rTrpXKnbJ3X92+tYdlDgEK03GkH8Mrf4Wp7Y2HlWsEeur3ANZIPBMbgrZjCFI4irjZjVpFjzFKBUiAR4GrDAtqy2NxXKquJbesNd5LL0QvrSbFMbxWO4s5YOu41LEoEg2J1O+OdVW0nyVoT2u0YG4f+6ppsDyLlmpsbUIuQi4CZ1NEbxEVanYYUmScpjUb/DjXNYpfVqUgqJI0tY/Cr6ZZVuatNOpTrXNyVoXydIFI7RwaHklDoCgfVzBGhpdrF2k2plOITFjNWBjqZkKzuhERcub/qLhvtO+Y+FZXR9ceVZWn4u0/wB54/hZ/ltl/wATeC5H5Ka18mqyKBQ1IrX3pXVSQaI0NHaccG+p1NtSahdIvCiZZcWaLmXxoQUKwr51nO5BTLzg4VA4tXChKeNbzTR0RqUUl4iam3iqGGqKMNUOjgoUNxwmoGaeYw9HXhhSGoBclLlQOkzTbOCCkza9Hewm8VW4vOJE2mavadO5phFPo2UqeyY50d7DOEyUiRv/AJUjs/bHVJhSSedO4XapWqyCANare2sDJFwzSkmU5gGyblsCOXuqwsRGUz3VNkymYFNN4pATISCa51R5JwWOpUM3DmqBeBWojMNOVWGF2NviDxppe00JhTkd00pjul6ACG8s8abSrvuY32UdUruua32Vm1s4zyo2z0KSqFCQZrkGukiirtLJ/PCmcR0gX6Sb79KDrJWNxzSOs1VwIJF66bF4pLMgi5muQVt0hwlYm/Z0GXnG+nGG8TiO2rsp+rm3+HCk9u7MJRJIlOvOrbPSpMdoPIJNxg4J6NOmyRILs087tV3EpPUryxYhRg8RHCuVxWMWFELBzAwZq46J7Md6wLiE89/OKV6aYYIdBFyR+ZrXQ7tlbuWxEeO4lOHBh0Wxgqv5VPGncLiI+sPE1SzUkrrc6kCFYKutdN8qPFH4qyuc66sqj4ZNpNV2rDq4K8qgrDr4Kq6jNH2R+0fh7ai+VEhI1O/7I3mPZx860dwNa4Xz2p/YOJVKnDr5+qiJwx5+qrp0oSmIsPX8SaXCSLnVWo4DhPL41O4BzRPbjx/AcSkuoPA+qhuYZXA+qn225M7hYd+hPhp51rGCRlGqvUPrH2DxofDwcVPnj4+wcfwq5OHPD2Uy2z+ZrHGxlJPC9SZSQkAm+qu8m48NPCobNP8AJH54/wDxjj+FNNqIXTw9lI5+0Y3dn3k+ZA8KI4CChJOpnwA08yKT4Ia0B24f8fP8J1tf5tR+t7qrMQ7lQs8Ek+ABreGb7MEgxA8t3roGwDWlPbRJ+wcfwmMS7w91U+KKiYimwbrF/S9gHvqJd+dQOIX6svxqynZGtzR+duyYOP4WbPxZQnKUA8daO5tBUZQgJvfX3UDFWE7xB9YNbd3mdDe/OibHTJ0il+dPn7BzR1bWcCewgd5k+NJI2riIIyjW5vbf76NhEnJEHsqUnyUQPVFTjKoifSAV5dlXqy0RY6QkQl+c1MQwKpxDbizeSYnfQfkTlpTE2BKTV68cqkmbpInjlWcsxwCsp86exLAcbKQRP1VawoGUnwUBV4ptEJXdrVSZLRz91zn9GFKSonPAnsiQBvmrTCOOoyhLeVOpUb+V7WpvBrC0hQtIuOBFlJ8CCKzZ6gkKaP1Lpk6oNk35GU+A40jrO1wh16nzirdDGx4n1V4yppQzF2+hud1iKptogLVkSCsCJvFjy8K0pvq1zIyrISeSjZJ8bJ78tFdYVZSbqTMD7Y+s346jgQKzU+z6bHTpHiPQBK3teu2SAOd3MK1Z2rlSlJTlUQYHdzmNK5bbuDddc6yAAYF1C3M8BzroC0hxsHMYUJBAuCNCOBHDvBqOEXmBQqAoWPAgixg/VUJ9Y3Gno2GlRcXNmd6rHadUTotaJ2H/AOly6+jb4BOUaTAIJ8BvNba6NvEAjLB0Oexrp0ZkEIUTGiFfwHnwO8DiLsOMKR2kglJutMT3rSOPFO/UX11aASntSvs4Lkf6r4jgn8afjWV1n9I4b/qGv91PxrdHu9hR+a1tnD8pJx4pFhJNgOJ3D87hUWW4nMqVG6jz4AcBoKiykqOczpCQREDieBPwHGo4s/USbnfwG89/DnSLCNago5lT9VOnM8ecXHf3CoLJJAmCfVxPgPXFTUYGUQALVHDpkZt547hu7p18uFMEEZKYAA3CAKSQoklW42T3D4mT4ijY1ywT9qx7vre4eNaK7acqG1E6kBwkqCd3pHmB6I/FHkam+6QJNgAVHwvUMOqe3rmMj7oskd2p/WoeLXMA7zPgm/tjzoxfCGUqOGb0G/Unmbk+ZNEJlw8EgDx9I+rLUsKiSTQ8MZBVxJPhu9QFFRaxaezHEpT3yoT6pptob/z+bUo9qgcVE+ST7yKeZHs/PtqHBQZqtTor7yv3j8KxR+dbvuX/AAVjP0YPGT5mffWOiHWu5f8ABRzPily4IuPBLa+OU+w/Ch2MxvvTSv5VX4JRKGzvKE/u0BgmOKawqrrHMK/EkD2pNTfF0K07WU9yhH72WgsqhY/xII/AqR6nD5UfEIKkKtcCR3i47tKbNDJGKMyYVHaBTO8fk+yp7NcKkCQAbhX3hZX7QNQZWFXmQbjuI19dZhnMrhTuUAtP7q/WAf1qUYFNqK2EFDyk7ljrE94gLA77K8VVHaANnAm6LkD6yT6Y8hI5pFE2i2SjMmSpBzpHGJkeKSR4ijYdaVJkGxAII4ESKac0sZKRAKDPaQpPqI3H30LBvLgoUZUmx5/ZV4j1gioYNfVqLJFgMzf3SfR/VNu4pouMOUB0ao9IcU6qEcRYjuI30IvhSc1JL5bVM/NrVBB+qs2B5BRt9771NYllSoWmy0iU8FDeg9+47j40IOpUCCJSoQeBB/OtSwuJ/slk5kiQT9ZOgV960Hn3ipMqEZIzKutR9oEXBsRBvcXCgR4EVvD4tYORZ7QFjpnA+tbfe49xpd9PVqLqT2T9J5fSDuAg8oO67brOdMk6GQq0pO4+sjmCRUQTHyjmPL+VZVd1WI+3h/wOf91bqQVJUDqaUa+lV91PtXWqyqgrHZJfG/RufdV7KsV+kr88K1WU5QCTe9MfcP79RV6J7qyspdSiHgvQR9xPsoOK+kT9xf7yKyspm4pckxhdD30rs76FH3U/uit1lQdc0dSnifTb+6v2t06j3H3VusouyUaqjC/Qp+6PZUl/St9zn8FZWUdaX8eisR8PbVVgPQT3Ct1lAdc07setiPhvpE/r/uCnm/hW6yo7BK3PrUl9kfRt/wCmn2Vjv0zP3XPa1W6yifuKn8R4eitm9B4VWbG/5dv7grKypkfBMfuHj6KT307P3XP4KeV6SaysqOwQbiVXbI/5dr/TT7KO9/zDH+i7+81WVlQ/dxQ/gPD0Vyj0VfdPsNL7D+gR/pp/drKyhkicetaJWVlZUQX/2Q=='),
(39, 'Thats the Spirit', 4, 'data:image/png;base64,iVBORw0KGgoAAAANSUhEUgAAAOEAAADhCAMAAAAJbSJIAAAAe1BMVEUAAAD////4+PilpaX8/Pzw8PDq6ur19fW1tbXJycnX19ff399qamrS0tLBwcHt7e2WlpZ4eHheXl5kZGSKioq7u7sxMTFWVlZGRkavr68UFBSgoKAsLCyCgoI4ODjb29sdHR1ycnIiIiJNTU0MDAxCQkKYmJh9fX0uLi7J/NhyAAAJQ0lEQVR4nO2ch3bqOBCGDTbFGIPpvUPI+z/h4hnLVZKl3MglO9/ZvefEOGR+S5omgWURBEEQBEEQBEEQBEEQBEEQBEEQBEEQxM+4B5u6TTCM1+k86rbBKLdOp+PWbYRRJh+FTt1GGGX6Udj5yytxHwrsLOs2wyAbULir2wyDjEHhpG4zTHDfjk+BvfNB4XS4OwSz+Xlft1W/xCZYXXodHt2+v5ut67bv35jbF540J/of6LnLtqqcuSJ1Baa79iU68wlXipj+V5tG8rnsiwZudDqNRCPrzus2XJH9YZCyvevbixlTOHyFN7xWkSZn+R7202N9GddtvApf3cRi7xBmaIvoJ/fM7jlPoqFbWNbxtkq5Wq/x4/hOrPWW33AJw3xnkBmfcTTOC/hpPuzGkzV5Dk3kHAcHZ/eKrj3wgv/M3vqMluM2+nk2ipfroUqT9fhi+npBfO2Ko7Mq3r3CdXplP78m7Nf7DY0d60s0zwbp4uHScT7XhrxfGKJ3SS6cY42NHEZ0mJ9/7PTVAxgsyLVR0FfqyoOFEv9u0NSfYTPTMo7ilR+mLJfMUgTeoQv6DPugaXWyG0W4d/YyDEn3KPqtI4z7KHPtyabqzIihP8VDo0bX7OVZmancG26RxID/O3Vw7IE7KfoHSN6kvTXIzvu5i/fogTWmGXDGKO8UUq4TXJdm1Ee45Z2/vAonvcN3wdXzERhaM90WXukrDMSON4gQWsNZ0QiJ9x7Y4hXdO+ajJb0KbL8tCtffGHuaMFH7YAkvIMAaKx2FoWCtjiFoZKJlPWBI8ziv4OiU5tEYMjkvLDCBKKzRigGXwBVoLYuxjgvETF6XeIwS6w39AWbKT95rYPmp/D3A4/q8V2aY3QgThgqYown8eACuQqEnenWEDulLuMYr4oqBkD+NZsKhyeOLE58hzNP6HCq2CwUTcSVaXgVgwXIKyBB0ZHW1b8AyYTiAcP8SvJjhzA/6QFhAf9ZBPRsA3x2JZdY9fHGq9k7wMAT+ZN4pzW2NcZFmnVAgKO4yQb10E7yIhafoVZNgWi1caLbyMoymuy16FQqNgb6B/8qzK/eVrtjLFthIJ+JWutzNAemkI87JIF1VbLZcZQua9Xqq7r/hgxWnxRDGxUbnCB9H0lbkvqyS//0qvvyxYz6tFO/jdyvWl4xFDc5mIajqYsZaa2dYEta5vQ6zeGVBaimfxDm+ShzvWpY8GQE3W2QJCwQL5dLuLQ0XVjTIivnDr+CFqZQ0nINJyjtlc0lmCuwrHkRchdKyzVXOSkNepZmZXe1KHJVnZHDLt+ob3kvDwb5Sd4qxUN6ACV2Rc1V9x2f4htxWSAx0HauqhVcK2T7EcG5zg0t5frCGWriaxAYeeJkXmeply4NyVzkp80a/R1A+pSwr7G/01N9zUH47nmuspBTuZxz3/jUf38aFY3g97qCsN+Pbbb4tJuS94pDfH4vbbfxI6k9Pox77JzZJufacrTx2HKbrDdNpV1Hhxh7F52z67jIba3IK14E7Zff2RgdcfSeVufMbrFjGuSmcW3NWcQTMKbzaheOJo7Trzyh8F477TQ8fp7WHirQCXwMDsbXmXt4MwN8mJscL6zrk3ttLsrrU7csB9+bdHp+t+c7iDefKhGtGCBYUaV8aOIIjiR2PVUyxp9n0uTd+cE7b8F3MJ6cgzU/mXM9f2fZuNUpdCSdSEg/vyUm9wQWE9kEFao52slk8xLYTnAjou8PPG0+8bnyzC6Nr+ljYMzOHLssk9dwG8bx9RzlN6F8f7Bd69uZpgbkH6zs5ewrJH8tpfDZe7i32RPv5LrOGTU/TcepvTfKrfsMsDLDVeGTtzs8AYdceFEKZ9M2GK0xHoVEz+jwWPJNzyIeT9zT5q6an6Sr+S9yjWYsp7mueYIzOUZhOwlii0LKOLk6/UVTh+tF0nvCiepBINOxNowkj3n6egNUO3Ldd42Lz4imXVhgVvmGK+2Cz8/OfoH44xy7I7IkwZoqkfE897TGuzFSdlVVobQdwyCGYxwp74pKFLV2zBQY7fSgr1JaxQhzwdLacU2idwQ85u/g3ZGU1k2g0N41cibydcOikybQU8wqjWpMh6TCHXMof7z+D66qsS+injM5WDAWFsBYdlhCU7BNi3mY0XqBrLPXX+9RR7+zWRVGhlcpuS/urGKtMZt/oRSSN4Ai2FAsNOY7Ce5zQdcsNwNmhY7Im8LxVNhBi157zHByFybJVOIuIh28MJm4DtSEMazkcmXxDjqeQDeJApa0Dz9hcRHworcIQthLzT5unkNUpSrscY7ML8Ys3LHxcGMTC0+AqvPGfBpe7+PDNb+AqrhaL7YEXWmNchWi10iSNVrjKQvkRGu+OLqHQN+IqxB6T4g6oxlP+AfCs1T5Eh9v8hX18vsKJ8jKMamRTm/qwu6Da5oXxLiRhfIVgteJmIxwmM3W8Zq3jx6DIL+TRfIVlG6RpIK1S3j7X5Fvn8fG3ZvgKIVVS3Bxcm1QIVqt+ziPgPg2+wjN3vAWM1J+GPtehzxXIPRi09Dnb1nyF1sadCE9i5GfvfudXuaEPHNU3mQQKJcxqOO9VIFD/iJK+wpHxBqkCnvrK11Z4bMLXaDw0EkVthUEtxxJzHDScm7bCkcksVBVPI0rqKoRmeN2fDLrq5HK6Chdmy0ENI+THhxJ0FUKHQ3IusxKw66T4eQFdhVj+i89lVoLNrwT56Cr01at/c+zMK6z5Y91GZ6mts8hNAYWBuEmbTeh0FZYfWqwCWxrxs12Pn+Q00/q/XuG2E2cdy6we/cz7XHtGU8Io2zPVV9h0jjlP+PcULnNp5d9T6OfSSrnCRny/gCawWZU67i1VOFfsNjeJVz4bkCqctHD+3kBhapdBpvDq6JwqbgiY0aVcjUxh2K9v6FdgidFSOGmjm8WzTqmUTqaw14ByXp/wTGH6k6QShXh2qHXfS7vIZeUShbMmlII/YL3MtCAkCvHQSd3f1fLPSBRq9QqaS+kYVr6t9NtIFJZ/LrUVyKJFuPNvbHO3MmQKz/3O5VqpNSb4e/VhHlLYfkhh+yGF7YcUth9S2H5IYfshhe2HFLYfUth+SGH7IYXthxS2H1LYfkhh+yGF7YcUth9S2H7gO+daf6JExsb5C+ctpFxnTf/8BEEQBEEQBEEQBEEQBEEQBEEQBEEQBEEQBPF/5j95AlZb24mHTAAAAABJRU5ErkJggg==');

-- --------------------------------------------------------

--
-- Table structure for table `artist`
--

CREATE TABLE `artist` (
  `artist_id` int(11) NOT NULL,
  `artist_name` varchar(255) NOT NULL,
  `About` text NOT NULL
) ENGINE=InnoDB DEFAULT CHARSET=utf8 COLLATE=utf8_general_ci;

--
-- Dumping data for table `artist`
--

INSERT INTO `artist` (`artist_id`, `artist_name`, `About`) VALUES
(1, 'Foo Fighters', 'Foo Fighters is an American rock band formed in Seattle in 1994. Foo Fighters was initially formed as a one-man project by former Nirvana drummer Dave Grohl. Following the success of the 1995 eponymous debut album, Grohl (lead vocals, guitar) recruited a band consisting of Nate Mendel (bass guitar), William Goldsmith (drums), and Pat Smear (guitar). After a succession of lineup changes, including the departures of Goldsmith and Smear, the band formed its core lineup in 1999, consisting of Grohl, Mendel, Chris Shiflett (guitar), and Taylor Hawkins (drums). Smear rejoined in 2005, and Rami Jaffee (keyboards) joined in 2017.'),
(2, 'Machine Gun Kelly', 'Colson Baker[2] (born April 22, 1990), known professionally as Machine Gun Kelly (MGK), is an American rapper, singer, songwriter, and actor. He is noted for his genre duality across alternative rock with hip hop.  Machine Gun Kelly released four mixtapes between 2007 and 2010 before signing with Bad Boy Records. He released his debut studio album, Lace Up, in 2012, which peaked at number four on the US Billboard 200 and contained his breakout single \"Wild Boy\" (featuring Waka Flocka Flame). His second and third albums, General Admission (2015) and Bloom (2017), achieved similar commercial success; the latter included the single \"Bad Things\" (with Camila Cabello), which peaked at number 4 on the Billboard Hot 100. His fourth album, Hotel Diablo (2019), included rap rock.'),
(3, 'Bring Me the Horizon', 'Bring Me the Horizon (often abbreviated as BMTH) are a British rock band, formed in Sheffield in 2004. The group currently consists of lead vocalist Oliver Sykes, guitarist Lee Malia, bassist Matt Kean, drummer Matt Nicholls and keyboardist Jordan Fish. They are signed to RCA Records globally and Columbia Records exclusively in the United States.  The band released their debut album Count Your Blessings in 2006. Upon release, the album\'s deathcore sound polarised listeners, and was largely met with critical disdain. The band began to break away from this sound with their second album Suicide Season (2008), which was considered a creative, critical and commercial turning point for the band. Bring Me the Horizon released their third album, There Is a Hell Believe Me I\'ve Seen It. There Is a Heaven Let\'s Keep It a Secret., in 2010, propelling them to greater international fame, whilst incorporating influences from classical music, electronica and pop. Their major label debut, Sempiternal, (2013) achieved Gold certification in Australia (35,000) and Silver in the United Kingdom (60,000). That\'s the Spirit (2015) debuted at number two in the UK Albums Chart and the US Billboard 200.[1][2] Their sixth studio album Amo (2019) became their first UK chart-topper. The same year, the band also released Music to Listen To... (2019). Post Human: Survival Horror followed in 2020, the first in a planned series of four projects under the Post Human name. The band have also released two extended plays and two live albums. They have received four Kerrang! Awards, including two for Best British Band and one for Best Live Band, and have been nominated for two Grammy Awards. The band has sold over 4 million records worldwide, and have topped the UK Rock & Metal Singles Chart with songs such as \"Throne\", \"Drown, \"Mantra\" and \"Parasite Eve\".[3]'),
(4, 'Red Hot Chilli Peppers', 'The Red Hot Chili Peppers are an American rock band formed in Los Angeles in 1982,[1] comprising vocalist Anthony Kiedis, bassist Flea, drummer Chad Smith, and guitarist John Frusciante. Their music incorporates elements of alternative rock, funk, punk rock, hard rock, hip hop, and psychedelic rock. Their eclectic range has influenced genres such as funk metal,[2] rap metal,[3] rap rock,[4] and nu metal.[5][3] With over 120 million records sold worldwide, Red Hot Chili Peppers are one of the best-selling bands of all time.[6] They hold the records for most number-one singles (15), most cumulative weeks at number one (91) and most top-ten songs (28) on the Billboard Alternative Songs chart.[7] They have won six Grammy Awards, were inducted into the Rock and Roll Hall of Fame in 2012, and in 2022 received a star on the Hollywood Walk of Fame.  Red Hot Chili Peppers were formed in Los Angeles by Kiedis, Flea, guitarist Hillel Slovak and drummer Jack Irons. Due to commitments to other bands, Slovak and Irons did not play on the band\'s 1984 self-titled debut album, which instead featured guitarist Jack Sherman and drummer Cliff Martinez. Slovak rejoined for their second album, Freaky Styley (1985), and Irons for their third, The Uplift Mofo Party Plan (1987). Irons left after Slovak died of a drug overdose in June 1988.  With new recruits Frusciante and Smith, Red Hot Chili Peppers recorded Mother\'s Milk (1989) and their first major commercial success, Blood Sugar Sex Magik (1991). Frusciante was uncomfortable with their newfound popularity and left abruptly on tour in 1992. After a series of temporary guitarists, he was replaced by Dave Navarro, who appeared on the group\'s sixth album, One Hot Minute (1995). Although successful, the album failed to match the critical or popular acclaim of Blood Sugar Sex Magik. Frusciante and Kiedis struggled with drug addiction throughout the 1990s.'),
(5, 'Linkin Park', 'Linkin Park is an American rock band from Agoura Hills, California. The band\'s current lineup comprises vocalist/rhythm guitarist/keyboardist Mike Shinoda, lead guitarist Brad Delson, bassist Dave Farrell, DJ/turntablist Joe Hahn and drummer Rob Bourdon, all of whom are founding members. Vocalists Mark Wakefield and Chester Bennington are former members of the band. Categorized as alternative rock, Linkin Park\'s earlier music spanned a fusion of heavy metal and hip hop, while their later music features more electronica and pop elements.  Formed in 1996, Linkin Park rose to international fame with their debut studio album, Hybrid Theory (2000), which became certified Diamond by the Recording Industry Association of America (RIAA). Released during the peak of the nu metal scene, the album\'s singles\' heavy airplay on MTV led the singles \"One Step Closer\", \"Crawling\" and \"In the End\" all to chart highly on the US Mainstream Rock chart. The lattermost also crossed over to the nation\'s Billboard Hot 100.[1] Their second album, Meteora (2003), continued the band\'s success.[2] The band explored experimental sounds on their third album, Minutes to Midnight (2007).[3] By the end of the decade, Linkin Park was among the most successful and popular rock acts.[4]  The band continued to explore a wider variation of musical types on their fourth album, A Thousand Suns (2010), layering their music with more electronic sounds. The band\'s fifth album, Living Things (2012), combined musical elements from all of their previous records. Their sixth album, The Hunting Party (2014), returned to a heavier rock sound, and their seventh album, One More Light (2017), was a substantially more pop-oriented record. Linkin Park went on a hiatus when longtime lead vocalist Bennington died in July 2017. In April 2022, Shinoda revealed the band was neither working on new music nor planning on touring for the foreseeable future.'),
(6, 'Kendrick Lamar', 'Kendrick Lamar Duckworth (born June 17, 1987) is an American rapper and songwriter. Known for his progressive musical styles and socially conscious songwriting, he is often considered one of the most influential hip hop artists of his generation.[1][2] Born and raised in Compton, California, Lamar began his career as a teenager performing under the stage name K.Dot. He quickly garnered local attention which led to him signing a recording contract with Top Dawg Entertainment (TDE) in 2005.[3]  After becoming a founding member of the hip hop supergroup Black Hippy, Lamar dropped his stage name and started using his first and middle names professionally. In 2011, he released his debut studio album Section.80, a conscious hip hop record. The album was met with positive reviews and included his debut single \"HiiiiPower\". In 2012, Lamar secured a record deal with Dr. Dres Aftermath Entertainment, under the aegis of Interscope Records, and released his second studio album Good Kid, M.A.A.D City. The West Coast and gangsta rap influenced album garnered widespread critical recognition and commercial success, while including the singles \"Swimming Pools (Drank),\" \"Backseat Freestyle,\" and \"Bitch, Don\'t Kill My Vibe\".[4]  A visit to South Africa inspired Lamars jazz-flavored third studio album To Pimp a Butterfly (2015).[5] It received universal acclaim and became his first number-one album on the Billboard 200.[6] The same year, he topped the Billboard Hot 100 for the first time with the remix of \"Bad Blood\" by Taylor Swift.[7] Lamar experimented with R&B, pop and psychedelic soul in his fourth studio album Damn (2017). It spawned his first solo number-one single \"Humble\" and became the first non-classical and non-jazz work to be awarded the Pulitzer Prize for Music.[8] Following a four-year hiatus, Lamar released his fifth studio album Mr. Morale & the Big Steppers (2022), which served as his swan song from TDE.[9] He has directed and produced several music videos and films with his creative partner Dave Free, with whom he founded the creative collective PGLang.');

-- --------------------------------------------------------

--
-- Table structure for table `artist_album`
--

CREATE TABLE `artist_album` (
  `artist_album_id` int(11) NOT NULL,
  `artist_id` int(11) NOT NULL,
  `album_id` int(11) NOT NULL
) ENGINE=InnoDB DEFAULT CHARSET=utf8 COLLATE=utf8_general_ci;

--
-- Dumping data for table `artist_album`
--

INSERT INTO `artist_album` (`artist_album_id`, `artist_id`, `album_id`) VALUES
(1, 1, 1),
(2, 6, 32),
(3, 6, 33),
(4, 2, 34),
(5, 5, 35),
(6, 5, 36),
(7, 4, 37),
(8, 4, 38),
(9, 3, 39);

-- --------------------------------------------------------

--
-- Table structure for table `dummy_table`
--

CREATE TABLE `dummy_table` (
  `album` varchar(255) NOT NULL,
  `review` varchar(255) NOT NULL
) ENGINE=InnoDB DEFAULT CHARSET=utf8 COLLATE=utf8_general_ci;

--
-- Dumping data for table `dummy_table`
--

INSERT INTO `dummy_table` (`album`, `review`) VALUES
('Test 1', 'Test 1'),
('Test 2', 'Test 2'),
('Bla bla', 'blah'),
('gfdsf', 'nfdsjf'),
('test 3', 'test 3'),
('Test 45', 'Test 45'),
('Test 46', 'Test 46'),
('Test 46', 'Test 46'),
('test 47', 'test 47');

-- --------------------------------------------------------

--
-- Table structure for table `genre`
--

CREATE TABLE `genre` (
  `genre_id` int(11) NOT NULL,
  `genre_desc` varchar(255) NOT NULL
) ENGINE=InnoDB DEFAULT CHARSET=utf8 COLLATE=utf8_general_ci;

--
-- Dumping data for table `genre`
--

INSERT INTO `genre` (`genre_id`, `genre_desc`) VALUES
(1, 'Rock'),
(2, 'Rap'),
(3, 'Hip-Hop'),
(4, 'Metal'),
(5, 'Indie'),
(6, 'Alt');

-- --------------------------------------------------------

--
-- Table structure for table `member`
--

CREATE TABLE `member` (
  `member_id` int(11) NOT NULL,
  `user_name` varchar(255) NOT NULL,
  `first_name` varchar(255) NOT NULL,
  `last_name` varchar(255) NOT NULL,
  `email` varchar(255) NOT NULL,
  `password` varchar(255) NOT NULL
) ENGINE=InnoDB DEFAULT CHARSET=utf8 COLLATE=utf8_general_ci;

--
-- Dumping data for table `member`
--

INSERT INTO `member` (`member_id`, `user_name`, `first_name`, `last_name`, `email`, `password`) VALUES
(1, 'test1', 'test2', 'test3', 'test4', 'test5'),
(2, 'aaron3112@hotmail.co.uk', 'test1', 'test1', 'test1', 'test1'),
(3, 'test2', 'test2', 'test2', 'test2', 'test2'),
(4, 'test6', 'test6', 'test6', 'test6', 'test6'),
(5, 'FooFighter95', 'Dave', 'Grohl', 'drummer@theback.com', 'everlong');

-- --------------------------------------------------------

--
-- Table structure for table `member_collection`
--

CREATE TABLE `member_collection` (
  `member_collection_id` int(11) NOT NULL,
  `collection_title` varchar(255) NOT NULL,
  `member_id` int(11) NOT NULL,
  `album_1` int(11) NOT NULL,
  `album_2` int(11) NOT NULL,
  `album_3` int(11) NOT NULL
) ENGINE=InnoDB DEFAULT CHARSET=utf8mb4 COLLATE=utf8mb4_general_ci;

--
-- Dumping data for table `member_collection`
--

INSERT INTO `member_collection` (`member_collection_id`, `collection_title`, `member_id`, `album_1`, `album_2`, `album_3`) VALUES
(1, 'My First Review', 5, 1, 1, 1),
(3, 'Test2', 5, 1, 1, 1),
(5, 'Test2', 5, 1, 1, 1),
(6, 'Test 3', 5, 1, 34, 37);

-- --------------------------------------------------------

--
-- Table structure for table `member_collection_review`
--

CREATE TABLE `member_collection_review` (
  `member_collection_review_id` int(11) NOT NULL,
  `member_id` int(11) NOT NULL,
  `collection_id` int(11) NOT NULL,
  `liked` tinyint(1) NOT NULL
) ENGINE=InnoDB DEFAULT CHARSET=utf8mb4 COLLATE=utf8mb4_general_ci;

--
-- Dumping data for table `member_collection_review`
--

INSERT INTO `member_collection_review` (`member_collection_review_id`, `member_id`, `collection_id`, `liked`) VALUES
(1, 5, 1, 1),
(2, 5, 1, 0),
(3, 5, 1, 1);

-- --------------------------------------------------------

--
-- Table structure for table `user_review`
--

CREATE TABLE `user_review` (
  `user_review_id` int(11) NOT NULL,
  `member_id` int(11) NOT NULL,
  `artist_album_id` int(11) NOT NULL,
  `review` varchar(500) NOT NULL
) ENGINE=InnoDB DEFAULT CHARSET=utf8 COLLATE=utf8_general_ci;

--
-- Dumping data for table `user_review`
--

INSERT INTO `user_review` (`user_review_id`, `member_id`, `artist_album_id`, `review`) VALUES
(2, 1, 1, 'great'),
(4, 1, 1, 'great 2'),
(7, 1, 3, 'great 45'),
(8, 5, 2, 'ok'),
(9, 5, 1, 'ok45'),
(10, 5, 7, 'great album'),
(11, 5, 5, 'Test 49'),
(12, 5, 8, 'Yes');

--
-- Indexes for dumped tables
--

--
-- Indexes for table `album`
--
ALTER TABLE `album`
  ADD PRIMARY KEY (`album_id`),
  ADD KEY `FK_album_genre_FK` (`genre_id`);

--
-- Indexes for table `artist`
--
ALTER TABLE `artist`
  ADD PRIMARY KEY (`artist_id`);

--
-- Indexes for table `artist_album`
--
ALTER TABLE `artist_album`
  ADD PRIMARY KEY (`artist_album_id`),
  ADD KEY `FK_album_artist_album` (`album_id`),
  ADD KEY `FK_artist_album_artist` (`artist_id`);

--
-- Indexes for table `genre`
--
ALTER TABLE `genre`
  ADD PRIMARY KEY (`genre_id`);

--
-- Indexes for table `member`
--
ALTER TABLE `member`
  ADD PRIMARY KEY (`member_id`);

--
-- Indexes for table `member_collection`
--
ALTER TABLE `member_collection`
  ADD PRIMARY KEY (`member_collection_id`),
  ADD KEY `FK_member_collec_album1` (`album_1`),
  ADD KEY `FK_member_collec_album2` (`album_2`),
  ADD KEY `FK_member_collec_album3` (`album_3`),
  ADD KEY `FK_member_collec_member_id_FK` (`member_id`);

--
-- Indexes for table `member_collection_review`
--
ALTER TABLE `member_collection_review`
  ADD PRIMARY KEY (`member_collection_review_id`),
  ADD KEY `FK_MCR_member_id` (`member_id`),
  ADD KEY `FK_MCR_collection_id` (`collection_id`);

--
-- Indexes for table `user_review`
--
ALTER TABLE `user_review`
  ADD PRIMARY KEY (`user_review_id`),
  ADD KEY `FK_user_review_member_FK` (`member_id`),
  ADD KEY `FK_user_review_artist_album_FK` (`artist_album_id`);

--
-- AUTO_INCREMENT for dumped tables
--

--
-- AUTO_INCREMENT for table `album`
--
ALTER TABLE `album`
  MODIFY `album_id` int(11) NOT NULL AUTO_INCREMENT, AUTO_INCREMENT=40;

--
-- AUTO_INCREMENT for table `artist`
--
ALTER TABLE `artist`
  MODIFY `artist_id` int(11) NOT NULL AUTO_INCREMENT, AUTO_INCREMENT=7;

--
-- AUTO_INCREMENT for table `artist_album`
--
ALTER TABLE `artist_album`
  MODIFY `artist_album_id` int(11) NOT NULL AUTO_INCREMENT, AUTO_INCREMENT=10;

--
-- AUTO_INCREMENT for table `genre`
--
ALTER TABLE `genre`
  MODIFY `genre_id` int(11) NOT NULL AUTO_INCREMENT, AUTO_INCREMENT=7;

--
-- AUTO_INCREMENT for table `member`
--
ALTER TABLE `member`
  MODIFY `member_id` int(11) NOT NULL AUTO_INCREMENT, AUTO_INCREMENT=6;

--
-- AUTO_INCREMENT for table `member_collection`
--
ALTER TABLE `member_collection`
  MODIFY `member_collection_id` int(11) NOT NULL AUTO_INCREMENT, AUTO_INCREMENT=7;

--
-- AUTO_INCREMENT for table `member_collection_review`
--
ALTER TABLE `member_collection_review`
  MODIFY `member_collection_review_id` int(11) NOT NULL AUTO_INCREMENT, AUTO_INCREMENT=4;

--
-- AUTO_INCREMENT for table `user_review`
--
ALTER TABLE `user_review`
  MODIFY `user_review_id` int(11) NOT NULL AUTO_INCREMENT, AUTO_INCREMENT=13;

--
-- Constraints for dumped tables
--

--
-- Constraints for table `album`
--
ALTER TABLE `album`
  ADD CONSTRAINT `FK_album_genre_FK` FOREIGN KEY (`genre_id`) REFERENCES `genre` (`genre_id`);

--
-- Constraints for table `artist_album`
--
ALTER TABLE `artist_album`
  ADD CONSTRAINT `FK_album_artist_album` FOREIGN KEY (`album_id`) REFERENCES `album` (`album_id`),
  ADD CONSTRAINT `FK_artist_album_artist` FOREIGN KEY (`artist_id`) REFERENCES `artist` (`artist_id`);

--
-- Constraints for table `member_collection`
--
ALTER TABLE `member_collection`
  ADD CONSTRAINT `FK_member_collec_member_id_FK` FOREIGN KEY (`member_id`) REFERENCES `member` (`member_id`),
  ADD CONSTRAINT `Fk_album_album_id` FOREIGN KEY (`album_1`) REFERENCES `album` (`album_id`),
  ADD CONSTRAINT `Fk_album_album_id2` FOREIGN KEY (`album_2`) REFERENCES `album` (`album_id`),
  ADD CONSTRAINT `Fk_album_album_id3` FOREIGN KEY (`album_3`) REFERENCES `album` (`album_id`);

--
-- Constraints for table `member_collection_review`
--
ALTER TABLE `member_collection_review`
  ADD CONSTRAINT `FK_MCR_collection_id` FOREIGN KEY (`collection_id`) REFERENCES `member_collection` (`member_collection_id`),
  ADD CONSTRAINT `FK_MCR_member_id` FOREIGN KEY (`member_id`) REFERENCES `member` (`member_id`);

--
-- Constraints for table `user_review`
--
ALTER TABLE `user_review`
  ADD CONSTRAINT `FK_user_review_artist_album_FK` FOREIGN KEY (`artist_album_id`) REFERENCES `artist_album` (`artist_album_id`),
  ADD CONSTRAINT `FK_user_review_member_FK` FOREIGN KEY (`member_id`) REFERENCES `member` (`member_id`);
COMMIT;

/*!40101 SET CHARACTER_SET_CLIENT=@OLD_CHARACTER_SET_CLIENT */;
/*!40101 SET CHARACTER_SET_RESULTS=@OLD_CHARACTER_SET_RESULTS */;
/*!40101 SET COLLATION_CONNECTION=@OLD_COLLATION_CONNECTION */;
